vendor,codename,artifact,path,format,codec,parser,decode_status,original_max_trip_c,highest_trip_type,shutdown_c,hico_candidate_max_trip_c,delta_c,source
unknown,unknown,thermal-4k.conf,thermal-data/oem/xiaomi/stock-oem/zijin/13/firmware/tadiphone-xiaomi-zijin/raw/thermal-data/oem/xiaomi/stock-oem/zijin/13/firmware/tadiphone-xiaomi-zijin/raw/thermal-4k.conf,thermal-engine-text,mi_thermald_aes,thermal-engine-text-v2,decoded,63.0,,,,,mapped-artifact
unknown,unknown,thermal-8k.conf,thermal-data/oem/xiaomi/stock-oem/zijin/13/firmware/tadiphone-xiaomi-zijin/raw/thermal-data/oem/xiaomi/stock-oem/zijin/13/firmware/tadiphone-xiaomi-zijin/raw/thermal-8k.conf,thermal-engine-text,mi_thermald_aes,thermal-engine-text-v2,decoded,63.0,,,,,mapped-artifact
unknown,unknown,thermal-camera.conf,thermal-data/oem/xiaomi/stock-oem/zijin/13/firmware/tadiphone-xiaomi-zijin/raw/thermal-data/oem/xiaomi/stock-oem/zijin/13/firmware/tadiphone-xiaomi-zijin/raw/thermal-camera.conf,thermal-engine-text,mi_thermald_aes,thermal-engine-text-v2,decoded,63.0,,,,,mapped-artifact
unknown,unknown,thermal-chg-only.conf,thermal-data/oem/xiaomi/stock-oem/zijin/13/firmware/tadiphone-xiaomi-zijin/raw/thermal-data/oem/xiaomi/stock-oem/zijin/13/firmware/tadiphone-xiaomi-zijin/raw/thermal-chg-only.conf,thermal-engine-text,plain,thermal-engine-text-v2,plain,60.0,,,,,mapped-artifact
unknown,unknown,thermal-class0.conf,thermal-data/oem/xiaomi/stock-oem/zijin/13/firmware/tadiphone-xiaomi-zijin/raw/thermal-data/oem/xiaomi/stock-oem/zijin/13/firmware/tadiphone-xiaomi-zijin/raw/thermal-class0.conf,thermal-engine-text,mi_thermald_aes,thermal-engine-text-v2,decoded,63.0,,,,,mapped-artifact
unknown,unknown,thermal-engine.conf,thermal-data/oem/xiaomi/stock-oem/zijin/13/firmware/tadiphone-xiaomi-zijin/raw/thermal-data/oem/xiaomi/stock-oem/zijin/13/firmware/tadiphone-xiaomi-zijin/raw/thermal-engine.conf,text,plain,,plain,,,,,,mapped-artifact
unknown,unknown,thermal-huanji.conf,thermal-data/oem/xiaomi/stock-oem/zijin/13/firmware/tadiphone-xiaomi-zijin/raw/thermal-data/oem/xiaomi/stock-oem/zijin/13/firmware/tadiphone-xiaomi-zijin/raw/thermal-huanji.conf,thermal-engine-text,mi_thermald_aes,thermal-engine-text-v2,decoded,63.0,,,,,mapped-artifact
unknown,unknown,thermal-map.conf,thermal-data/oem/xiaomi/stock-oem/zijin/13/firmware/tadiphone-xiaomi-zijin/raw/thermal-data/oem/xiaomi/stock-oem/zijin/13/firmware/tadiphone-xiaomi-zijin/raw/thermal-map.conf,thermal-engine-text,mi_thermald_aes,thermal-engine-text-v2,decoded,,,,,,mapped-artifact
unknown,unknown,thermal-mgame.conf,thermal-data/oem/xiaomi/stock-oem/zijin/13/firmware/tadiphone-xiaomi-zijin/raw/thermal-data/oem/xiaomi/stock-oem/zijin/13/firmware/tadiphone-xiaomi-zijin/raw/thermal-mgame.conf,thermal-engine-text,mi_thermald_aes,thermal-engine-text-v2,decoded,51.0,,,,,mapped-artifact
unknown,unknown,thermal-navigation.conf,thermal-data/oem/xiaomi/stock-oem/zijin/13/firmware/tadiphone-xiaomi-zijin/raw/thermal-data/oem/xiaomi/stock-oem/zijin/13/firmware/tadiphone-xiaomi-zijin/raw/thermal-navigation.conf,thermal-engine-text,mi_thermald_aes,thermal-engine-text-v2,decoded,63.0,,,,,mapped-artifact
unknown,unknown,thermal-nolimits.conf,thermal-data/oem/xiaomi/stock-oem/zijin/13/firmware/tadiphone-xiaomi-zijin/raw/thermal-data/oem/xiaomi/stock-oem/zijin/13/firmware/tadiphone-xiaomi-zijin/raw/thermal-nolimits.conf,thermal-engine-text,mi_thermald_aes,thermal-engine-text-v2,decoded,53.0,,,,,mapped-artifact
unknown,unknown,thermal-normal.conf,thermal-data/oem/xiaomi/stock-oem/zijin/13/firmware/tadiphone-xiaomi-zijin/raw/thermal-data/oem/xiaomi/stock-oem/zijin/13/firmware/tadiphone-xiaomi-zijin/raw/thermal-normal.conf,thermal-engine-text,mi_thermald_aes,thermal-engine-text-v2,decoded,63.0,,,,,mapped-artifact
unknown,unknown,thermal-phone.conf,thermal-data/oem/xiaomi/stock-oem/zijin/13/firmware/tadiphone-xiaomi-zijin/raw/thermal-data/oem/xiaomi/stock-oem/zijin/13/firmware/tadiphone-xiaomi-zijin/raw/thermal-phone.conf,thermal-engine-text,mi_thermald_aes,thermal-engine-text-v2,decoded,63.0,,,,,mapped-artifact
unknown,unknown,thermal-tgame.conf,thermal-data/oem/xiaomi/stock-oem/zijin/13/firmware/tadiphone-xiaomi-zijin/raw/thermal-data/oem/xiaomi/stock-oem/zijin/13/firmware/tadiphone-xiaomi-zijin/raw/thermal-tgame.conf,thermal-engine-text,mi_thermald_aes,thermal-engine-text-v2,decoded,51.0,,,,,mapped-artifact
unknown,unknown,thermal-video.conf,thermal-data/oem/xiaomi/stock-oem/zijin/13/firmware/tadiphone-xiaomi-zijin/raw/thermal-data/oem/xiaomi/stock-oem/zijin/13/firmware/tadiphone-xiaomi-zijin/raw/thermal-video.conf,thermal-engine-text,mi_thermald_aes,thermal-engine-text-v2,decoded,63.0,,,,,mapped-artifact
unknown,unknown,thermal-videochat.conf,thermal-data/oem/xiaomi/stock-oem/zijin/13/firmware/tadiphone-xiaomi-zijin/raw/thermal-data/oem/xiaomi/stock-oem/zijin/13/firmware/tadiphone-xiaomi-zijin/raw/thermal-videochat.conf,thermal-engine-text,mi_thermald_aes,thermal-engine-text-v2,decoded,63.0,,,,,mapped-artifact
unknown,unknown,thermal-youtube.conf,thermal-data/oem/xiaomi/stock-oem/zijin/13/firmware/tadiphone-xiaomi-zijin/raw/thermal-data/oem/xiaomi/stock-oem/zijin/13/firmware/tadiphone-xiaomi-zijin/raw/thermal-youtube.conf,thermal-engine-text,mi_thermald_aes,thermal-engine-text-v2,decoded,63.0,,,,,mapped-artifact
unknown,unknown,thermald-devices.conf,thermal-data/oem/xiaomi/stock-oem/zijin/13/firmware/tadiphone-xiaomi-zijin/raw/thermal-data/oem/xiaomi/stock-oem/zijin/13/firmware/tadiphone-xiaomi-zijin/raw/thermald-devices.conf,thermal-engine-text,plain,thermal-engine-text-v2,plain,,,,,,mapped-artifact
xiaomi,achilles,index.tsv,devices/xiaomi/achilles/thermal/index.tsv,text,plain,,plain,,,,,,mapped-artifact
xiaomi,achilles,thermal-engine-sdm660.conf,devices/xiaomi/achilles/thermal/thermal-engine-sdm660.conf,text,mi_thermald_aes,,decoded,,,,,,mapped-artifact
xiaomi,achilles,thermal-engine.conf,devices/xiaomi/achilles/thermal/thermal-engine.conf,text,plain,,plain,,,,,,mapped-artifact
xiaomi,agate,index.tsv,devices/xiaomi/agate/thermal/index.tsv,text,plain,,plain,,,,,,mapped-artifact
xiaomi,agate,thermal-camera.conf,devices/xiaomi/agate/thermal/thermal-camera.conf,thermal-engine-text,mi_thermald_aes,thermal-engine-text-v2,decoded,60.0,,,53.0,-7.0,mapped-artifact
xiaomi,agate,thermal-class0.conf,devices/xiaomi/agate/thermal/thermal-class0.conf,thermal-engine-text,mi_thermald_aes,thermal-engine-text-v2,decoded,60.0,,,53.0,-7.0,mapped-artifact
xiaomi,agate,thermal-k11r-camera.conf,devices/xiaomi/agate/thermal/thermal-k11r-camera.conf,thermal-engine-text,mi_thermald_aes,thermal-engine-text-v2,decoded,52.0,,,53.0,1.0,mapped-artifact
xiaomi,agate,thermal-k11r-class0.conf,devices/xiaomi/agate/thermal/thermal-k11r-class0.conf,thermal-engine-text,mi_thermald_aes,thermal-engine-text-v2,decoded,52.0,,,53.0,1.0,mapped-artifact
xiaomi,agate,thermal-k11r-huanji.conf,devices/xiaomi/agate/thermal/thermal-k11r-huanji.conf,thermal-engine-text,mi_thermald_aes,thermal-engine-text-v2,decoded,52.0,,,50.0,-2.0,mapped-artifact
xiaomi,agate,thermal-k11r-mgame.conf,devices/xiaomi/agate/thermal/thermal-k11r-mgame.conf,thermal-engine-text,mi_thermald_aes,thermal-engine-text-v2,decoded,52.0,,,51.0,-1.0,mapped-artifact
xiaomi,agate,thermal-k11r-navigation.conf,devices/xiaomi/agate/thermal/thermal-k11r-navigation.conf,thermal-engine-text,mi_thermald_aes,thermal-engine-text-v2,decoded,52.0,,,53.0,1.0,mapped-artifact
xiaomi,agate,thermal-k11r-nolimits.conf,devices/xiaomi/agate/thermal/thermal-k11r-nolimits.conf,thermal-engine-text,mi_thermald_aes,thermal-engine-text-v2,decoded,55.0,,,,,mapped-artifact
xiaomi,agate,thermal-k11r-normal.conf,devices/xiaomi/agate/thermal/thermal-k11r-normal.conf,thermal-engine-text,mi_thermald_aes,thermal-engine-text-v2,decoded,52.0,,,53.0,1.0,mapped-artifact
xiaomi,agate,thermal-k11r-phone.conf,devices/xiaomi/agate/thermal/thermal-k11r-phone.conf,thermal-engine-text,mi_thermald_aes,thermal-engine-text-v2,decoded,60.0,,,53.0,-7.0,mapped-artifact
xiaomi,agate,thermal-k11r-tgame.conf,devices/xiaomi/agate/thermal/thermal-k11r-tgame.conf,thermal-engine-text,mi_thermald_aes,thermal-engine-text-v2,decoded,52.0,,,53.0,1.0,mapped-artifact
xiaomi,agate,thermal-k11r-video.conf,devices/xiaomi/agate/thermal/thermal-k11r-video.conf,thermal-engine-text,mi_thermald_aes,thermal-engine-text-v2,decoded,52.0,,,53.0,1.0,mapped-artifact
xiaomi,agate,thermal-map-k11r.conf,devices/xiaomi/agate/thermal/thermal-map-k11r.conf,thermal-engine-text,mi_thermald_aes,thermal-engine-text-v2,decoded,,,,,,mapped-artifact
xiaomi,agate,thermal-map.conf,devices/xiaomi/agate/thermal/thermal-map.conf,thermal-engine-text,mi_thermald_aes,thermal-engine-text-v2,decoded,,,,,,mapped-artifact
xiaomi,agate,thermal-mgame.conf,devices/xiaomi/agate/thermal/thermal-mgame.conf,thermal-engine-text,mi_thermald_aes,thermal-engine-text-v2,decoded,540.0,,,51.0,-489.0,mapped-artifact
xiaomi,agate,thermal-navigation.conf,devices/xiaomi/agate/thermal/thermal-navigation.conf,thermal-engine-text,mi_thermald_aes,thermal-engine-text-v2,decoded,60.0,,,53.0,-7.0,mapped-artifact
xiaomi,agate,thermal-normal.conf,devices/xiaomi/agate/thermal/thermal-normal.conf,thermal-engine-text,mi_thermald_aes,thermal-engine-text-v2,decoded,60.0,,,53.0,-7.0,mapped-artifact
xiaomi,agate,thermal-phone.conf,devices/xiaomi/agate/thermal/thermal-phone.conf,thermal-engine-text,mi_thermald_aes,thermal-engine-text-v2,decoded,60.0,,,53.0,-7.0,mapped-artifact
xiaomi,agate,thermal-region-map.conf,devices/xiaomi/agate/thermal/thermal-region-map.conf,text,mi_thermald_aes,,decoded,,,,,,mapped-artifact
xiaomi,agate,thermal-tgame.conf,devices/xiaomi/agate/thermal/thermal-tgame.conf,thermal-engine-text,mi_thermald_aes,thermal-engine-text-v2,decoded,60.0,,,53.0,-7.0,mapped-artifact
xiaomi,agate,thermal-video.conf,devices/xiaomi/agate/thermal/thermal-video.conf,thermal-engine-text,mi_thermald_aes,thermal-engine-text-v2,decoded,60.0,,,53.0,-7.0,mapped-artifact
xiaomi,agate,thermald-devices.conf,devices/xiaomi/agate/thermal/thermald-devices.conf,thermal-engine-text,plain,thermal-engine-text-v2,plain,,,,,,mapped-artifact
xiaomi,alioth,index.tsv,devices/xiaomi/alioth/thermal/index.tsv,text,plain,,plain,,,,,,mapped-artifact
xiaomi,alioth,thermal-camera.conf,devices/xiaomi/alioth/thermal/thermal-camera.conf,thermal-engine-text,mi_thermald_aes,thermal-engine-text-v2,decoded,60.0,,,51.0,-9.0,mapped-artifact
xiaomi,alioth,thermal-class0.conf,devices/xiaomi/alioth/thermal/thermal-class0.conf,thermal-engine-text,mi_thermald_aes,thermal-engine-text-v2,decoded,60.0,,,51.0,-9.0,mapped-artifact
xiaomi,alioth,thermal-engine.conf,devices/xiaomi/alioth/thermal/thermal-engine.conf,text,plain,,plain,,,,,,mapped-artifact
xiaomi,alioth,thermal-india-normal.conf,devices/xiaomi/alioth/thermal/thermal-india-normal.conf,thermal-engine-text,mi_thermald_aes,thermal-engine-text-v2,decoded,60.0,,,51.0,-9.0,mapped-artifact
xiaomi,alioth,thermal-map-india.conf,devices/xiaomi/alioth/thermal/thermal-map-india.conf,thermal-engine-text,mi_thermald_aes,thermal-engine-text-v2,decoded,,,,,,mapped-artifact
xiaomi,alioth,thermal-map.conf,devices/xiaomi/alioth/thermal/thermal-map.conf,thermal-engine-text,mi_thermald_aes,thermal-engine-text-v2,decoded,,,,,,mapped-artifact
xiaomi,alioth,thermal-mgame.conf,devices/xiaomi/alioth/thermal/thermal-mgame.conf,thermal-engine-text,mi_thermald_aes,thermal-engine-text-v2,decoded,60.0,,,51.0,-9.0,mapped-artifact
xiaomi,alioth,thermal-navigation.conf,devices/xiaomi/alioth/thermal/thermal-navigation.conf,thermal-engine-text,mi_thermald_aes,thermal-engine-text-v2,decoded,60.0,,,51.0,-9.0,mapped-artifact
xiaomi,alioth,thermal-nolimits.conf,devices/xiaomi/alioth/thermal/thermal-nolimits.conf,thermal-engine-text,mi_thermald_aes,thermal-engine-text-v2,decoded,60.0,,,,,mapped-artifact
xiaomi,alioth,thermal-normal.conf,devices/xiaomi/alioth/thermal/thermal-normal.conf,thermal-engine-text,mi_thermald_aes,thermal-engine-text-v2,decoded,60.0,,,51.0,-9.0,mapped-artifact
xiaomi,alioth,thermal-phone.conf,devices/xiaomi/alioth/thermal/thermal-phone.conf,thermal-engine-text,mi_thermald_aes,thermal-engine-text-v2,decoded,60.0,,,51.0,-9.0,mapped-artifact
xiaomi,alioth,thermal-region-map.conf,devices/xiaomi/alioth/thermal/thermal-region-map.conf,text,mi_thermald_aes,,decoded,,,,,,mapped-artifact
xiaomi,alioth,thermal-tgame.conf,devices/xiaomi/alioth/thermal/thermal-tgame.conf,thermal-engine-text,mi_thermald_aes,thermal-engine-text-v2,decoded,60.0,,,,,mapped-artifact
xiaomi,alioth,thermal-video.conf,devices/xiaomi/alioth/thermal/thermal-video.conf,thermal-engine-text,mi_thermald_aes,thermal-engine-text-v2,decoded,60.0,,,51.0,-9.0,mapped-artifact
xiaomi,alioth,thermald-devices.conf,devices/xiaomi/alioth/thermal/thermald-devices.conf,thermal-engine-text,plain,thermal-engine-text-v2,plain,,,,,,mapped-artifact
xiaomi,andromeda,index.tsv,devices/xiaomi/andromeda/thermal/index.tsv,text,plain,,plain,,,,,,mapped-artifact
xiaomi,andromeda,thermal-arvr.conf,devices/xiaomi/andromeda/thermal/thermal-arvr.conf,thermal-engine-text,mi_thermald_aes,thermal-engine-text-v2,decoded,60.0,,,26.0,-34.0,mapped-artifact
xiaomi,andromeda,thermal-camera.conf,devices/xiaomi/andromeda/thermal/thermal-camera.conf,thermal-engine-text,mi_thermald_aes,thermal-engine-text-v2,decoded,60.0,,,53.5,-6.5,mapped-artifact
xiaomi,andromeda,thermal-chg-only.conf,devices/xiaomi/andromeda/thermal/thermal-chg-only.conf,thermal-engine-text,plain,thermal-engine-text-v2,plain,60.0,,,,,mapped-artifact
xiaomi,andromeda,thermal-engine.conf,devices/xiaomi/andromeda/thermal/thermal-engine.conf,text,plain,,plain,,,,,,mapped-artifact
xiaomi,andromeda,thermal-map.conf,devices/xiaomi/andromeda/thermal/thermal-map.conf,thermal-engine-text,mi_thermald_aes,thermal-engine-text-v2,decoded,,,,,,mapped-artifact
xiaomi,andromeda,thermal-nolimits.conf,devices/xiaomi/andromeda/thermal/thermal-nolimits.conf,thermal-engine-text,mi_thermald_aes,thermal-engine-text-v2,decoded,60.0,,,,,mapped-artifact
xiaomi,andromeda,thermal-normal.conf,devices/xiaomi/andromeda/thermal/thermal-normal.conf,thermal-engine-text,mi_thermald_aes,thermal-engine-text-v2,decoded,60.0,,,53.5,-6.5,mapped-artifact
xiaomi,andromeda,thermal-phone.conf,devices/xiaomi/andromeda/thermal/thermal-phone.conf,thermal-engine-text,mi_thermald_aes,thermal-engine-text-v2,decoded,60.0,,,51.0,-9.0,mapped-artifact
xiaomi,andromeda,thermal-tgame.conf,devices/xiaomi/andromeda/thermal/thermal-tgame.conf,thermal-engine-text,mi_thermald_aes,thermal-engine-text-v2,decoded,60.0,,,,,mapped-artifact
xiaomi,andromeda,thermald-devices.conf,devices/xiaomi/andromeda/thermal/thermald-devices.conf,thermal-engine-text,plain,thermal-engine-text-v2,plain,,,,,,mapped-artifact
xiaomi,angelica,index.tsv,devices/xiaomi/angelica/thermal/index.tsv,text,plain,,plain,,,,,,mapped-artifact
xiaomi,angelica,thermal-arvr.conf,devices/xiaomi/angelica/thermal/thermal-arvr.conf,thermal-engine-text,mi_thermald_aes,thermal-engine-text-v2,decoded,57.0,,,55.0,-2.0,mapped-artifact
xiaomi,angelica,thermal-camera.conf,devices/xiaomi/angelica/thermal/thermal-camera.conf,thermal-engine-text,mi_thermald_aes,thermal-engine-text-v2,decoded,57.0,,,55.0,-2.0,mapped-artifact
xiaomi,angelica,thermal-chg-only.conf,devices/xiaomi/angelica/thermal/thermal-chg-only.conf,thermal-engine-text,mi_thermald_aes,thermal-engine-text-v2,decoded,48.0,,,52.0,4.0,mapped-artifact
xiaomi,angelica,thermal-map.conf,devices/xiaomi/angelica/thermal/thermal-map.conf,thermal-engine-text,mi_thermald_aes,thermal-engine-text-v2,decoded,,,,,,mapped-artifact
xiaomi,angelica,thermal-nolimits.conf,devices/xiaomi/angelica/thermal/thermal-nolimits.conf,thermal-engine-text,mi_thermald_aes,thermal-engine-text-v2,decoded,57.0,,,49.0,-8.0,mapped-artifact
xiaomi,angelica,thermal-normal.conf,devices/xiaomi/angelica/thermal/thermal-normal.conf,thermal-engine-text,mi_thermald_aes,thermal-engine-text-v2,decoded,61.0,,,,,mapped-artifact
xiaomi,angelica,thermal-phone.conf,devices/xiaomi/angelica/thermal/thermal-phone.conf,thermal-engine-text,mi_thermald_aes,thermal-engine-text-v2,decoded,55.0,,,,,mapped-artifact
xiaomi,angelica,thermal-tgame.conf,devices/xiaomi/angelica/thermal/thermal-tgame.conf,thermal-engine-text,mi_thermald_aes,thermal-engine-text-v2,decoded,57.0,,,55.0,-2.0,mapped-artifact
xiaomi,angelica,thermal-youtube.conf,devices/xiaomi/angelica/thermal/thermal-youtube.conf,thermal-engine-text,mi_thermald_aes,thermal-engine-text-v2,decoded,57.0,,,55.0,-2.0,mapped-artifact
xiaomi,angelica,thermald-devices.conf,devices/xiaomi/angelica/thermal/thermald-devices.conf,thermal-engine-text,plain,thermal-engine-text-v2,plain,,,,,,mapped-artifact
xiaomi,angelicain,index.tsv,devices/xiaomi/angelicain/thermal/index.tsv,text,plain,,plain,,,,,,mapped-artifact
xiaomi,angelicain,thermal-arvr.conf,devices/xiaomi/angelicain/thermal/thermal-arvr.conf,thermal-engine-text,mi_thermald_aes,thermal-engine-text-v2,decoded,57.0,,,55.0,-2.0,mapped-artifact
xiaomi,angelicain,thermal-camera.conf,devices/xiaomi/angelicain/thermal/thermal-camera.conf,thermal-engine-text,mi_thermald_aes,thermal-engine-text-v2,decoded,57.0,,,55.0,-2.0,mapped-artifact
xiaomi,angelicain,thermal-chg-only.conf,devices/xiaomi/angelicain/thermal/thermal-chg-only.conf,thermal-engine-text,mi_thermald_aes,thermal-engine-text-v2,decoded,48.0,,,52.0,4.0,mapped-artifact
xiaomi,angelicain,thermal-map.conf,devices/xiaomi/angelicain/thermal/thermal-map.conf,thermal-engine-text,mi_thermald_aes,thermal-engine-text-v2,decoded,,,,,,mapped-artifact
xiaomi,angelicain,thermal-nolimits.conf,devices/xiaomi/angelicain/thermal/thermal-nolimits.conf,thermal-engine-text,mi_thermald_aes,thermal-engine-text-v2,decoded,57.0,,,49.0,-8.0,mapped-artifact
xiaomi,angelicain,thermal-normal.conf,devices/xiaomi/angelicain/thermal/thermal-normal.conf,thermal-engine-text,mi_thermald_aes,thermal-engine-text-v2,decoded,61.0,,,,,mapped-artifact
xiaomi,angelicain,thermal-phone.conf,devices/xiaomi/angelicain/thermal/thermal-phone.conf,thermal-engine-text,mi_thermald_aes,thermal-engine-text-v2,decoded,55.0,,,,,mapped-artifact
xiaomi,angelicain,thermal-tgame.conf,devices/xiaomi/angelicain/thermal/thermal-tgame.conf,thermal-engine-text,mi_thermald_aes,thermal-engine-text-v2,decoded,57.0,,,55.0,-2.0,mapped-artifact
xiaomi,angelicain,thermal-youtube.conf,devices/xiaomi/angelicain/thermal/thermal-youtube.conf,thermal-engine-text,mi_thermald_aes,thermal-engine-text-v2,decoded,57.0,,,55.0,-2.0,mapped-artifact
xiaomi,angelicain,thermald-devices.conf,devices/xiaomi/angelicain/thermal/thermald-devices.conf,thermal-engine-text,plain,thermal-engine-text-v2,plain,,,,,,mapped-artifact
xiaomi,angelican,index.tsv,devices/xiaomi/angelican/thermal/index.tsv,text,plain,,plain,,,,,,mapped-artifact
xiaomi,angelican,thermal-arvr.conf,devices/xiaomi/angelican/thermal/thermal-arvr.conf,thermal-engine-text,mi_thermald_aes,thermal-engine-text-v2,decoded,57.0,,,55.0,-2.0,mapped-artifact
xiaomi,angelican,thermal-camera.conf,devices/xiaomi/angelican/thermal/thermal-camera.conf,thermal-engine-text,mi_thermald_aes,thermal-engine-text-v2,decoded,57.0,,,55.0,-2.0,mapped-artifact
xiaomi,angelican,thermal-chg-only.conf,devices/xiaomi/angelican/thermal/thermal-chg-only.conf,thermal-engine-text,mi_thermald_aes,thermal-engine-text-v2,decoded,48.0,,,52.0,4.0,mapped-artifact
xiaomi,angelican,thermal-map.conf,devices/xiaomi/angelican/thermal/thermal-map.conf,thermal-engine-text,mi_thermald_aes,thermal-engine-text-v2,decoded,,,,,,mapped-artifact
xiaomi,angelican,thermal-nolimits.conf,devices/xiaomi/angelican/thermal/thermal-nolimits.conf,thermal-engine-text,mi_thermald_aes,thermal-engine-text-v2,decoded,57.0,,,49.0,-8.0,mapped-artifact
xiaomi,angelican,thermal-normal.conf,devices/xiaomi/angelican/thermal/thermal-normal.conf,thermal-engine-text,mi_thermald_aes,thermal-engine-text-v2,decoded,61.0,,,,,mapped-artifact
xiaomi,angelican,thermal-phone.conf,devices/xiaomi/angelican/thermal/thermal-phone.conf,thermal-engine-text,mi_thermald_aes,thermal-engine-text-v2,decoded,55.0,,,,,mapped-artifact
xiaomi,angelican,thermal-tgame.conf,devices/xiaomi/angelican/thermal/thermal-tgame.conf,thermal-engine-text,mi_thermald_aes,thermal-engine-text-v2,decoded,57.0,,,55.0,-2.0,mapped-artifact
xiaomi,angelican,thermal-youtube.conf,devices/xiaomi/angelican/thermal/thermal-youtube.conf,thermal-engine-text,mi_thermald_aes,thermal-engine-text-v2,decoded,57.0,,,55.0,-2.0,mapped-artifact
xiaomi,angelican,thermald-devices.conf,devices/xiaomi/angelican/thermal/thermald-devices.conf,thermal-engine-text,plain,thermal-engine-text-v2,plain,,,,,,mapped-artifact
xiaomi,apollo,index.tsv,devices/xiaomi/apollo/thermal/index.tsv,text,plain,,plain,,,,,,mapped-artifact
xiaomi,apollo,thermal-4k.conf,devices/xiaomi/apollo/thermal/thermal-4k.conf,thermal-engine-text,mi_thermald_aes,thermal-engine-text-v2,decoded,60.0,,,,,mapped-artifact
xiaomi,apollo,thermal-8k.conf,devices/xiaomi/apollo/thermal/thermal-8k.conf,thermal-engine-text,mi_thermald_aes,thermal-engine-text-v2,decoded,60.0,,,,,mapped-artifact
xiaomi,apollo,thermal-camera.conf,devices/xiaomi/apollo/thermal/thermal-camera.conf,thermal-engine-text,mi_thermald_aes,thermal-engine-text-v2,decoded,60.0,,,,,mapped-artifact
xiaomi,apollo,thermal-chg-only.conf,devices/xiaomi/apollo/thermal/thermal-chg-only.conf,thermal-engine-text,plain,thermal-engine-text-v2,plain,60.0,,,,,mapped-artifact
xiaomi,apollo,thermal-class0.conf,devices/xiaomi/apollo/thermal/thermal-class0.conf,thermal-engine-text,mi_thermald_aes,thermal-engine-text-v2,decoded,60.0,,,,,mapped-artifact
xiaomi,apollo,thermal-engine.conf,devices/xiaomi/apollo/thermal/thermal-engine.conf,text,plain,,plain,,,,,,mapped-artifact
xiaomi,apollo,thermal-india-4k.conf,devices/xiaomi/apollo/thermal/thermal-india-4k.conf,thermal-engine-text,mi_thermald_aes,thermal-engine-text-v2,decoded,60.0,,,,,mapped-artifact
xiaomi,apollo,thermal-india-8k.conf,devices/xiaomi/apollo/thermal/thermal-india-8k.conf,thermal-engine-text,mi_thermald_aes,thermal-engine-text-v2,decoded,60.0,,,,,mapped-artifact
xiaomi,apollo,thermal-india-camera.conf,devices/xiaomi/apollo/thermal/thermal-india-camera.conf,thermal-engine-text,mi_thermald_aes,thermal-engine-text-v2,decoded,60.0,,,,,mapped-artifact
xiaomi,apollo,thermal-india-class0.conf,devices/xiaomi/apollo/thermal/thermal-india-class0.conf,thermal-engine-text,mi_thermald_aes,thermal-engine-text-v2,decoded,60.0,,,48.0,-12.0,mapped-artifact
xiaomi,apollo,thermal-india-mgame.conf,devices/xiaomi/apollo/thermal/thermal-india-mgame.conf,thermal-engine-text,mi_thermald_aes,thermal-engine-text-v2,decoded,60.0,,,,,mapped-artifact
xiaomi,apollo,thermal-india-normal.conf,devices/xiaomi/apollo/thermal/thermal-india-normal.conf,thermal-engine-text,mi_thermald_aes,thermal-engine-text-v2,decoded,60.0,,,48.0,-12.0,mapped-artifact
xiaomi,apollo,thermal-india-tgame.conf,devices/xiaomi/apollo/thermal/thermal-india-tgame.conf,thermal-engine-text,mi_thermald_aes,thermal-engine-text-v2,decoded,60.0,,,,,mapped-artifact
xiaomi,apollo,thermal-india-video.conf,devices/xiaomi/apollo/thermal/thermal-india-video.conf,thermal-engine-text,mi_thermald_aes,thermal-engine-text-v2,decoded,60.0,,,48.0,-12.0,mapped-artifact
xiaomi,apollo,thermal-india-youtube.conf,devices/xiaomi/apollo/thermal/thermal-india-youtube.conf,thermal-engine-text,mi_thermald_aes,thermal-engine-text-v2,decoded,60.0,,,48.0,-12.0,mapped-artifact
xiaomi,apollo,thermal-map-india.conf,devices/xiaomi/apollo/thermal/thermal-map-india.conf,thermal-engine-text,mi_thermald_aes,thermal-engine-text-v2,decoded,,,,,,mapped-artifact
xiaomi,apollo,thermal-map.conf,devices/xiaomi/apollo/thermal/thermal-map.conf,thermal-engine-text,mi_thermald_aes,thermal-engine-text-v2,decoded,,,,,,mapped-artifact
xiaomi,apollo,thermal-mgame.conf,devices/xiaomi/apollo/thermal/thermal-mgame.conf,thermal-engine-text,mi_thermald_aes,thermal-engine-text-v2,decoded,60.0,,,,,mapped-artifact
xiaomi,apollo,thermal-navigation.conf,devices/xiaomi/apollo/thermal/thermal-navigation.conf,thermal-engine-text,mi_thermald_aes,thermal-engine-text-v2,decoded,60.0,,,48.0,-12.0,mapped-artifact
xiaomi,apollo,thermal-nolimits.conf,devices/xiaomi/apollo/thermal/thermal-nolimits.conf,thermal-engine-text,mi_thermald_aes,thermal-engine-text-v2,decoded,60.0,,,,,mapped-artifact
xiaomi,apollo,thermal-normal.conf,devices/xiaomi/apollo/thermal/thermal-normal.conf,thermal-engine-text,mi_thermald_aes,thermal-engine-text-v2,decoded,60.0,,,48.0,-12.0,mapped-artifact
xiaomi,apollo,thermal-phone.conf,devices/xiaomi/apollo/thermal/thermal-phone.conf,thermal-engine-text,mi_thermald_aes,thermal-engine-text-v2,decoded,60.0,,,51.0,-9.0,mapped-artifact
xiaomi,apollo,thermal-region-map.conf,devices/xiaomi/apollo/thermal/thermal-region-map.conf,text,mi_thermald_aes,,decoded,,,,,,mapped-artifact
xiaomi,apollo,thermal-tgame.conf,devices/xiaomi/apollo/thermal/thermal-tgame.conf,thermal-engine-text,mi_thermald_aes,thermal-engine-text-v2,decoded,60.0,,,,,mapped-artifact
xiaomi,apollo,thermal-video.conf,devices/xiaomi/apollo/thermal/thermal-video.conf,thermal-engine-text,mi_thermald_aes,thermal-engine-text-v2,decoded,60.0,,,48.0,-12.0,mapped-artifact
xiaomi,apollo,thermal-youtube.conf,devices/xiaomi/apollo/thermal/thermal-youtube.conf,thermal-engine-text,mi_thermald_aes,thermal-engine-text-v2,decoded,60.0,,,48.0,-12.0,mapped-artifact
xiaomi,apollo,thermald-devices.conf,devices/xiaomi/apollo/thermal/thermald-devices.conf,thermal-engine-text,plain,thermal-engine-text-v2,plain,,,,,,mapped-artifact
xiaomi,ares,index.tsv,devices/xiaomi/ares/thermal/index.tsv,text,plain,,plain,,,,,,mapped-artifact
xiaomi,ares,thermal-4k.conf,devices/xiaomi/ares/thermal/thermal-4k.conf,thermal-engine-text,mi_thermald_aes,thermal-engine-text-v2,decoded,60.0,,,50.0,-10.0,mapped-artifact
xiaomi,ares,thermal-camera.conf,devices/xiaomi/ares/thermal/thermal-camera.conf,thermal-engine-text,mi_thermald_aes,thermal-engine-text-v2,decoded,60.0,,,50.0,-10.0,mapped-artifact
xiaomi,ares,thermal-class0.conf,devices/xiaomi/ares/thermal/thermal-class0.conf,thermal-engine-text,mi_thermald_aes,thermal-engine-text-v2,decoded,60.0,,,49.0,-11.0,mapped-artifact
xiaomi,ares,thermal-india-4k.conf,devices/xiaomi/ares/thermal/thermal-india-4k.conf,thermal-engine-text,mi_thermald_aes,thermal-engine-text-v2,decoded,60.0,,,52.0,-8.0,mapped-artifact
xiaomi,ares,thermal-india-camera.conf,devices/xiaomi/ares/thermal/thermal-india-camera.conf,thermal-engine-text,mi_thermald_aes,thermal-engine-text-v2,decoded,60.0,,,50.0,-10.0,mapped-artifact
xiaomi,ares,thermal-india-class0.conf,devices/xiaomi/ares/thermal/thermal-india-class0.conf,thermal-engine-text,mi_thermald_aes,thermal-engine-text-v2,decoded,60.0,,,49.0,-11.0,mapped-artifact
xiaomi,ares,thermal-india-mgame.conf,devices/xiaomi/ares/thermal/thermal-india-mgame.conf,thermal-engine-text,mi_thermald_aes,thermal-engine-text-v2,decoded,58.0,,,52.0,-6.0,mapped-artifact
xiaomi,ares,thermal-india-normal.conf,devices/xiaomi/ares/thermal/thermal-india-normal.conf,thermal-engine-text,mi_thermald_aes,thermal-engine-text-v2,decoded,60.0,,,53.0,-7.0,mapped-artifact
xiaomi,ares,thermal-india-phone.conf,devices/xiaomi/ares/thermal/thermal-india-phone.conf,thermal-engine-text,mi_thermald_aes,thermal-engine-text-v2,decoded,60.0,,,49.0,-11.0,mapped-artifact
xiaomi,ares,thermal-india-tgame.conf,devices/xiaomi/ares/thermal/thermal-india-tgame.conf,thermal-engine-text,mi_thermald_aes,thermal-engine-text-v2,decoded,60.0,,,52.0,-8.0,mapped-artifact
xiaomi,ares,thermal-india-video.conf,devices/xiaomi/ares/thermal/thermal-india-video.conf,thermal-engine-text,mi_thermald_aes,thermal-engine-text-v2,decoded,60.0,,,53.0,-7.0,mapped-artifact
xiaomi,ares,thermal-map-india.conf,devices/xiaomi/ares/thermal/thermal-map-india.conf,thermal-engine-text,mi_thermald_aes,thermal-engine-text-v2,decoded,,,,,,mapped-artifact
xiaomi,ares,thermal-map.conf,devices/xiaomi/ares/thermal/thermal-map.conf,thermal-engine-text,mi_thermald_aes,thermal-engine-text-v2,decoded,,,,,,mapped-artifact
xiaomi,ares,thermal-mgame.conf,devices/xiaomi/ares/thermal/thermal-mgame.conf,thermal-engine-text,mi_thermald_aes,thermal-engine-text-v2,decoded,60.0,,,52.0,-8.0,mapped-artifact
xiaomi,ares,thermal-nolimits.conf,devices/xiaomi/ares/thermal/thermal-nolimits.conf,thermal-engine-text,mi_thermald_aes,thermal-engine-text-v2,decoded,60.0,,,,,mapped-artifact
xiaomi,ares,thermal-normal.conf,devices/xiaomi/ares/thermal/thermal-normal.conf,thermal-engine-text,mi_thermald_aes,thermal-engine-text-v2,decoded,60.0,,,49.0,-11.0,mapped-artifact
xiaomi,ares,thermal-phone.conf,devices/xiaomi/ares/thermal/thermal-phone.conf,thermal-engine-text,mi_thermald_aes,thermal-engine-text-v2,decoded,60.0,,,49.0,-11.0,mapped-artifact
xiaomi,ares,thermal-region-map.conf,devices/xiaomi/ares/thermal/thermal-region-map.conf,text,mi_thermald_aes,,decoded,,,,,,mapped-artifact
xiaomi,ares,thermal-tgame.conf,devices/xiaomi/ares/thermal/thermal-tgame.conf,thermal-engine-text,mi_thermald_aes,thermal-engine-text-v2,decoded,60.0,,,52.0,-8.0,mapped-artifact
xiaomi,ares,thermal-video.conf,devices/xiaomi/ares/thermal/thermal-video.conf,thermal-engine-text,mi_thermald_aes,thermal-engine-text-v2,decoded,60.0,,,53.0,-7.0,mapped-artifact
xiaomi,ares,thermald-devices.conf,devices/xiaomi/ares/thermal/thermald-devices.conf,thermal-engine-text,plain,thermal-engine-text-v2,plain,,,,,,mapped-artifact
xiaomi,aristotle,index.tsv,devices/xiaomi/aristotle/thermal/index.tsv,text,plain,,plain,,,,,,mapped-artifact
xiaomi,aristotle,thermal-4k.conf,devices/xiaomi/aristotle/thermal/thermal-4k.conf,thermal-engine-text,mi_thermald_aes,thermal-engine-text-v2,decoded,65.0,,,53.0,-12.0,mapped-artifact
xiaomi,aristotle,thermal-arvr.conf,devices/xiaomi/aristotle/thermal/thermal-arvr.conf,thermal-engine-text,mi_thermald_aes,thermal-engine-text-v2,decoded,65.0,,,53.0,-12.0,mapped-artifact
xiaomi,aristotle,thermal-camera.conf,devices/xiaomi/aristotle/thermal/thermal-camera.conf,thermal-engine-text,mi_thermald_aes,thermal-engine-text-v2,decoded,65.0,,,53.0,-12.0,mapped-artifact
xiaomi,aristotle,thermal-cclassvideo.conf,devices/xiaomi/aristotle/thermal/thermal-cclassvideo.conf,thermal-engine-text,mi_thermald_aes,thermal-engine-text-v2,decoded,65.0,,,52.0,-13.0,mapped-artifact
xiaomi,aristotle,thermal-cgame.conf,devices/xiaomi/aristotle/thermal/thermal-cgame.conf,thermal-engine-text,mi_thermald_aes,thermal-engine-text-v2,decoded,65.0,,,51.0,-14.0,mapped-artifact
xiaomi,aristotle,thermal-chg-only.conf,devices/xiaomi/aristotle/thermal/thermal-chg-only.conf,thermal-engine-text,plain,thermal-engine-text-v2,plain,48.0,,,51.0,3.0,mapped-artifact
xiaomi,aristotle,thermal-class0.conf,devices/xiaomi/aristotle/thermal/thermal-class0.conf,thermal-engine-text,mi_thermald_aes,thermal-engine-text-v2,decoded,65.0,,,52.0,-13.0,mapped-artifact
xiaomi,aristotle,thermal-hp-mgame.conf,devices/xiaomi/aristotle/thermal/thermal-hp-mgame.conf,thermal-engine-text,mi_thermald_aes,thermal-engine-text-v2,decoded,65.0,,,52.0,-13.0,mapped-artifact
xiaomi,aristotle,thermal-hp-normal.conf,devices/xiaomi/aristotle/thermal/thermal-hp-normal.conf,thermal-engine-text,mi_thermald_aes,thermal-engine-text-v2,decoded,65.0,,,52.0,-13.0,mapped-artifact
xiaomi,aristotle,thermal-huanji.conf,devices/xiaomi/aristotle/thermal/thermal-huanji.conf,thermal-engine-text,mi_thermald_aes,thermal-engine-text-v2,decoded,65.0,,,52.0,-13.0,mapped-artifact
xiaomi,aristotle,thermal-map.conf,devices/xiaomi/aristotle/thermal/thermal-map.conf,thermal-engine-text,mi_thermald_aes,thermal-engine-text-v2,decoded,,,,,,mapped-artifact
xiaomi,aristotle,thermal-mgame.conf,devices/xiaomi/aristotle/thermal/thermal-mgame.conf,thermal-engine-text,mi_thermald_aes,thermal-engine-text-v2,decoded,65.0,,,52.0,-13.0,mapped-artifact
xiaomi,aristotle,thermal-navigation.conf,devices/xiaomi/aristotle/thermal/thermal-navigation.conf,thermal-engine-text,mi_thermald_aes,thermal-engine-text-v2,decoded,65.0,,,52.0,-13.0,mapped-artifact
xiaomi,aristotle,thermal-nolimits.conf,devices/xiaomi/aristotle/thermal/thermal-nolimits.conf,thermal-engine-text,mi_thermald_aes,thermal-engine-text-v2,decoded,65.0,,,52.0,-13.0,mapped-artifact
xiaomi,aristotle,thermal-normal.conf,devices/xiaomi/aristotle/thermal/thermal-normal.conf,thermal-engine-text,mi_thermald_aes,thermal-engine-text-v2,decoded,65.0,,,52.0,-13.0,mapped-artifact
xiaomi,aristotle,thermal-per-camera.conf,devices/xiaomi/aristotle/thermal/thermal-per-camera.conf,thermal-engine-text,mi_thermald_aes,thermal-engine-text-v2,decoded,65.0,,,53.0,-12.0,mapped-artifact
xiaomi,aristotle,thermal-per-class0.conf,devices/xiaomi/aristotle/thermal/thermal-per-class0.conf,thermal-engine-text,mi_thermald_aes,thermal-engine-text-v2,decoded,65.0,,,52.0,-13.0,mapped-artifact
xiaomi,aristotle,thermal-per-huanji.conf,devices/xiaomi/aristotle/thermal/thermal-per-huanji.conf,thermal-engine-text,mi_thermald_aes,thermal-engine-text-v2,decoded,65.0,,,52.0,-13.0,mapped-artifact
xiaomi,aristotle,thermal-per-navigation.conf,devices/xiaomi/aristotle/thermal/thermal-per-navigation.conf,thermal-engine-text,mi_thermald_aes,thermal-engine-text-v2,decoded,65.0,,,52.0,-13.0,mapped-artifact
xiaomi,aristotle,thermal-per-normal.conf,devices/xiaomi/aristotle/thermal/thermal-per-normal.conf,thermal-engine-text,mi_thermald_aes,thermal-engine-text-v2,decoded,65.0,,,52.0,-13.0,mapped-artifact
xiaomi,aristotle,thermal-per-video.conf,devices/xiaomi/aristotle/thermal/thermal-per-video.conf,thermal-engine-text,mi_thermald_aes,thermal-engine-text-v2,decoded,65.0,,,52.0,-13.0,mapped-artifact
xiaomi,aristotle,thermal-phone.conf,devices/xiaomi/aristotle/thermal/thermal-phone.conf,thermal-engine-text,mi_thermald_aes,thermal-engine-text-v2,decoded,65.0,,,52.0,-13.0,mapped-artifact
xiaomi,aristotle,thermal-region-map.conf,devices/xiaomi/aristotle/thermal/thermal-region-map.conf,text,plain,,plain,,,,,,mapped-artifact
xiaomi,aristotle,thermal-tgame.conf,devices/xiaomi/aristotle/thermal/thermal-tgame.conf,thermal-engine-text,mi_thermald_aes,thermal-engine-text-v2,decoded,65.0,,,52.0,-13.0,mapped-artifact
xiaomi,aristotle,thermal-video.conf,devices/xiaomi/aristotle/thermal/thermal-video.conf,thermal-engine-text,mi_thermald_aes,thermal-engine-text-v2,decoded,65.0,,,52.0,-13.0,mapped-artifact
xiaomi,aristotle,thermal-videochat.conf,devices/xiaomi/aristotle/thermal/thermal-videochat.conf,thermal-engine-text,mi_thermald_aes,thermal-engine-text-v2,decoded,65.0,,,52.0,-13.0,mapped-artifact
xiaomi,aristotle,thermal-yuanshen.conf,devices/xiaomi/aristotle/thermal/thermal-yuanshen.conf,thermal-engine-text,mi_thermald_aes,thermal-engine-text-v2,decoded,65.0,,,52.0,-13.0,mapped-artifact
xiaomi,aristotle,thermalbreakboostconfig.xml,devices/xiaomi/aristotle/thermal/thermalbreakboostconfig.xml,xml,plain,,plain,,,,,,mapped-artifact
xiaomi,aristotle,thermald-devices.conf,devices/xiaomi/aristotle/thermal/thermald-devices.conf,thermal-engine-text,plain,thermal-engine-text-v2,plain,,,,,,mapped-artifact
xiaomi,atom,index.tsv,devices/xiaomi/atom/thermal/index.tsv,text,plain,,plain,,,,,,mapped-artifact
xiaomi,atom,thermal-arvr.conf,devices/xiaomi/atom/thermal/thermal-arvr.conf,thermal-engine-text,mi_thermald_aes,thermal-engine-text-v2,decoded,60.0,,,53.0,-7.0,mapped-artifact
xiaomi,atom,thermal-camera.conf,devices/xiaomi/atom/thermal/thermal-camera.conf,thermal-engine-text,mi_thermald_aes,thermal-engine-text-v2,decoded,60.0,,,53.0,-7.0,mapped-artifact
xiaomi,atom,thermal-chg-only.conf,devices/xiaomi/atom/thermal/thermal-chg-only.conf,thermal-engine-text,plain,thermal-engine-text-v2,plain,60.0,,,,,mapped-artifact
xiaomi,atom,thermal-map.conf,devices/xiaomi/atom/thermal/thermal-map.conf,thermal-engine-text,mi_thermald_aes,thermal-engine-text-v2,decoded,,,,,,mapped-artifact
xiaomi,atom,thermal-nolimits.conf,devices/xiaomi/atom/thermal/thermal-nolimits.conf,thermal-engine-text,mi_thermald_aes,thermal-engine-text-v2,decoded,60.0,,,50.0,-10.0,mapped-artifact
xiaomi,atom,thermal-normal.conf,devices/xiaomi/atom/thermal/thermal-normal.conf,thermal-engine-text,mi_thermald_aes,thermal-engine-text-v2,decoded,60.0,,,53.0,-7.0,mapped-artifact
xiaomi,atom,thermal-phone.conf,devices/xiaomi/atom/thermal/thermal-phone.conf,thermal-engine-text,mi_thermald_aes,thermal-engine-text-v2,decoded,60.0,,,53.0,-7.0,mapped-artifact
xiaomi,atom,thermal-tgame.conf,devices/xiaomi/atom/thermal/thermal-tgame.conf,thermal-engine-text,mi_thermald_aes,thermal-engine-text-v2,decoded,62.0,,,53.0,-9.0,mapped-artifact
xiaomi,atom,thermal-youtube.conf,devices/xiaomi/atom/thermal/thermal-youtube.conf,thermal-engine-text,mi_thermald_aes,thermal-engine-text-v2,decoded,60.0,,,53.0,-7.0,mapped-artifact
xiaomi,atom,thermald-devices.conf,devices/xiaomi/atom/thermal/thermald-devices.conf,thermal-engine-text,plain,thermal-engine-text-v2,plain,,,,,,mapped-artifact
xiaomi,axolotl,index.tsv,devices/xiaomi/axolotl/thermal/index.tsv,text,plain,,plain,,,,,,mapped-artifact
xiaomi,axolotl,thermal-engine.conf,devices/xiaomi/axolotl/thermal/thermal-engine.conf,thermal-engine-text,plain,thermal-engine-text-v2,plain,85.0,,,53.0,-32.0,mapped-artifact
xiaomi,axolotlaxie,index.tsv,devices/xiaomi/axolotlaxie/thermal/index.tsv,text,plain,,plain,,,,,,mapped-artifact
xiaomi,axolotlaxie,thermal-engine.conf,devices/xiaomi/axolotlaxie/thermal/thermal-engine.conf,thermal-engine-text,plain,thermal-engine-text-v2,plain,85.0,,,53.0,-32.0,mapped-artifact
xiaomi,axolotlte,index.tsv,devices/xiaomi/axolotlte/thermal/index.tsv,text,plain,,plain,,,,,,mapped-artifact
xiaomi,axolotlte,thermal-engine.conf,devices/xiaomi/axolotlte/thermal/thermal-engine.conf,thermal-engine-text,plain,thermal-engine-text-v2,plain,85.0,,,53.0,-32.0,mapped-artifact
xiaomi,begonia,index.tsv,devices/xiaomi/begonia/thermal/index.tsv,text,plain,,plain,,,,,,mapped-artifact
xiaomi,begonia,thermal-arvr.conf,devices/xiaomi/begonia/thermal/thermal-arvr.conf,thermal-engine-text,mi_thermald_aes,thermal-engine-text-v2,decoded,60.0,,,53.0,-7.0,mapped-artifact
xiaomi,begonia,thermal-camera.conf,devices/xiaomi/begonia/thermal/thermal-camera.conf,thermal-engine-text,mi_thermald_aes,thermal-engine-text-v2,decoded,60.0,,,53.0,-7.0,mapped-artifact
xiaomi,begonia,thermal-chg-only.conf,devices/xiaomi/begonia/thermal/thermal-chg-only.conf,thermal-engine-text,plain,thermal-engine-text-v2,plain,60.0,,,53.0,-7.0,mapped-artifact
xiaomi,begonia,thermal-map.conf,devices/xiaomi/begonia/thermal/thermal-map.conf,thermal-engine-text,mi_thermald_aes,thermal-engine-text-v2,decoded,,,,,,mapped-artifact
xiaomi,begonia,thermal-nolimits.conf,devices/xiaomi/begonia/thermal/thermal-nolimits.conf,thermal-engine-text,mi_thermald_aes,thermal-engine-text-v2,decoded,60.0,,,49.0,-11.0,mapped-artifact
xiaomi,begonia,thermal-normal.conf,devices/xiaomi/begonia/thermal/thermal-normal.conf,thermal-engine-text,mi_thermald_aes,thermal-engine-text-v2,decoded,60.0,,,53.0,-7.0,mapped-artifact
xiaomi,begonia,thermal-phone.conf,devices/xiaomi/begonia/thermal/thermal-phone.conf,thermal-engine-text,mi_thermald_aes,thermal-engine-text-v2,decoded,60.0,,,53.0,-7.0,mapped-artifact
xiaomi,begonia,thermal-tgame.conf,devices/xiaomi/begonia/thermal/thermal-tgame.conf,thermal-engine-text,mi_thermald_aes,thermal-engine-text-v2,decoded,62.0,,,49.0,-13.0,mapped-artifact
xiaomi,begonia,thermal-youtube.conf,devices/xiaomi/begonia/thermal/thermal-youtube.conf,thermal-engine-text,mi_thermald_aes,thermal-engine-text-v2,decoded,60.0,,,53.0,-7.0,mapped-artifact
xiaomi,begonia,thermald-devices.conf,devices/xiaomi/begonia/thermal/thermald-devices.conf,thermal-engine-text,plain,thermal-engine-text-v2,plain,,,,,,mapped-artifact
xiaomi,begoniain,index.tsv,devices/xiaomi/begoniain/thermal/index.tsv,text,plain,,plain,,,,,,mapped-artifact
xiaomi,begoniain,thermal-arvr.conf,devices/xiaomi/begoniain/thermal/thermal-arvr.conf,thermal-engine-text,mi_thermald_aes,thermal-engine-text-v2,decoded,60.0,,,52.0,-8.0,mapped-artifact
xiaomi,begoniain,thermal-camera.conf,devices/xiaomi/begoniain/thermal/thermal-camera.conf,thermal-engine-text,mi_thermald_aes,thermal-engine-text-v2,decoded,60.0,,,52.0,-8.0,mapped-artifact
xiaomi,begoniain,thermal-chg-only.conf,devices/xiaomi/begoniain/thermal/thermal-chg-only.conf,thermal-engine-text,plain,thermal-engine-text-v2,plain,60.0,,,53.0,-7.0,mapped-artifact
xiaomi,begoniain,thermal-map.conf,devices/xiaomi/begoniain/thermal/thermal-map.conf,thermal-engine-text,mi_thermald_aes,thermal-engine-text-v2,decoded,,,,,,mapped-artifact
xiaomi,begoniain,thermal-nolimits.conf,devices/xiaomi/begoniain/thermal/thermal-nolimits.conf,thermal-engine-text,mi_thermald_aes,thermal-engine-text-v2,decoded,60.0,,,49.0,-11.0,mapped-artifact
xiaomi,begoniain,thermal-normal.conf,devices/xiaomi/begoniain/thermal/thermal-normal.conf,thermal-engine-text,mi_thermald_aes,thermal-engine-text-v2,decoded,60.0,,,53.0,-7.0,mapped-artifact
xiaomi,begoniain,thermal-phone.conf,devices/xiaomi/begoniain/thermal/thermal-phone.conf,thermal-engine-text,mi_thermald_aes,thermal-engine-text-v2,decoded,60.0,,,53.0,-7.0,mapped-artifact
xiaomi,begoniain,thermal-tgame.conf,devices/xiaomi/begoniain/thermal/thermal-tgame.conf,thermal-engine-text,mi_thermald_aes,thermal-engine-text-v2,decoded,60.0,,,52.0,-8.0,mapped-artifact
xiaomi,begoniain,thermal-youtube.conf,devices/xiaomi/begoniain/thermal/thermal-youtube.conf,thermal-engine-text,mi_thermald_aes,thermal-engine-text-v2,decoded,60.0,,,53.0,-7.0,mapped-artifact
xiaomi,begoniain,thermald-devices.conf,devices/xiaomi/begoniain/thermal/thermald-devices.conf,thermal-engine-text,plain,thermal-engine-text-v2,plain,,,,,,mapped-artifact
xiaomi,beryllium,index.tsv,devices/xiaomi/beryllium/thermal/index.tsv,text,plain,,plain,,,,,,mapped-artifact
xiaomi,beryllium,thermal-engine-sdm845-arvr.conf,devices/xiaomi/beryllium/thermal/thermal-engine-sdm845-arvr.conf,thermal-engine-text,mi_thermald_aes,thermal-engine-text-v2,decoded,60.0,,,,,mapped-artifact
xiaomi,beryllium,thermal-engine-sdm845-camera.conf,devices/xiaomi/beryllium/thermal/thermal-engine-sdm845-camera.conf,thermal-engine-text,mi_thermald_aes,thermal-engine-text-v2,decoded,60.0,,,,,mapped-artifact
xiaomi,beryllium,thermal-engine-sdm845-class0.conf,devices/xiaomi/beryllium/thermal/thermal-engine-sdm845-class0.conf,thermal-engine-text,mi_thermald_aes,thermal-engine-text-v2,decoded,60.0,,,,,mapped-artifact
xiaomi,beryllium,thermal-engine-sdm845-e10-india.conf,devices/xiaomi/beryllium/thermal/thermal-engine-sdm845-e10-india.conf,thermal-engine-text,mi_thermald_aes,thermal-engine-text-v2,decoded,61.0,,,,,mapped-artifact
xiaomi,beryllium,thermal-engine-sdm845-extreme.conf,devices/xiaomi/beryllium/thermal/thermal-engine-sdm845-extreme.conf,thermal-engine-text,mi_thermald_aes,thermal-engine-text-v2,decoded,100.0,,,,,mapped-artifact
xiaomi,beryllium,thermal-engine-sdm845-map.conf,devices/xiaomi/beryllium/thermal/thermal-engine-sdm845-map.conf,thermal-engine-text,mi_thermald_aes,thermal-engine-text-v2,decoded,,,,,,mapped-artifact
xiaomi,beryllium,thermal-engine-sdm845-nolimits.conf,devices/xiaomi/beryllium/thermal/thermal-engine-sdm845-nolimits.conf,thermal-engine-text,mi_thermald_aes,thermal-engine-text-v2,decoded,60.0,,,,,mapped-artifact
xiaomi,beryllium,thermal-engine-sdm845-pubgmhd.conf,devices/xiaomi/beryllium/thermal/thermal-engine-sdm845-pubgmhd.conf,thermal-engine-text,mi_thermald_aes,thermal-engine-text-v2,decoded,60.0,,,,,mapped-artifact
xiaomi,beryllium,thermal-engine-sdm845-sgame.conf,devices/xiaomi/beryllium/thermal/thermal-engine-sdm845-sgame.conf,thermal-engine-text,mi_thermald_aes,thermal-engine-text-v2,decoded,60.0,,,,,mapped-artifact
xiaomi,beryllium,thermal-engine-sdm845-tgame.conf,devices/xiaomi/beryllium/thermal/thermal-engine-sdm845-tgame.conf,thermal-engine-text,mi_thermald_aes,thermal-engine-text-v2,decoded,60.0,,,,,mapped-artifact
xiaomi,beryllium,thermal-engine-sdm845.conf,devices/xiaomi/beryllium/thermal/thermal-engine-sdm845.conf,thermal-engine-text,mi_thermald_aes,thermal-engine-text-v2,decoded,61.0,,,,,mapped-artifact
xiaomi,beryllium,thermal-engine.conf,devices/xiaomi/beryllium/thermal/thermal-engine.conf,text,plain,,plain,,,,,,mapped-artifact
xiaomi,biloba,index.tsv,devices/xiaomi/biloba/thermal/index.tsv,text,plain,,plain,,,,,,mapped-artifact
xiaomi,biloba,thermal-arvr.conf,devices/xiaomi/biloba/thermal/thermal-arvr.conf,thermal-engine-text,mi_thermald_aes,thermal-engine-text-v2,decoded,57.0,,,55.0,-2.0,mapped-artifact
xiaomi,biloba,thermal-camera.conf,devices/xiaomi/biloba/thermal/thermal-camera.conf,thermal-engine-text,mi_thermald_aes,thermal-engine-text-v2,decoded,61.0,,,51.0,-10.0,mapped-artifact
xiaomi,biloba,thermal-chg-only.conf,devices/xiaomi/biloba/thermal/thermal-chg-only.conf,thermal-engine-text,mi_thermald_aes,thermal-engine-text-v2,decoded,61.0,,,49.0,-12.0,mapped-artifact
xiaomi,biloba,thermal-map.conf,devices/xiaomi/biloba/thermal/thermal-map.conf,thermal-engine-text,mi_thermald_aes,thermal-engine-text-v2,decoded,,,,,,mapped-artifact
xiaomi,biloba,thermal-nolimits.conf,devices/xiaomi/biloba/thermal/thermal-nolimits.conf,thermal-engine-text,mi_thermald_aes,thermal-engine-text-v2,decoded,57.0,,,49.0,-8.0,mapped-artifact
xiaomi,biloba,thermal-normal.conf,devices/xiaomi/biloba/thermal/thermal-normal.conf,thermal-engine-text,mi_thermald_aes,thermal-engine-text-v2,decoded,61.0,,,51.0,-10.0,mapped-artifact
xiaomi,biloba,thermal-phone.conf,devices/xiaomi/biloba/thermal/thermal-phone.conf,thermal-engine-text,mi_thermald_aes,thermal-engine-text-v2,decoded,61.0,,,51.0,-10.0,mapped-artifact
xiaomi,biloba,thermal-tgame.conf,devices/xiaomi/biloba/thermal/thermal-tgame.conf,thermal-engine-text,mi_thermald_aes,thermal-engine-text-v2,decoded,60.0,,,51.0,-9.0,mapped-artifact
xiaomi,biloba,thermal-youtube.conf,devices/xiaomi/biloba/thermal/thermal-youtube.conf,thermal-engine-text,mi_thermald_aes,thermal-engine-text-v2,decoded,60.0,,,,,mapped-artifact
xiaomi,biloba,thermald-devices.conf,devices/xiaomi/biloba/thermal/thermald-devices.conf,thermal-engine-text,plain,thermal-engine-text-v2,plain,,,,,,mapped-artifact
xiaomi,bomb,index.tsv,devices/xiaomi/bomb/thermal/index.tsv,text,plain,,plain,,,,,,mapped-artifact
xiaomi,bomb,thermal-camera.conf,devices/xiaomi/bomb/thermal/thermal-camera.conf,thermal-engine-text,mi_thermald_aes,thermal-engine-text-v2,decoded,60.0,,,52.0,-8.0,mapped-artifact
xiaomi,bomb,thermal-chg-only.conf,devices/xiaomi/bomb/thermal/thermal-chg-only.conf,thermal-engine-text,plain,thermal-engine-text-v2,plain,60.0,,,,,mapped-artifact
xiaomi,bomb,thermal-class0.conf,devices/xiaomi/bomb/thermal/thermal-class0.conf,thermal-engine-text,mi_thermald_aes,thermal-engine-text-v2,decoded,60.0,,,53.0,-7.0,mapped-artifact
xiaomi,bomb,thermal-map.conf,devices/xiaomi/bomb/thermal/thermal-map.conf,thermal-engine-text,mi_thermald_aes,thermal-engine-text-v2,decoded,,,,,,mapped-artifact
xiaomi,bomb,thermal-nolimits.conf,devices/xiaomi/bomb/thermal/thermal-nolimits.conf,thermal-engine-text,mi_thermald_aes,thermal-engine-text-v2,decoded,60.0,,,50.0,-10.0,mapped-artifact
xiaomi,bomb,thermal-normal.conf,devices/xiaomi/bomb/thermal/thermal-normal.conf,thermal-engine-text,mi_thermald_aes,thermal-engine-text-v2,decoded,60.0,,,53.0,-7.0,mapped-artifact
xiaomi,bomb,thermal-phone.conf,devices/xiaomi/bomb/thermal/thermal-phone.conf,thermal-engine-text,mi_thermald_aes,thermal-engine-text-v2,decoded,60.0,,,53.0,-7.0,mapped-artifact
xiaomi,bomb,thermal-tgame.conf,devices/xiaomi/bomb/thermal/thermal-tgame.conf,thermal-engine-text,mi_thermald_aes,thermal-engine-text-v2,decoded,60.0,,,53.0,-7.0,mapped-artifact
xiaomi,bomb,thermal-youtube.conf,devices/xiaomi/bomb/thermal/thermal-youtube.conf,thermal-engine-text,mi_thermald_aes,thermal-engine-text-v2,decoded,60.0,,,53.0,-7.0,mapped-artifact
xiaomi,bomb,thermald-devices.conf,devices/xiaomi/bomb/thermal/thermald-devices.conf,thermal-engine-text,plain,thermal-engine-text-v2,plain,,,,,,mapped-artifact
xiaomi,breeze,index.tsv,devices/xiaomi/breeze/thermal/index.tsv,text,plain,,plain,,,,,,mapped-artifact
xiaomi,breeze,thermal-camera-india-demo.conf,devices/xiaomi/breeze/thermal/thermal-camera-india-demo.conf,thermal-engine-text,mi_thermald_aes,thermal-engine-text-v2,decoded,56.0,,,50.5,-5.5,mapped-artifact
xiaomi,breeze,thermal-camera.conf,devices/xiaomi/breeze/thermal/thermal-camera.conf,thermal-engine-text,mi_thermald_aes,thermal-engine-text-v2,decoded,56.0,,,50.5,-5.5,mapped-artifact
xiaomi,breeze,thermal-cclassvideo-india-demo.conf,devices/xiaomi/breeze/thermal/thermal-cclassvideo-india-demo.conf,thermal-engine-text,mi_thermald_aes,thermal-engine-text-v2,decoded,56.0,,,50.0,-6.0,mapped-artifact
xiaomi,breeze,thermal-cclassvideo.conf,devices/xiaomi/breeze/thermal/thermal-cclassvideo.conf,thermal-engine-text,mi_thermald_aes,thermal-engine-text-v2,decoded,56.0,,,50.0,-6.0,mapped-artifact
xiaomi,breeze,thermal-cgame-india-demo.conf,devices/xiaomi/breeze/thermal/thermal-cgame-india-demo.conf,thermal-engine-text,mi_thermald_aes,thermal-engine-text-v2,decoded,56.0,,,50.0,-6.0,mapped-artifact
xiaomi,breeze,thermal-cgame.conf,devices/xiaomi/breeze/thermal/thermal-cgame.conf,thermal-engine-text,mi_thermald_aes,thermal-engine-text-v2,decoded,56.0,,,50.0,-6.0,mapped-artifact
xiaomi,breeze,thermal-chg-only.conf,devices/xiaomi/breeze/thermal/thermal-chg-only.conf,thermal-engine-text,plain,thermal-engine-text-v2,plain,50.0,,,51.0,1.0,mapped-artifact
xiaomi,breeze,thermal-class0-india-demo.conf,devices/xiaomi/breeze/thermal/thermal-class0-india-demo.conf,thermal-engine-text,mi_thermald_aes,thermal-engine-text-v2,decoded,56.0,,,51.0,-5.0,mapped-artifact
xiaomi,breeze,thermal-class0.conf,devices/xiaomi/breeze/thermal/thermal-class0.conf,thermal-engine-text,mi_thermald_aes,thermal-engine-text-v2,decoded,56.0,,,51.0,-5.0,mapped-artifact
xiaomi,breeze,thermal-engine.conf,devices/xiaomi/breeze/thermal/thermal-engine.conf,text,plain,,plain,,,,,,mapped-artifact
xiaomi,breeze,thermal-hp-game-india-demo.conf,devices/xiaomi/breeze/thermal/thermal-hp-game-india-demo.conf,thermal-engine-text,mi_thermald_aes,thermal-engine-text-v2,decoded,56.0,,,50.0,-6.0,mapped-artifact
xiaomi,breeze,thermal-hp-game.conf,devices/xiaomi/breeze/thermal/thermal-hp-game.conf,thermal-engine-text,mi_thermald_aes,thermal-engine-text-v2,decoded,56.0,,,50.0,-6.0,mapped-artifact
xiaomi,breeze,thermal-hp-normal-india-demo.conf,devices/xiaomi/breeze/thermal/thermal-hp-normal-india-demo.conf,thermal-engine-text,mi_thermald_aes,thermal-engine-text-v2,decoded,56.0,,,50.0,-6.0,mapped-artifact
xiaomi,breeze,thermal-hp-normal.conf,devices/xiaomi/breeze/thermal/thermal-hp-normal.conf,thermal-engine-text,mi_thermald_aes,thermal-engine-text-v2,decoded,56.0,,,50.0,-6.0,mapped-artifact
xiaomi,breeze,thermal-huanji-india-demo.conf,devices/xiaomi/breeze/thermal/thermal-huanji-india-demo.conf,thermal-engine-text,mi_thermald_aes,thermal-engine-text-v2,decoded,56.0,,,50.0,-6.0,mapped-artifact
xiaomi,breeze,thermal-huanji.conf,devices/xiaomi/breeze/thermal/thermal-huanji.conf,thermal-engine-text,mi_thermald_aes,thermal-engine-text-v2,decoded,56.0,,,50.0,-6.0,mapped-artifact
xiaomi,breeze,thermal-india-demo.conf,devices/xiaomi/breeze/thermal/thermal-india-demo.conf,thermal-engine-text,mi_thermald_aes,thermal-engine-text-v2,decoded,56.0,,,51.0,-5.0,mapped-artifact
xiaomi,breeze,thermal-livestream-india-demo.conf,devices/xiaomi/breeze/thermal/thermal-livestream-india-demo.conf,thermal-engine-text,mi_thermald_aes,thermal-engine-text-v2,decoded,56.0,,,51.0,-5.0,mapped-artifact
xiaomi,breeze,thermal-livestream.conf,devices/xiaomi/breeze/thermal/thermal-livestream.conf,thermal-engine-text,mi_thermald_aes,thermal-engine-text-v2,decoded,56.0,,,51.0,-5.0,mapped-artifact
xiaomi,breeze,thermal-map.conf,devices/xiaomi/breeze/thermal/thermal-map.conf,thermal-engine-text,mi_thermald_aes,thermal-engine-text-v2,decoded,,,,,,mapped-artifact
xiaomi,breeze,thermal-mgame-india-demo.conf,devices/xiaomi/breeze/thermal/thermal-mgame-india-demo.conf,thermal-engine-text,mi_thermald_aes,thermal-engine-text-v2,decoded,56.0,,,50.0,-6.0,mapped-artifact
xiaomi,breeze,thermal-mgame.conf,devices/xiaomi/breeze/thermal/thermal-mgame.conf,thermal-engine-text,mi_thermald_aes,thermal-engine-text-v2,decoded,56.0,,,50.0,-6.0,mapped-artifact
xiaomi,breeze,thermal-navigation-india-demo.conf,devices/xiaomi/breeze/thermal/thermal-navigation-india-demo.conf,thermal-engine-text,mi_thermald_aes,thermal-engine-text-v2,decoded,56.0,,,51.0,-5.0,mapped-artifact
xiaomi,breeze,thermal-navigation.conf,devices/xiaomi/breeze/thermal/thermal-navigation.conf,thermal-engine-text,mi_thermald_aes,thermal-engine-text-v2,decoded,56.0,,,51.0,-5.0,mapped-artifact
xiaomi,breeze,thermal-nolimits-india-demo.conf,devices/xiaomi/breeze/thermal/thermal-nolimits-india-demo.conf,thermal-engine-text,mi_thermald_aes,thermal-engine-text-v2,decoded,56.0,,,50.0,-6.0,mapped-artifact
xiaomi,breeze,thermal-nolimits.conf,devices/xiaomi/breeze/thermal/thermal-nolimits.conf,thermal-engine-text,mi_thermald_aes,thermal-engine-text-v2,decoded,56.0,,,50.0,-6.0,mapped-artifact
xiaomi,breeze,thermal-normal-india-demo.conf,devices/xiaomi/breeze/thermal/thermal-normal-india-demo.conf,thermal-engine-text,mi_thermald_aes,thermal-engine-text-v2,decoded,56.0,,,51.0,-5.0,mapped-artifact
xiaomi,breeze,thermal-normal.conf,devices/xiaomi/breeze/thermal/thermal-normal.conf,thermal-engine-text,mi_thermald_aes,thermal-engine-text-v2,decoded,56.0,,,51.0,-5.0,mapped-artifact
xiaomi,breeze,thermal-phone-india-demo.conf,devices/xiaomi/breeze/thermal/thermal-phone-india-demo.conf,thermal-engine-text,mi_thermald_aes,thermal-engine-text-v2,decoded,56.0,,,50.0,-6.0,mapped-artifact
xiaomi,breeze,thermal-phone.conf,devices/xiaomi/breeze/thermal/thermal-phone.conf,thermal-engine-text,mi_thermald_aes,thermal-engine-text-v2,decoded,56.0,,,50.0,-6.0,mapped-artifact
xiaomi,breeze,thermal-tgame-india-demo.conf,devices/xiaomi/breeze/thermal/thermal-tgame-india-demo.conf,thermal-engine-text,mi_thermald_aes,thermal-engine-text-v2,decoded,56.0,,,50.0,-6.0,mapped-artifact
xiaomi,breeze,thermal-tgame.conf,devices/xiaomi/breeze/thermal/thermal-tgame.conf,thermal-engine-text,mi_thermald_aes,thermal-engine-text-v2,decoded,56.0,,,50.0,-6.0,mapped-artifact
xiaomi,breeze,thermal-video-india-demo.conf,devices/xiaomi/breeze/thermal/thermal-video-india-demo.conf,thermal-engine-text,mi_thermald_aes,thermal-engine-text-v2,decoded,56.0,,,51.0,-5.0,mapped-artifact
xiaomi,breeze,thermal-video.conf,devices/xiaomi/breeze/thermal/thermal-video.conf,thermal-engine-text,mi_thermald_aes,thermal-engine-text-v2,decoded,56.0,,,51.0,-5.0,mapped-artifact
xiaomi,breeze,thermal-videochat-india-demo.conf,devices/xiaomi/breeze/thermal/thermal-videochat-india-demo.conf,thermal-engine-text,mi_thermald_aes,thermal-engine-text-v2,decoded,56.0,,,51.0,-5.0,mapped-artifact
xiaomi,breeze,thermal-videochat.conf,devices/xiaomi/breeze/thermal/thermal-videochat.conf,thermal-engine-text,mi_thermald_aes,thermal-engine-text-v2,decoded,56.0,,,51.0,-5.0,mapped-artifact
xiaomi,breeze,thermald-devices.conf,devices/xiaomi/breeze/thermal/thermald-devices.conf,thermal-engine-text,plain,thermal-engine-text-v2,plain,,,,,,mapped-artifact
xiaomi,camellia,index.tsv,devices/xiaomi/camellia/thermal/index.tsv,text,plain,,plain,,,,,,mapped-artifact
xiaomi,camellia,thermal-arvr.conf,devices/xiaomi/camellia/thermal/thermal-arvr.conf,thermal-engine-text,mi_thermald_aes,thermal-engine-text-v2,decoded,56.0,,,55.0,-1.0,mapped-artifact
xiaomi,camellia,thermal-camera.conf,devices/xiaomi/camellia/thermal/thermal-camera.conf,thermal-engine-text,mi_thermald_aes,thermal-engine-text-v2,decoded,56.0,,,55.0,-1.0,mapped-artifact
xiaomi,camellia,thermal-chg-only.conf,devices/xiaomi/camellia/thermal/thermal-chg-only.conf,thermal-engine-text,mi_thermald_aes,thermal-engine-text-v2,decoded,48.0,,,50.0,2.0,mapped-artifact
xiaomi,camellia,thermal-map.conf,devices/xiaomi/camellia/thermal/thermal-map.conf,thermal-engine-text,mi_thermald_aes,thermal-engine-text-v2,decoded,,,,,,mapped-artifact
xiaomi,camellia,thermal-mgame.conf,devices/xiaomi/camellia/thermal/thermal-mgame.conf,thermal-engine-text,mi_thermald_aes,thermal-engine-text-v2,decoded,56.0,,,53.0,-3.0,mapped-artifact
xiaomi,camellia,thermal-nolimits.conf,devices/xiaomi/camellia/thermal/thermal-nolimits.conf,thermal-engine-text,mi_thermald_aes,thermal-engine-text-v2,decoded,56.0,,,50.0,-6.0,mapped-artifact
xiaomi,camellia,thermal-normal.conf,devices/xiaomi/camellia/thermal/thermal-normal.conf,thermal-engine-text,mi_thermald_aes,thermal-engine-text-v2,decoded,56.0,,,55.0,-1.0,mapped-artifact
xiaomi,camellia,thermal-phone.conf,devices/xiaomi/camellia/thermal/thermal-phone.conf,thermal-engine-text,mi_thermald_aes,thermal-engine-text-v2,decoded,56.0,,,53.0,-3.0,mapped-artifact
xiaomi,camellia,thermal-tgame.conf,devices/xiaomi/camellia/thermal/thermal-tgame.conf,thermal-engine-text,mi_thermald_aes,thermal-engine-text-v2,decoded,56.0,,,53.0,-3.0,mapped-artifact
xiaomi,camellia,thermal-youtube.conf,devices/xiaomi/camellia/thermal/thermal-youtube.conf,thermal-engine-text,mi_thermald_aes,thermal-engine-text-v2,decoded,56.0,,,55.0,-1.0,mapped-artifact
xiaomi,camellia,thermald-devices.conf,devices/xiaomi/camellia/thermal/thermald-devices.conf,thermal-engine-text,plain,thermal-engine-text-v2,plain,,,,,,mapped-artifact
xiaomi,cancro,index.tsv,devices/xiaomi/cancro/thermal/index.tsv,text,plain,,plain,,,,,,mapped-artifact
xiaomi,cancro,thermal-engine-8974.conf,devices/xiaomi/cancro/thermal/thermal-engine-8974.conf,thermal-engine-text,plain,thermal-engine-text-v2,plain,550.0,,,,,mapped-artifact
xiaomi,cancro,thermal-engine-perf.conf,devices/xiaomi/cancro/thermal/thermal-engine-perf.conf,thermal-engine-text,plain,thermal-engine-text-v2,plain,115.0,,,,,mapped-artifact
xiaomi,cannon,index.tsv,devices/xiaomi/cannon/thermal/index.tsv,text,plain,,plain,,,,,,mapped-artifact
xiaomi,cannon,thermal-camera.conf,devices/xiaomi/cannon/thermal/thermal-camera.conf,thermal-engine-text,mi_thermald_aes,thermal-engine-text-v2,decoded,60.0,,,53.0,-7.0,mapped-artifact
xiaomi,cannon,thermal-chg-only.conf,devices/xiaomi/cannon/thermal/thermal-chg-only.conf,thermal-engine-text,plain,thermal-engine-text-v2,plain,60.0,,,53.0,-7.0,mapped-artifact
xiaomi,cannon,thermal-class0.conf,devices/xiaomi/cannon/thermal/thermal-class0.conf,thermal-engine-text,mi_thermald_aes,thermal-engine-text-v2,decoded,60.0,,,53.0,-7.0,mapped-artifact
xiaomi,cannon,thermal-map.conf,devices/xiaomi/cannon/thermal/thermal-map.conf,thermal-engine-text,mi_thermald_aes,thermal-engine-text-v2,decoded,,,,,,mapped-artifact
xiaomi,cannon,thermal-nolimits.conf,devices/xiaomi/cannon/thermal/thermal-nolimits.conf,thermal-engine-text,mi_thermald_aes,thermal-engine-text-v2,decoded,60.0,,,50.0,-10.0,mapped-artifact
xiaomi,cannon,thermal-normal.conf,devices/xiaomi/cannon/thermal/thermal-normal.conf,thermal-engine-text,mi_thermald_aes,thermal-engine-text-v2,decoded,60.0,,,53.0,-7.0,mapped-artifact
xiaomi,cannon,thermal-per-camera.conf,devices/xiaomi/cannon/thermal/thermal-per-camera.conf,thermal-engine-text,mi_thermald_aes,thermal-engine-text-v2,decoded,60.0,,,53.0,-7.0,mapped-artifact
xiaomi,cannon,thermal-per-class0.conf,devices/xiaomi/cannon/thermal/thermal-per-class0.conf,thermal-engine-text,mi_thermald_aes,thermal-engine-text-v2,decoded,60.0,,,53.0,-7.0,mapped-artifact
xiaomi,cannon,thermal-per-normal.conf,devices/xiaomi/cannon/thermal/thermal-per-normal.conf,thermal-engine-text,mi_thermald_aes,thermal-engine-text-v2,decoded,60.0,,,53.0,-7.0,mapped-artifact
xiaomi,cannon,thermal-phone.conf,devices/xiaomi/cannon/thermal/thermal-phone.conf,thermal-engine-text,mi_thermald_aes,thermal-engine-text-v2,decoded,60.0,,,53.0,-7.0,mapped-artifact
xiaomi,cannon,thermal-tgame.conf,devices/xiaomi/cannon/thermal/thermal-tgame.conf,thermal-engine-text,mi_thermald_aes,thermal-engine-text-v2,decoded,53.0,,,53.0,0.0,mapped-artifact
xiaomi,cannon,thermal-youtube.conf,devices/xiaomi/cannon/thermal/thermal-youtube.conf,thermal-engine-text,mi_thermald_aes,thermal-engine-text-v2,decoded,60.0,,,53.0,-7.0,mapped-artifact
xiaomi,cannon,thermald-devices.conf,devices/xiaomi/cannon/thermal/thermald-devices.conf,thermal-engine-text,plain,thermal-engine-text-v2,plain,,,,,,mapped-artifact
xiaomi,cannong,index.tsv,devices/xiaomi/cannong/thermal/index.tsv,text,plain,,plain,,,,,,mapped-artifact
xiaomi,cannong,thermal-camera.conf,devices/xiaomi/cannong/thermal/thermal-camera.conf,thermal-engine-text,mi_thermald_aes,thermal-engine-text-v2,decoded,60.0,,,53.0,-7.0,mapped-artifact
xiaomi,cannong,thermal-chg-only.conf,devices/xiaomi/cannong/thermal/thermal-chg-only.conf,thermal-engine-text,plain,thermal-engine-text-v2,plain,60.0,,,53.0,-7.0,mapped-artifact
xiaomi,cannong,thermal-class0.conf,devices/xiaomi/cannong/thermal/thermal-class0.conf,thermal-engine-text,mi_thermald_aes,thermal-engine-text-v2,decoded,60.0,,,53.0,-7.0,mapped-artifact
xiaomi,cannong,thermal-map.conf,devices/xiaomi/cannong/thermal/thermal-map.conf,thermal-engine-text,mi_thermald_aes,thermal-engine-text-v2,decoded,,,,,,mapped-artifact
xiaomi,cannong,thermal-nolimits.conf,devices/xiaomi/cannong/thermal/thermal-nolimits.conf,thermal-engine-text,mi_thermald_aes,thermal-engine-text-v2,decoded,60.0,,,50.0,-10.0,mapped-artifact
xiaomi,cannong,thermal-normal.conf,devices/xiaomi/cannong/thermal/thermal-normal.conf,thermal-engine-text,mi_thermald_aes,thermal-engine-text-v2,decoded,60.0,,,53.0,-7.0,mapped-artifact
xiaomi,cannong,thermal-phone.conf,devices/xiaomi/cannong/thermal/thermal-phone.conf,thermal-engine-text,mi_thermald_aes,thermal-engine-text-v2,decoded,60.0,,,53.0,-7.0,mapped-artifact
xiaomi,cannong,thermal-tgame.conf,devices/xiaomi/cannong/thermal/thermal-tgame.conf,thermal-engine-text,mi_thermald_aes,thermal-engine-text-v2,decoded,53.0,,,53.0,0.0,mapped-artifact
xiaomi,cannong,thermal-youtube.conf,devices/xiaomi/cannong/thermal/thermal-youtube.conf,thermal-engine-text,mi_thermald_aes,thermal-engine-text-v2,decoded,60.0,,,53.0,-7.0,mapped-artifact
xiaomi,cannong,thermald-devices.conf,devices/xiaomi/cannong/thermal/thermald-devices.conf,thermal-engine-text,plain,thermal-engine-text-v2,plain,,,,,,mapped-artifact
xiaomi,capricorn,index.tsv,devices/xiaomi/capricorn/thermal/index.tsv,text,plain,,plain,,,,,,mapped-artifact
xiaomi,capricorn,thermal-engine-8996-game.conf,devices/xiaomi/capricorn/thermal/thermal-engine-8996-game.conf,thermal-engine-text,mi_thermald_aes,thermal-engine-text-v2,decoded,91.0,,,,,mapped-artifact
xiaomi,capricorn,thermal-engine-8996-high.conf,devices/xiaomi/capricorn/thermal/thermal-engine-8996-high.conf,thermal-engine-text,mi_thermald_aes,thermal-engine-text-v2,decoded,91.0,,,,,mapped-artifact
xiaomi,capricorn,thermal-engine-8996-map.conf,devices/xiaomi/capricorn/thermal/thermal-engine-8996-map.conf,thermal-engine-text,mi_thermald_aes,thermal-engine-text-v2,decoded,,,,,,mapped-artifact
xiaomi,capricorn,thermal-engine-8996.conf,devices/xiaomi/capricorn/thermal/thermal-engine-8996.conf,thermal-engine-text,mi_thermald_aes,thermal-engine-text-v2,decoded,91.0,,,,,mapped-artifact
xiaomi,cas,index.tsv,devices/xiaomi/cas/thermal/index.tsv,text,plain,,plain,,,,,,mapped-artifact
xiaomi,cas,thermal-4k.conf,devices/xiaomi/cas/thermal/thermal-4k.conf,thermal-engine-text,mi_thermald_aes,thermal-engine-text-v2,decoded,60.0,,,,,mapped-artifact
xiaomi,cas,thermal-8k.conf,devices/xiaomi/cas/thermal/thermal-8k.conf,thermal-engine-text,mi_thermald_aes,thermal-engine-text-v2,decoded,60.0,,,,,mapped-artifact
xiaomi,cas,thermal-camera.conf,devices/xiaomi/cas/thermal/thermal-camera.conf,thermal-engine-text,mi_thermald_aes,thermal-engine-text-v2,decoded,60.0,,,,,mapped-artifact
xiaomi,cas,thermal-chg-only.conf,devices/xiaomi/cas/thermal/thermal-chg-only.conf,thermal-engine-text,plain,thermal-engine-text-v2,plain,60.0,,,,,mapped-artifact
xiaomi,cas,thermal-class0.conf,devices/xiaomi/cas/thermal/thermal-class0.conf,thermal-engine-text,mi_thermald_aes,thermal-engine-text-v2,decoded,60.0,,,,,mapped-artifact
xiaomi,cas,thermal-engine.conf,devices/xiaomi/cas/thermal/thermal-engine.conf,text,plain,,plain,,,,,,mapped-artifact
xiaomi,cas,thermal-map.conf,devices/xiaomi/cas/thermal/thermal-map.conf,thermal-engine-text,mi_thermald_aes,thermal-engine-text-v2,decoded,,,,,,mapped-artifact
xiaomi,cas,thermal-mgame.conf,devices/xiaomi/cas/thermal/thermal-mgame.conf,thermal-engine-text,mi_thermald_aes,thermal-engine-text-v2,decoded,60.0,,,51.0,-9.0,mapped-artifact
xiaomi,cas,thermal-navigation.conf,devices/xiaomi/cas/thermal/thermal-navigation.conf,thermal-engine-text,mi_thermald_aes,thermal-engine-text-v2,decoded,60.0,,,,,mapped-artifact
xiaomi,cas,thermal-nolimits.conf,devices/xiaomi/cas/thermal/thermal-nolimits.conf,thermal-engine-text,mi_thermald_aes,thermal-engine-text-v2,decoded,60.0,,,,,mapped-artifact
xiaomi,cas,thermal-normal.conf,devices/xiaomi/cas/thermal/thermal-normal.conf,thermal-engine-text,mi_thermald_aes,thermal-engine-text-v2,decoded,63.0,,,,,mapped-artifact
xiaomi,cas,thermal-per-camera.conf,devices/xiaomi/cas/thermal/thermal-per-camera.conf,thermal-engine-text,mi_thermald_aes,thermal-engine-text-v2,decoded,60.0,,,,,mapped-artifact
xiaomi,cas,thermal-per-class0.conf,devices/xiaomi/cas/thermal/thermal-per-class0.conf,thermal-engine-text,mi_thermald_aes,thermal-engine-text-v2,decoded,60.0,,,,,mapped-artifact
xiaomi,cas,thermal-per-navigation.conf,devices/xiaomi/cas/thermal/thermal-per-navigation.conf,thermal-engine-text,mi_thermald_aes,thermal-engine-text-v2,decoded,60.0,,,,,mapped-artifact
xiaomi,cas,thermal-per-normal.conf,devices/xiaomi/cas/thermal/thermal-per-normal.conf,thermal-engine-text,mi_thermald_aes,thermal-engine-text-v2,decoded,63.0,,,,,mapped-artifact
xiaomi,cas,thermal-per-video.conf,devices/xiaomi/cas/thermal/thermal-per-video.conf,thermal-engine-text,mi_thermald_aes,thermal-engine-text-v2,decoded,60.0,,,,,mapped-artifact
xiaomi,cas,thermal-phone.conf,devices/xiaomi/cas/thermal/thermal-phone.conf,thermal-engine-text,mi_thermald_aes,thermal-engine-text-v2,decoded,60.0,,,,,mapped-artifact
xiaomi,cas,thermal-tgame.conf,devices/xiaomi/cas/thermal/thermal-tgame.conf,thermal-engine-text,mi_thermald_aes,thermal-engine-text-v2,decoded,60.0,,,,,mapped-artifact
xiaomi,cas,thermal-video.conf,devices/xiaomi/cas/thermal/thermal-video.conf,thermal-engine-text,mi_thermald_aes,thermal-engine-text-v2,decoded,60.0,,,,,mapped-artifact
xiaomi,cas,thermald-devices.conf,devices/xiaomi/cas/thermal/thermald-devices.conf,thermal-engine-text,plain,thermal-engine-text-v2,plain,,,,,,mapped-artifact
xiaomi,cattail,index.tsv,devices/xiaomi/cattail/thermal/index.tsv,text,plain,,plain,,,,,,mapped-artifact
xiaomi,cattail,thermal-arvr.conf,devices/xiaomi/cattail/thermal/thermal-arvr.conf,thermal-engine-text,mi_thermald_aes,thermal-engine-text-v2,decoded,57.0,,,55.0,-2.0,mapped-artifact
xiaomi,cattail,thermal-camera.conf,devices/xiaomi/cattail/thermal/thermal-camera.conf,thermal-engine-text,mi_thermald_aes,thermal-engine-text-v2,decoded,57.0,,,55.0,-2.0,mapped-artifact
xiaomi,cattail,thermal-chg-only.conf,devices/xiaomi/cattail/thermal/thermal-chg-only.conf,thermal-engine-text,mi_thermald_aes,thermal-engine-text-v2,decoded,48.0,,,52.0,4.0,mapped-artifact
xiaomi,cattail,thermal-map.conf,devices/xiaomi/cattail/thermal/thermal-map.conf,thermal-engine-text,mi_thermald_aes,thermal-engine-text-v2,decoded,,,,,,mapped-artifact
xiaomi,cattail,thermal-nolimits.conf,devices/xiaomi/cattail/thermal/thermal-nolimits.conf,thermal-engine-text,mi_thermald_aes,thermal-engine-text-v2,decoded,57.0,,,49.0,-8.0,mapped-artifact
xiaomi,cattail,thermal-normal.conf,devices/xiaomi/cattail/thermal/thermal-normal.conf,thermal-engine-text,mi_thermald_aes,thermal-engine-text-v2,decoded,61.0,,,,,mapped-artifact
xiaomi,cattail,thermal-phone.conf,devices/xiaomi/cattail/thermal/thermal-phone.conf,thermal-engine-text,mi_thermald_aes,thermal-engine-text-v2,decoded,55.0,,,,,mapped-artifact
xiaomi,cattail,thermal-tgame.conf,devices/xiaomi/cattail/thermal/thermal-tgame.conf,thermal-engine-text,mi_thermald_aes,thermal-engine-text-v2,decoded,57.0,,,55.0,-2.0,mapped-artifact
xiaomi,cattail,thermal-youtube.conf,devices/xiaomi/cattail/thermal/thermal-youtube.conf,thermal-engine-text,mi_thermald_aes,thermal-engine-text-v2,decoded,57.0,,,55.0,-2.0,mapped-artifact
xiaomi,cattail,thermald-devices.conf,devices/xiaomi/cattail/thermal/thermald-devices.conf,thermal-engine-text,plain,thermal-engine-text-v2,plain,,,,,,mapped-artifact
xiaomi,centaur,index.tsv,devices/xiaomi/centaur/thermal/index.tsv,text,plain,,plain,,,,,,mapped-artifact
xiaomi,centaur,thermal-engine-8998-high.conf,devices/xiaomi/centaur/thermal/thermal-engine-8998-high.conf,text,plain,,plain,,,,,,mapped-artifact
xiaomi,centaur,thermal-engine-8998-map.conf,devices/xiaomi/centaur/thermal/thermal-engine-8998-map.conf,thermal-engine-text,mi_thermald_aes,thermal-engine-text-v2,decoded,,,,,,mapped-artifact
xiaomi,centaur,thermal-engine-8998.conf,devices/xiaomi/centaur/thermal/thermal-engine-8998.conf,text,plain,,plain,,,,,,mapped-artifact
xiaomi,centaur,thermal-engine.conf,devices/xiaomi/centaur/thermal/thermal-engine.conf,text,plain,,plain,,,,,,mapped-artifact
xiaomi,cepheus,index.tsv,devices/xiaomi/cepheus/thermal/index.tsv,text,plain,,plain,,,,,,mapped-artifact
xiaomi,cepheus,thermal-arvr.conf,devices/xiaomi/cepheus/thermal/thermal-arvr.conf,thermal-engine-text,mi_thermald_aes,thermal-engine-text-v2,decoded,60.0,,,26.0,-34.0,mapped-artifact
xiaomi,cepheus,thermal-camera.conf,devices/xiaomi/cepheus/thermal/thermal-camera.conf,thermal-engine-text,mi_thermald_aes,thermal-engine-text-v2,decoded,62.0,,,51.0,-11.0,mapped-artifact
xiaomi,cepheus,thermal-chg-only.conf,devices/xiaomi/cepheus/thermal/thermal-chg-only.conf,thermal-engine-text,plain,thermal-engine-text-v2,plain,60.0,,,,,mapped-artifact
xiaomi,cepheus,thermal-engine.conf,devices/xiaomi/cepheus/thermal/thermal-engine.conf,text,plain,,plain,,,,,,mapped-artifact
xiaomi,cepheus,thermal-map.conf,devices/xiaomi/cepheus/thermal/thermal-map.conf,thermal-engine-text,mi_thermald_aes,thermal-engine-text-v2,decoded,,,,,,mapped-artifact
xiaomi,cepheus,thermal-nolimits.conf,devices/xiaomi/cepheus/thermal/thermal-nolimits.conf,thermal-engine-text,mi_thermald_aes,thermal-engine-text-v2,decoded,60.0,,,,,mapped-artifact
xiaomi,cepheus,thermal-normal.conf,devices/xiaomi/cepheus/thermal/thermal-normal.conf,thermal-engine-text,mi_thermald_aes,thermal-engine-text-v2,decoded,62.0,,,51.0,-11.0,mapped-artifact
xiaomi,cepheus,thermal-phone.conf,devices/xiaomi/cepheus/thermal/thermal-phone.conf,thermal-engine-text,mi_thermald_aes,thermal-engine-text-v2,decoded,62.0,,,51.0,-11.0,mapped-artifact
xiaomi,cepheus,thermal-tgame.conf,devices/xiaomi/cepheus/thermal/thermal-tgame.conf,thermal-engine-text,mi_thermald_aes,thermal-engine-text-v2,decoded,64.0,,,,,mapped-artifact
xiaomi,cepheus,thermald-devices.conf,devices/xiaomi/cepheus/thermal/thermald-devices.conf,thermal-engine-text,plain,thermal-engine-text-v2,plain,,,,,,mapped-artifact
xiaomi,cetus,index.tsv,devices/xiaomi/cetus/thermal/index.tsv,text,plain,,plain,,,,,,mapped-artifact
xiaomi,cetus,thermal-camera-unfold.conf,devices/xiaomi/cetus/thermal/thermal-camera-unfold.conf,thermal-engine-text,mi_thermald_aes,thermal-engine-text-v2,decoded,70.0,,,,,mapped-artifact
xiaomi,cetus,thermal-camera.conf,devices/xiaomi/cetus/thermal/thermal-camera.conf,thermal-engine-text,mi_thermald_aes,thermal-engine-text-v2,decoded,70.0,,,51.0,-19.0,mapped-artifact
xiaomi,cetus,thermal-chg-only.conf,devices/xiaomi/cetus/thermal/thermal-chg-only.conf,thermal-engine-text,plain,thermal-engine-text-v2,plain,60.0,,,51.0,-9.0,mapped-artifact
xiaomi,cetus,thermal-class0-unfold.conf,devices/xiaomi/cetus/thermal/thermal-class0-unfold.conf,thermal-engine-text,mi_thermald_aes,thermal-engine-text-v2,decoded,70.0,,,21.0,-49.0,mapped-artifact
xiaomi,cetus,thermal-class0.conf,devices/xiaomi/cetus/thermal/thermal-class0.conf,thermal-engine-text,mi_thermald_aes,thermal-engine-text-v2,decoded,70.0,,,51.0,-19.0,mapped-artifact
xiaomi,cetus,thermal-engine.conf,devices/xiaomi/cetus/thermal/thermal-engine.conf,text,plain,,plain,,,,,,mapped-artifact
xiaomi,cetus,thermal-map.conf,devices/xiaomi/cetus/thermal/thermal-map.conf,thermal-engine-text,mi_thermald_aes,thermal-engine-text-v2,decoded,,,,,,mapped-artifact
xiaomi,cetus,thermal-mgame-unfold.conf,devices/xiaomi/cetus/thermal/thermal-mgame-unfold.conf,thermal-engine-text,mi_thermald_aes,thermal-engine-text-v2,decoded,60.0,,,48.0,-12.0,mapped-artifact
xiaomi,cetus,thermal-mgame.conf,devices/xiaomi/cetus/thermal/thermal-mgame.conf,thermal-engine-text,mi_thermald_aes,thermal-engine-text-v2,decoded,60.0,,,48.0,-12.0,mapped-artifact
xiaomi,cetus,thermal-navigation-unfold.conf,devices/xiaomi/cetus/thermal/thermal-navigation-unfold.conf,thermal-engine-text,mi_thermald_aes,thermal-engine-text-v2,decoded,70.0,,,48.0,-22.0,mapped-artifact
xiaomi,cetus,thermal-navigation.conf,devices/xiaomi/cetus/thermal/thermal-navigation.conf,thermal-engine-text,mi_thermald_aes,thermal-engine-text-v2,decoded,70.0,,,51.0,-19.0,mapped-artifact
xiaomi,cetus,thermal-nolimits-unfold.conf,devices/xiaomi/cetus/thermal/thermal-nolimits-unfold.conf,thermal-engine-text,mi_thermald_aes,thermal-engine-text-v2,decoded,60.0,,,,,mapped-artifact
xiaomi,cetus,thermal-nolimits.conf,devices/xiaomi/cetus/thermal/thermal-nolimits.conf,thermal-engine-text,mi_thermald_aes,thermal-engine-text-v2,decoded,60.0,,,,,mapped-artifact
xiaomi,cetus,thermal-normal-unfold.conf,devices/xiaomi/cetus/thermal/thermal-normal-unfold.conf,thermal-engine-text,mi_thermald_aes,thermal-engine-text-v2,decoded,70.0,,,21.0,-49.0,mapped-artifact
xiaomi,cetus,thermal-normal.conf,devices/xiaomi/cetus/thermal/thermal-normal.conf,thermal-engine-text,mi_thermald_aes,thermal-engine-text-v2,decoded,70.0,,,51.0,-19.0,mapped-artifact
xiaomi,cetus,thermal-per-camera-unfold.conf,devices/xiaomi/cetus/thermal/thermal-per-camera-unfold.conf,thermal-engine-text,mi_thermald_aes,thermal-engine-text-v2,decoded,70.0,,,,,mapped-artifact
xiaomi,cetus,thermal-per-camera.conf,devices/xiaomi/cetus/thermal/thermal-per-camera.conf,thermal-engine-text,mi_thermald_aes,thermal-engine-text-v2,decoded,70.0,,,51.0,-19.0,mapped-artifact
xiaomi,cetus,thermal-per-class0-unfold.conf,devices/xiaomi/cetus/thermal/thermal-per-class0-unfold.conf,thermal-engine-text,mi_thermald_aes,thermal-engine-text-v2,decoded,70.0,,,21.0,-49.0,mapped-artifact
xiaomi,cetus,thermal-per-class0.conf,devices/xiaomi/cetus/thermal/thermal-per-class0.conf,thermal-engine-text,mi_thermald_aes,thermal-engine-text-v2,decoded,70.0,,,51.0,-19.0,mapped-artifact
xiaomi,cetus,thermal-per-navigation-unfold.conf,devices/xiaomi/cetus/thermal/thermal-per-navigation-unfold.conf,thermal-engine-text,mi_thermald_aes,thermal-engine-text-v2,decoded,70.0,,,48.0,-22.0,mapped-artifact
xiaomi,cetus,thermal-per-navigation.conf,devices/xiaomi/cetus/thermal/thermal-per-navigation.conf,thermal-engine-text,mi_thermald_aes,thermal-engine-text-v2,decoded,70.0,,,51.0,-19.0,mapped-artifact
xiaomi,cetus,thermal-per-normal-unfold.conf,devices/xiaomi/cetus/thermal/thermal-per-normal-unfold.conf,thermal-engine-text,mi_thermald_aes,thermal-engine-text-v2,decoded,70.0,,,21.0,-49.0,mapped-artifact
xiaomi,cetus,thermal-per-normal.conf,devices/xiaomi/cetus/thermal/thermal-per-normal.conf,thermal-engine-text,mi_thermald_aes,thermal-engine-text-v2,decoded,70.0,,,51.0,-19.0,mapped-artifact
xiaomi,cetus,thermal-per-video-unfold.conf,devices/xiaomi/cetus/thermal/thermal-per-video-unfold.conf,thermal-engine-text,mi_thermald_aes,thermal-engine-text-v2,decoded,70.0,,,48.0,-22.0,mapped-artifact
xiaomi,cetus,thermal-per-video.conf,devices/xiaomi/cetus/thermal/thermal-per-video.conf,thermal-engine-text,mi_thermald_aes,thermal-engine-text-v2,decoded,70.0,,,51.0,-19.0,mapped-artifact
xiaomi,cetus,thermal-phone-unfold.conf,devices/xiaomi/cetus/thermal/thermal-phone-unfold.conf,thermal-engine-text,mi_thermald_aes,thermal-engine-text-v2,decoded,70.0,,,,,mapped-artifact
xiaomi,cetus,thermal-phone.conf,devices/xiaomi/cetus/thermal/thermal-phone.conf,thermal-engine-text,mi_thermald_aes,thermal-engine-text-v2,decoded,70.0,,,51.0,-19.0,mapped-artifact
xiaomi,cetus,thermal-tgame-unfold.conf,devices/xiaomi/cetus/thermal/thermal-tgame-unfold.conf,thermal-engine-text,mi_thermald_aes,thermal-engine-text-v2,decoded,60.0,,,,,mapped-artifact
xiaomi,cetus,thermal-tgame.conf,devices/xiaomi/cetus/thermal/thermal-tgame.conf,thermal-engine-text,mi_thermald_aes,thermal-engine-text-v2,decoded,60.0,,,,,mapped-artifact
xiaomi,cetus,thermal-video-unfold.conf,devices/xiaomi/cetus/thermal/thermal-video-unfold.conf,thermal-engine-text,mi_thermald_aes,thermal-engine-text-v2,decoded,70.0,,,48.0,-22.0,mapped-artifact
xiaomi,cetus,thermal-video.conf,devices/xiaomi/cetus/thermal/thermal-video.conf,thermal-engine-text,mi_thermald_aes,thermal-engine-text-v2,decoded,70.0,,,51.0,-19.0,mapped-artifact
xiaomi,cetus,thermald-devices.conf,devices/xiaomi/cetus/thermal/thermald-devices.conf,thermal-engine-text,plain,thermal-engine-text-v2,plain,,,,,,mapped-artifact
xiaomi,cezanne,index.tsv,devices/xiaomi/cezanne/thermal/index.tsv,text,plain,,plain,,,,,,mapped-artifact
xiaomi,cezanne,thermal-arvr.conf,devices/xiaomi/cezanne/thermal/thermal-arvr.conf,thermal-engine-text,mi_thermald_aes,thermal-engine-text-v2,decoded,60.0,,,53.0,-7.0,mapped-artifact
xiaomi,cezanne,thermal-camera.conf,devices/xiaomi/cezanne/thermal/thermal-camera.conf,thermal-engine-text,mi_thermald_aes,thermal-engine-text-v2,decoded,60.0,,,55.0,-5.0,mapped-artifact
xiaomi,cezanne,thermal-chg-only.conf,devices/xiaomi/cezanne/thermal/thermal-chg-only.conf,thermal-engine-text,plain,thermal-engine-text-v2,plain,60.0,,,55.0,-5.0,mapped-artifact
xiaomi,cezanne,thermal-class0.conf,devices/xiaomi/cezanne/thermal/thermal-class0.conf,thermal-engine-text,mi_thermald_aes,thermal-engine-text-v2,decoded,60.0,,,52.0,-8.0,mapped-artifact
xiaomi,cezanne,thermal-map.conf,devices/xiaomi/cezanne/thermal/thermal-map.conf,thermal-engine-text,mi_thermald_aes,thermal-engine-text-v2,decoded,,,,,,mapped-artifact
xiaomi,cezanne,thermal-mgame.conf,devices/xiaomi/cezanne/thermal/thermal-mgame.conf,thermal-engine-text,mi_thermald_aes,thermal-engine-text-v2,decoded,60.0,,,50.0,-10.0,mapped-artifact
xiaomi,cezanne,thermal-nolimits.conf,devices/xiaomi/cezanne/thermal/thermal-nolimits.conf,thermal-engine-text,mi_thermald_aes,thermal-engine-text-v2,decoded,60.0,,,50.0,-10.0,mapped-artifact
xiaomi,cezanne,thermal-normal.conf,devices/xiaomi/cezanne/thermal/thermal-normal.conf,thermal-engine-text,mi_thermald_aes,thermal-engine-text-v2,decoded,60.0,,,52.0,-8.0,mapped-artifact
xiaomi,cezanne,thermal-phone.conf,devices/xiaomi/cezanne/thermal/thermal-phone.conf,thermal-engine-text,mi_thermald_aes,thermal-engine-text-v2,decoded,60.0,,,55.0,-5.0,mapped-artifact
xiaomi,cezanne,thermal-tgame.conf,devices/xiaomi/cezanne/thermal/thermal-tgame.conf,thermal-engine-text,mi_thermald_aes,thermal-engine-text-v2,decoded,60.0,,,50.0,-10.0,mapped-artifact
xiaomi,cezanne,thermald-devices.conf,devices/xiaomi/cezanne/thermal/thermald-devices.conf,thermal-engine-text,plain,thermal-engine-text-v2,plain,,,,,,mapped-artifact
xiaomi,chiron,index.tsv,devices/xiaomi/chiron/thermal/index.tsv,text,plain,,plain,,,,,,mapped-artifact
xiaomi,chiron,thermal-engine-8998-arvr.conf,devices/xiaomi/chiron/thermal/thermal-engine-8998-arvr.conf,thermal-engine-text,mi_thermald_aes,thermal-engine-text-v2,decoded,60.0,,,,,mapped-artifact
xiaomi,chiron,thermal-engine-8998-d5-india.conf,devices/xiaomi/chiron/thermal/thermal-engine-8998-d5-india.conf,thermal-engine-text,mi_thermald_aes,thermal-engine-text-v2,decoded,100.0,,,,,mapped-artifact
xiaomi,chiron,thermal-engine-8998-d5s.conf,devices/xiaomi/chiron/thermal/thermal-engine-8998-d5s.conf,thermal-engine-text,mi_thermald_aes,thermal-engine-text-v2,decoded,91.0,,,,,mapped-artifact
xiaomi,chiron,thermal-engine-8998-high.conf,devices/xiaomi/chiron/thermal/thermal-engine-8998-high.conf,thermal-engine-text,mi_thermald_aes,thermal-engine-text-v2,decoded,91.0,,,,,mapped-artifact
xiaomi,chiron,thermal-engine-8998-map.conf,devices/xiaomi/chiron/thermal/thermal-engine-8998-map.conf,thermal-engine-text,mi_thermald_aes,thermal-engine-text-v2,decoded,,,,,,mapped-artifact
xiaomi,chiron,thermal-engine-8998-nolimits.conf,devices/xiaomi/chiron/thermal/thermal-engine-8998-nolimits.conf,thermal-engine-text,mi_thermald_aes,thermal-engine-text-v2,decoded,60.0,,,,,mapped-artifact
xiaomi,chiron,thermal-engine-8998.conf,devices/xiaomi/chiron/thermal/thermal-engine-8998.conf,thermal-engine-text,mi_thermald_aes,thermal-engine-text-v2,decoded,91.0,,,,,mapped-artifact
xiaomi,chiron,thermal-engine.conf,devices/xiaomi/chiron/thermal/thermal-engine.conf,text,plain,,plain,,,,,,mapped-artifact
xiaomi,chopin,index.tsv,devices/xiaomi/chopin/thermal/index.tsv,text,plain,,plain,,,,,,mapped-artifact
xiaomi,chopin,thermal-4k.conf,devices/xiaomi/chopin/thermal/thermal-4k.conf,thermal-engine-text,mi_thermald_aes,thermal-engine-text-v2,decoded,100.0,,,52.0,-48.0,mapped-artifact
xiaomi,chopin,thermal-camera.conf,devices/xiaomi/chopin/thermal/thermal-camera.conf,thermal-engine-text,mi_thermald_aes,thermal-engine-text-v2,decoded,100.0,,,52.0,-48.0,mapped-artifact
xiaomi,chopin,thermal-chg-only.conf,devices/xiaomi/chopin/thermal/thermal-chg-only.conf,thermal-engine-text,plain,thermal-engine-text-v2,plain,60.0,,,55.0,-5.0,mapped-artifact
xiaomi,chopin,thermal-class0.conf,devices/xiaomi/chopin/thermal/thermal-class0.conf,thermal-engine-text,mi_thermald_aes,thermal-engine-text-v2,decoded,100.0,,,54.0,-46.0,mapped-artifact
xiaomi,chopin,thermal-map.conf,devices/xiaomi/chopin/thermal/thermal-map.conf,thermal-engine-text,mi_thermald_aes,thermal-engine-text-v2,decoded,,,,,,mapped-artifact
xiaomi,chopin,thermal-mgame.conf,devices/xiaomi/chopin/thermal/thermal-mgame.conf,thermal-engine-text,mi_thermald_aes,thermal-engine-text-v2,decoded,100.0,,,50.0,-50.0,mapped-artifact
xiaomi,chopin,thermal-navigation.conf,devices/xiaomi/chopin/thermal/thermal-navigation.conf,thermal-engine-text,mi_thermald_aes,thermal-engine-text-v2,decoded,100.0,,,54.0,-46.0,mapped-artifact
xiaomi,chopin,thermal-nolimits.conf,devices/xiaomi/chopin/thermal/thermal-nolimits.conf,thermal-engine-text,mi_thermald_aes,thermal-engine-text-v2,decoded,100.0,,,50.0,-50.0,mapped-artifact
xiaomi,chopin,thermal-normal.conf,devices/xiaomi/chopin/thermal/thermal-normal.conf,thermal-engine-text,mi_thermald_aes,thermal-engine-text-v2,decoded,100.0,,,54.0,-46.0,mapped-artifact
xiaomi,chopin,thermal-per-camera.conf,devices/xiaomi/chopin/thermal/thermal-per-camera.conf,thermal-engine-text,mi_thermald_aes,thermal-engine-text-v2,decoded,100.0,,,53.0,-47.0,mapped-artifact
xiaomi,chopin,thermal-per-class0.conf,devices/xiaomi/chopin/thermal/thermal-per-class0.conf,thermal-engine-text,mi_thermald_aes,thermal-engine-text-v2,decoded,100.0,,,52.0,-48.0,mapped-artifact
xiaomi,chopin,thermal-per-navigation.conf,devices/xiaomi/chopin/thermal/thermal-per-navigation.conf,thermal-engine-text,mi_thermald_aes,thermal-engine-text-v2,decoded,100.0,,,54.0,-46.0,mapped-artifact
xiaomi,chopin,thermal-per-normal.conf,devices/xiaomi/chopin/thermal/thermal-per-normal.conf,thermal-engine-text,mi_thermald_aes,thermal-engine-text-v2,decoded,100.0,,,54.0,-46.0,mapped-artifact
xiaomi,chopin,thermal-per-video.conf,devices/xiaomi/chopin/thermal/thermal-per-video.conf,thermal-engine-text,mi_thermald_aes,thermal-engine-text-v2,decoded,100.0,,,54.0,-46.0,mapped-artifact
xiaomi,chopin,thermal-phone.conf,devices/xiaomi/chopin/thermal/thermal-phone.conf,thermal-engine-text,mi_thermald_aes,thermal-engine-text-v2,decoded,100.0,,,54.0,-46.0,mapped-artifact
xiaomi,chopin,thermal-tgame.conf,devices/xiaomi/chopin/thermal/thermal-tgame.conf,thermal-engine-text,mi_thermald_aes,thermal-engine-text-v2,decoded,100.0,,,52.0,-48.0,mapped-artifact
xiaomi,chopin,thermal-video.conf,devices/xiaomi/chopin/thermal/thermal-video.conf,thermal-engine-text,mi_thermald_aes,thermal-engine-text-v2,decoded,100.0,,,54.0,-46.0,mapped-artifact
xiaomi,chopin,thermald-devices.conf,devices/xiaomi/chopin/thermal/thermald-devices.conf,thermal-engine-text,plain,thermal-engine-text-v2,plain,,,,,,mapped-artifact
xiaomi,citrus,index.tsv,devices/xiaomi/citrus/thermal/index.tsv,text,plain,,plain,,,,,,mapped-artifact
xiaomi,citrus,thermal-arvr.conf,devices/xiaomi/citrus/thermal/thermal-arvr.conf,thermal-engine-text,mi_thermald_aes,thermal-engine-text-v2,decoded,57.0,,,55.0,-2.0,mapped-artifact
xiaomi,citrus,thermal-camera.conf,devices/xiaomi/citrus/thermal/thermal-camera.conf,thermal-engine-text,mi_thermald_aes,thermal-engine-text-v2,decoded,57.0,,,55.0,-2.0,mapped-artifact
xiaomi,citrus,thermal-chg-only.conf,devices/xiaomi/citrus/thermal/thermal-chg-only.conf,thermal-engine-text,mi_thermald_aes,thermal-engine-text-v2,decoded,48.0,,,49.0,1.0,mapped-artifact
xiaomi,citrus,thermal-engine.conf,devices/xiaomi/citrus/thermal/thermal-engine.conf,text,plain,,plain,,,,,,mapped-artifact
xiaomi,citrus,thermal-map.conf,devices/xiaomi/citrus/thermal/thermal-map.conf,thermal-engine-text,mi_thermald_aes,thermal-engine-text-v2,decoded,,,,,,mapped-artifact
xiaomi,citrus,thermal-nolimits.conf,devices/xiaomi/citrus/thermal/thermal-nolimits.conf,thermal-engine-text,mi_thermald_aes,thermal-engine-text-v2,decoded,57.0,,,50.0,-7.0,mapped-artifact
xiaomi,citrus,thermal-normal.conf,devices/xiaomi/citrus/thermal/thermal-normal.conf,thermal-engine-text,mi_thermald_aes,thermal-engine-text-v2,decoded,57.0,,,55.0,-2.0,mapped-artifact
xiaomi,citrus,thermal-phone.conf,devices/xiaomi/citrus/thermal/thermal-phone.conf,thermal-engine-text,mi_thermald_aes,thermal-engine-text-v2,decoded,57.0,,,53.0,-4.0,mapped-artifact
xiaomi,citrus,thermal-tgame.conf,devices/xiaomi/citrus/thermal/thermal-tgame.conf,thermal-engine-text,mi_thermald_aes,thermal-engine-text-v2,decoded,60.0,,,53.0,-7.0,mapped-artifact
xiaomi,citrus,thermal-youtube.conf,devices/xiaomi/citrus/thermal/thermal-youtube.conf,thermal-engine-text,mi_thermald_aes,thermal-engine-text-v2,decoded,57.0,,,55.0,-2.0,mapped-artifact
xiaomi,citrus,thermald-devices.conf,devices/xiaomi/citrus/thermal/thermald-devices.conf,thermal-engine-text,plain,thermal-engine-text-v2,plain,,,,,,mapped-artifact
xiaomi,clover,index.tsv,devices/xiaomi/clover/thermal/index.tsv,text,plain,,plain,,,,,,mapped-artifact
xiaomi,clover,thermal-engine-high.conf,devices/xiaomi/clover/thermal/thermal-engine-high.conf,thermal-engine-text,plain,thermal-engine-text-v2,plain,47.0,,,,,mapped-artifact
xiaomi,clover,thermal-engine-map.conf,devices/xiaomi/clover/thermal/thermal-engine-map.conf,thermal-engine-text,plain,thermal-engine-text-v2,plain,,,,,,mapped-artifact
xiaomi,clover,thermal-engine-nolimits.conf,devices/xiaomi/clover/thermal/thermal-engine-nolimits.conf,text,plain,,plain,,,,,,mapped-artifact
xiaomi,clover,thermal-engine-normal.conf,devices/xiaomi/clover/thermal/thermal-engine-normal.conf,thermal-engine-text,plain,thermal-engine-text-v2,plain,55.0,,,,,mapped-artifact
xiaomi,clover,thermal-engine.conf,devices/xiaomi/clover/thermal/thermal-engine.conf,text,plain,,plain,,,,,,mapped-artifact
xiaomi,cmi,index.tsv,devices/xiaomi/cmi/thermal/index.tsv,text,plain,,plain,,,,,,mapped-artifact
xiaomi,cmi,thermal-4k.conf,devices/xiaomi/cmi/thermal/thermal-4k.conf,thermal-engine-text,mi_thermald_aes,thermal-engine-text-v2,decoded,60.0,,,,,mapped-artifact
xiaomi,cmi,thermal-8k.conf,devices/xiaomi/cmi/thermal/thermal-8k.conf,thermal-engine-text,mi_thermald_aes,thermal-engine-text-v2,decoded,60.0,,,,,mapped-artifact
xiaomi,cmi,thermal-camera.conf,devices/xiaomi/cmi/thermal/thermal-camera.conf,thermal-engine-text,mi_thermald_aes,thermal-engine-text-v2,decoded,60.0,,,,,mapped-artifact
xiaomi,cmi,thermal-chg-only.conf,devices/xiaomi/cmi/thermal/thermal-chg-only.conf,thermal-engine-text,plain,thermal-engine-text-v2,plain,60.0,,,,,mapped-artifact
xiaomi,cmi,thermal-class0.conf,devices/xiaomi/cmi/thermal/thermal-class0.conf,thermal-engine-text,mi_thermald_aes,thermal-engine-text-v2,decoded,60.0,,,,,mapped-artifact
xiaomi,cmi,thermal-engine.conf,devices/xiaomi/cmi/thermal/thermal-engine.conf,text,plain,,plain,,,,,,mapped-artifact
xiaomi,cmi,thermal-map.conf,devices/xiaomi/cmi/thermal/thermal-map.conf,thermal-engine-text,mi_thermald_aes,thermal-engine-text-v2,decoded,,,,,,mapped-artifact
xiaomi,cmi,thermal-navigation.conf,devices/xiaomi/cmi/thermal/thermal-navigation.conf,thermal-engine-text,mi_thermald_aes,thermal-engine-text-v2,decoded,60.0,,,,,mapped-artifact
xiaomi,cmi,thermal-nolimits.conf,devices/xiaomi/cmi/thermal/thermal-nolimits.conf,thermal-engine-text,mi_thermald_aes,thermal-engine-text-v2,decoded,60.0,,,,,mapped-artifact
xiaomi,cmi,thermal-normal.conf,devices/xiaomi/cmi/thermal/thermal-normal.conf,thermal-engine-text,mi_thermald_aes,thermal-engine-text-v2,decoded,61.0,,,,,mapped-artifact
xiaomi,cmi,thermal-per-camera.conf,devices/xiaomi/cmi/thermal/thermal-per-camera.conf,thermal-engine-text,mi_thermald_aes,thermal-engine-text-v2,decoded,60.0,,,,,mapped-artifact
xiaomi,cmi,thermal-per-class0.conf,devices/xiaomi/cmi/thermal/thermal-per-class0.conf,thermal-engine-text,mi_thermald_aes,thermal-engine-text-v2,decoded,60.0,,,,,mapped-artifact
xiaomi,cmi,thermal-per-navigation.conf,devices/xiaomi/cmi/thermal/thermal-per-navigation.conf,thermal-engine-text,mi_thermald_aes,thermal-engine-text-v2,decoded,60.0,,,,,mapped-artifact
xiaomi,cmi,thermal-per-normal.conf,devices/xiaomi/cmi/thermal/thermal-per-normal.conf,thermal-engine-text,mi_thermald_aes,thermal-engine-text-v2,decoded,61.0,,,,,mapped-artifact
xiaomi,cmi,thermal-phone.conf,devices/xiaomi/cmi/thermal/thermal-phone.conf,thermal-engine-text,mi_thermald_aes,thermal-engine-text-v2,decoded,60.0,,,,,mapped-artifact
xiaomi,cmi,thermal-tgame.conf,devices/xiaomi/cmi/thermal/thermal-tgame.conf,thermal-engine-text,mi_thermald_aes,thermal-engine-text-v2,decoded,60.0,,,,,mapped-artifact
xiaomi,cmi,thermald-devices.conf,devices/xiaomi/cmi/thermal/thermald-devices.conf,thermal-engine-text,plain,thermal-engine-text-v2,plain,,,,,,mapped-artifact
xiaomi,courbet,index.tsv,devices/xiaomi/courbet/thermal/index.tsv,text,plain,,plain,,,,,,mapped-artifact
xiaomi,courbet,thermal-arvr.conf,devices/xiaomi/courbet/thermal/thermal-arvr.conf,thermal-engine-text,mi_thermald_aes,thermal-engine-text-v2,decoded,60.0,,,16.0,-44.0,mapped-artifact
xiaomi,courbet,thermal-camera.conf,devices/xiaomi/courbet/thermal/thermal-camera.conf,thermal-engine-text,mi_thermald_aes,thermal-engine-text-v2,decoded,60.0,,,54.0,-6.0,mapped-artifact
xiaomi,courbet,thermal-chg-only.conf,devices/xiaomi/courbet/thermal/thermal-chg-only.conf,thermal-engine-text,plain,thermal-engine-text-v2,plain,60.0,,,54.0,-6.0,mapped-artifact
xiaomi,courbet,thermal-engine.conf,devices/xiaomi/courbet/thermal/thermal-engine.conf,text,plain,,plain,,,,,,mapped-artifact
xiaomi,courbet,thermal-india-camera.conf,devices/xiaomi/courbet/thermal/thermal-india-camera.conf,thermal-engine-text,mi_thermald_aes,thermal-engine-text-v2,decoded,60.0,,,54.0,-6.0,mapped-artifact
xiaomi,courbet,thermal-india-normal.conf,devices/xiaomi/courbet/thermal/thermal-india-normal.conf,thermal-engine-text,mi_thermald_aes,thermal-engine-text-v2,decoded,60.0,,,54.0,-6.0,mapped-artifact
xiaomi,courbet,thermal-map-india.conf,devices/xiaomi/courbet/thermal/thermal-map-india.conf,text,plain,,plain,,,,,,mapped-artifact
xiaomi,courbet,thermal-map.conf,devices/xiaomi/courbet/thermal/thermal-map.conf,thermal-engine-text,mi_thermald_aes,thermal-engine-text-v2,decoded,,,,,,mapped-artifact
xiaomi,courbet,thermal-nolimits.conf,devices/xiaomi/courbet/thermal/thermal-nolimits.conf,thermal-engine-text,mi_thermald_aes,thermal-engine-text-v2,decoded,60.0,,,53.0,-7.0,mapped-artifact
xiaomi,courbet,thermal-normal.conf,devices/xiaomi/courbet/thermal/thermal-normal.conf,thermal-engine-text,mi_thermald_aes,thermal-engine-text-v2,decoded,60.0,,,54.0,-6.0,mapped-artifact
xiaomi,courbet,thermal-phone.conf,devices/xiaomi/courbet/thermal/thermal-phone.conf,thermal-engine-text,mi_thermald_aes,thermal-engine-text-v2,decoded,60.0,,,53.0,-7.0,mapped-artifact
xiaomi,courbet,thermal-region-map.conf,devices/xiaomi/courbet/thermal/thermal-region-map.conf,text,plain,,plain,,,,,,mapped-artifact
xiaomi,courbet,thermal-tgame.conf,devices/xiaomi/courbet/thermal/thermal-tgame.conf,thermal-engine-text,mi_thermald_aes,thermal-engine-text-v2,decoded,60.0,,,54.0,-6.0,mapped-artifact
xiaomi,courbet,thermald-devices.conf,devices/xiaomi/courbet/thermal/thermald-devices.conf,thermal-engine-text,plain,thermal-engine-text-v2,plain,,,,,,mapped-artifact
xiaomi,crux,index.tsv,devices/xiaomi/crux/thermal/index.tsv,text,plain,,plain,,,,,,mapped-artifact
xiaomi,crux,thermal-arvr.conf,devices/xiaomi/crux/thermal/thermal-arvr.conf,thermal-engine-text,mi_thermald_aes,thermal-engine-text-v2,decoded,60.0,,,26.0,-34.0,mapped-artifact
xiaomi,crux,thermal-camera.conf,devices/xiaomi/crux/thermal/thermal-camera.conf,thermal-engine-text,mi_thermald_aes,thermal-engine-text-v2,decoded,60.0,,,51.0,-9.0,mapped-artifact
xiaomi,crux,thermal-chg-only.conf,devices/xiaomi/crux/thermal/thermal-chg-only.conf,thermal-engine-text,plain,thermal-engine-text-v2,plain,60.0,,,,,mapped-artifact
xiaomi,crux,thermal-engine.conf,devices/xiaomi/crux/thermal/thermal-engine.conf,text,plain,,plain,,,,,,mapped-artifact
xiaomi,crux,thermal-map.conf,devices/xiaomi/crux/thermal/thermal-map.conf,thermal-engine-text,mi_thermald_aes,thermal-engine-text-v2,decoded,,,,,,mapped-artifact
xiaomi,crux,thermal-nolimits.conf,devices/xiaomi/crux/thermal/thermal-nolimits.conf,thermal-engine-text,mi_thermald_aes,thermal-engine-text-v2,decoded,60.0,,,,,mapped-artifact
xiaomi,crux,thermal-normal.conf,devices/xiaomi/crux/thermal/thermal-normal.conf,thermal-engine-text,mi_thermald_aes,thermal-engine-text-v2,decoded,60.0,,,51.0,-9.0,mapped-artifact
xiaomi,crux,thermal-phone.conf,devices/xiaomi/crux/thermal/thermal-phone.conf,thermal-engine-text,mi_thermald_aes,thermal-engine-text-v2,decoded,60.0,,,51.0,-9.0,mapped-artifact
xiaomi,crux,thermal-tgame.conf,devices/xiaomi/crux/thermal/thermal-tgame.conf,thermal-engine-text,mi_thermald_aes,thermal-engine-text-v2,decoded,60.0,,,,,mapped-artifact
xiaomi,crux,thermald-devices.conf,devices/xiaomi/crux/thermal/thermald-devices.conf,thermal-engine-text,plain,thermal-engine-text-v2,plain,,,,,,mapped-artifact
xiaomi,cupid,index.tsv,devices/xiaomi/cupid/thermal/index.tsv,text,plain,,plain,,,,,,mapped-artifact
xiaomi,cupid,thermal-4k.conf,devices/xiaomi/cupid/thermal/thermal-4k.conf,thermal-engine-text,mi_thermald_aes,thermal-engine-text-v2,decoded,62.0,,,51.0,-11.0,mapped-artifact
xiaomi,cupid,thermal-abnormal.conf,devices/xiaomi/cupid/thermal/thermal-abnormal.conf,thermal-engine-text,mi_thermald_aes,thermal-engine-text-v2,decoded,65.0,,,51.0,-14.0,mapped-artifact
xiaomi,cupid,thermal-arvr.conf,devices/xiaomi/cupid/thermal/thermal-arvr.conf,thermal-engine-text,mi_thermald_aes,thermal-engine-text-v2,decoded,65.0,,,51.0,-14.0,mapped-artifact
xiaomi,cupid,thermal-camera.conf,devices/xiaomi/cupid/thermal/thermal-camera.conf,thermal-engine-text,mi_thermald_aes,thermal-engine-text-v2,decoded,62.0,,,51.0,-11.0,mapped-artifact
xiaomi,cupid,thermal-chg-only.conf,devices/xiaomi/cupid/thermal/thermal-chg-only.conf,thermal-engine-text,plain,thermal-engine-text-v2,plain,45.0,,,51.0,6.0,mapped-artifact
xiaomi,cupid,thermal-class0.conf,devices/xiaomi/cupid/thermal/thermal-class0.conf,thermal-engine-text,mi_thermald_aes,thermal-engine-text-v2,decoded,62.0,,,51.0,-11.0,mapped-artifact
xiaomi,cupid,thermal-engine.conf,devices/xiaomi/cupid/thermal/thermal-engine.conf,text,plain,,plain,,,,,,mapped-artifact
xiaomi,cupid,thermal-hp-mgame.conf,devices/xiaomi/cupid/thermal/thermal-hp-mgame.conf,thermal-engine-text,mi_thermald_aes,thermal-engine-text-v2,decoded,65.0,,,51.0,-14.0,mapped-artifact
xiaomi,cupid,thermal-hp-normal.conf,devices/xiaomi/cupid/thermal/thermal-hp-normal.conf,thermal-engine-text,mi_thermald_aes,thermal-engine-text-v2,decoded,57.0,,,51.0,-6.0,mapped-artifact
xiaomi,cupid,thermal-huanji.conf,devices/xiaomi/cupid/thermal/thermal-huanji.conf,thermal-engine-text,mi_thermald_aes,thermal-engine-text-v2,decoded,57.0,,,49.0,-8.0,mapped-artifact
xiaomi,cupid,thermal-iec-4k.conf,devices/xiaomi/cupid/thermal/thermal-iec-4k.conf,thermal-engine-text,mi_thermald_aes,thermal-engine-text-v2,decoded,65.0,,,51.0,-14.0,mapped-artifact
xiaomi,cupid,thermal-iec-abnormal.conf,devices/xiaomi/cupid/thermal/thermal-iec-abnormal.conf,thermal-engine-text,mi_thermald_aes,thermal-engine-text-v2,decoded,65.0,,,51.0,-14.0,mapped-artifact
xiaomi,cupid,thermal-iec-camera.conf,devices/xiaomi/cupid/thermal/thermal-iec-camera.conf,thermal-engine-text,mi_thermald_aes,thermal-engine-text-v2,decoded,65.0,,,51.0,-14.0,mapped-artifact
xiaomi,cupid,thermal-iec-chg-only.conf,devices/xiaomi/cupid/thermal/thermal-iec-chg-only.conf,thermal-engine-text,mi_thermald_aes,thermal-engine-text-v2,decoded,45.0,,,51.0,6.0,mapped-artifact
xiaomi,cupid,thermal-iec-class0.conf,devices/xiaomi/cupid/thermal/thermal-iec-class0.conf,thermal-engine-text,mi_thermald_aes,thermal-engine-text-v2,decoded,65.0,,,51.0,-14.0,mapped-artifact
xiaomi,cupid,thermal-iec-huanji.conf,devices/xiaomi/cupid/thermal/thermal-iec-huanji.conf,thermal-engine-text,mi_thermald_aes,thermal-engine-text-v2,decoded,65.0,,,49.0,-16.0,mapped-artifact
xiaomi,cupid,thermal-iec-mgame.conf,devices/xiaomi/cupid/thermal/thermal-iec-mgame.conf,thermal-engine-text,mi_thermald_aes,thermal-engine-text-v2,decoded,65.0,,,51.0,-14.0,mapped-artifact
xiaomi,cupid,thermal-iec-navigation.conf,devices/xiaomi/cupid/thermal/thermal-iec-navigation.conf,thermal-engine-text,mi_thermald_aes,thermal-engine-text-v2,decoded,65.0,,,51.0,-14.0,mapped-artifact
xiaomi,cupid,thermal-iec-nolimits.conf,devices/xiaomi/cupid/thermal/thermal-iec-nolimits.conf,thermal-engine-text,mi_thermald_aes,thermal-engine-text-v2,decoded,52.0,,,,,mapped-artifact
xiaomi,cupid,thermal-iec-normal.conf,devices/xiaomi/cupid/thermal/thermal-iec-normal.conf,thermal-engine-text,mi_thermald_aes,thermal-engine-text-v2,decoded,65.0,,,51.0,-14.0,mapped-artifact
xiaomi,cupid,thermal-iec-per-class0.conf,devices/xiaomi/cupid/thermal/thermal-iec-per-class0.conf,thermal-engine-text,mi_thermald_aes,thermal-engine-text-v2,decoded,65.0,,,51.0,-14.0,mapped-artifact
xiaomi,cupid,thermal-iec-per-navigation.conf,devices/xiaomi/cupid/thermal/thermal-iec-per-navigation.conf,thermal-engine-text,mi_thermald_aes,thermal-engine-text-v2,decoded,65.0,,,51.0,-14.0,mapped-artifact
xiaomi,cupid,thermal-iec-per-normal.conf,devices/xiaomi/cupid/thermal/thermal-iec-per-normal.conf,thermal-engine-text,mi_thermald_aes,thermal-engine-text-v2,decoded,65.0,,,51.0,-14.0,mapped-artifact
xiaomi,cupid,thermal-iec-per-video.conf,devices/xiaomi/cupid/thermal/thermal-iec-per-video.conf,thermal-engine-text,mi_thermald_aes,thermal-engine-text-v2,decoded,65.0,,,51.0,-14.0,mapped-artifact
xiaomi,cupid,thermal-iec-phone.conf,devices/xiaomi/cupid/thermal/thermal-iec-phone.conf,thermal-engine-text,mi_thermald_aes,thermal-engine-text-v2,decoded,65.0,,,51.0,-14.0,mapped-artifact
xiaomi,cupid,thermal-iec-tgame.conf,devices/xiaomi/cupid/thermal/thermal-iec-tgame.conf,thermal-engine-text,mi_thermald_aes,thermal-engine-text-v2,decoded,65.0,,,51.0,-14.0,mapped-artifact
xiaomi,cupid,thermal-iec-video.conf,devices/xiaomi/cupid/thermal/thermal-iec-video.conf,thermal-engine-text,mi_thermald_aes,thermal-engine-text-v2,decoded,65.0,,,51.0,-14.0,mapped-artifact
xiaomi,cupid,thermal-iec-videochat.conf,devices/xiaomi/cupid/thermal/thermal-iec-videochat.conf,thermal-engine-text,mi_thermald_aes,thermal-engine-text-v2,decoded,65.0,,,51.0,-14.0,mapped-artifact
xiaomi,cupid,thermal-l18a-map.conf,devices/xiaomi/cupid/thermal/thermal-l18a-map.conf,thermal-engine-text,mi_thermald_aes,thermal-engine-text-v2,decoded,,,,,,mapped-artifact
xiaomi,cupid,thermal-map.conf,devices/xiaomi/cupid/thermal/thermal-map.conf,thermal-engine-text,mi_thermald_aes,thermal-engine-text-v2,decoded,,,,,,mapped-artifact
xiaomi,cupid,thermal-mgame.conf,devices/xiaomi/cupid/thermal/thermal-mgame.conf,thermal-engine-text,mi_thermald_aes,thermal-engine-text-v2,decoded,55.0,,,51.0,-4.0,mapped-artifact
xiaomi,cupid,thermal-navigation.conf,devices/xiaomi/cupid/thermal/thermal-navigation.conf,thermal-engine-text,mi_thermald_aes,thermal-engine-text-v2,decoded,62.0,,,51.0,-11.0,mapped-artifact
xiaomi,cupid,thermal-nolimits.conf,devices/xiaomi/cupid/thermal/thermal-nolimits.conf,thermal-engine-text,mi_thermald_aes,thermal-engine-text-v2,decoded,52.0,,,,,mapped-artifact
xiaomi,cupid,thermal-normal.conf,devices/xiaomi/cupid/thermal/thermal-normal.conf,thermal-engine-text,mi_thermald_aes,thermal-engine-text-v2,decoded,65.0,,,51.0,-14.0,mapped-artifact
xiaomi,cupid,thermal-per-class0.conf,devices/xiaomi/cupid/thermal/thermal-per-class0.conf,thermal-engine-text,mi_thermald_aes,thermal-engine-text-v2,decoded,62.0,,,51.0,-11.0,mapped-artifact
xiaomi,cupid,thermal-per-navigation.conf,devices/xiaomi/cupid/thermal/thermal-per-navigation.conf,thermal-engine-text,mi_thermald_aes,thermal-engine-text-v2,decoded,62.0,,,51.0,-11.0,mapped-artifact
xiaomi,cupid,thermal-per-normal.conf,devices/xiaomi/cupid/thermal/thermal-per-normal.conf,thermal-engine-text,mi_thermald_aes,thermal-engine-text-v2,decoded,65.0,,,51.0,-14.0,mapped-artifact
xiaomi,cupid,thermal-per-video.conf,devices/xiaomi/cupid/thermal/thermal-per-video.conf,thermal-engine-text,mi_thermald_aes,thermal-engine-text-v2,decoded,62.0,,,51.0,-11.0,mapped-artifact
xiaomi,cupid,thermal-phone.conf,devices/xiaomi/cupid/thermal/thermal-phone.conf,thermal-engine-text,mi_thermald_aes,thermal-engine-text-v2,decoded,57.0,,,51.0,-6.0,mapped-artifact
xiaomi,cupid,thermal-region-map.conf,devices/xiaomi/cupid/thermal/thermal-region-map.conf,text,mi_thermald_aes,,decoded,,,,,,mapped-artifact
xiaomi,cupid,thermal-tgame.conf,devices/xiaomi/cupid/thermal/thermal-tgame.conf,thermal-engine-text,mi_thermald_aes,thermal-engine-text-v2,decoded,55.0,,,51.0,-4.0,mapped-artifact
xiaomi,cupid,thermal-video.conf,devices/xiaomi/cupid/thermal/thermal-video.conf,thermal-engine-text,mi_thermald_aes,thermal-engine-text-v2,decoded,62.0,,,51.0,-11.0,mapped-artifact
xiaomi,cupid,thermal-videochat.conf,devices/xiaomi/cupid/thermal/thermal-videochat.conf,thermal-engine-text,mi_thermald_aes,thermal-engine-text-v2,decoded,57.0,,,51.0,-6.0,mapped-artifact
xiaomi,cupid,thermald-devices.conf,devices/xiaomi/cupid/thermal/thermald-devices.conf,thermal-engine-text,plain,thermal-engine-text-v2,plain,,,,,,mapped-artifact
xiaomi,curtana,index.tsv,devices/xiaomi/curtana/thermal/index.tsv,text,plain,,plain,,,,,,mapped-artifact
xiaomi,curtana,thermal-engine-camera.conf,devices/xiaomi/curtana/thermal/thermal-engine-camera.conf,thermal-engine-text,plain,thermal-engine-text-v2,plain,61.0,,,52.0,-9.0,mapped-artifact
xiaomi,curtana,thermal-engine-map.conf,devices/xiaomi/curtana/thermal/thermal-engine-map.conf,thermal-engine-text,plain,thermal-engine-text-v2,plain,,,,,,mapped-artifact
xiaomi,curtana,thermal-engine-normal.conf,devices/xiaomi/curtana/thermal/thermal-engine-normal.conf,thermal-engine-text,plain,thermal-engine-text-v2,plain,61.0,,,52.0,-9.0,mapped-artifact
xiaomi,curtana,thermal-engine.conf,devices/xiaomi/curtana/thermal/thermal-engine.conf,text,plain,,plain,,,,,,mapped-artifact
xiaomi,dagu,index.tsv,devices/xiaomi/dagu/thermal/index.tsv,text,plain,,plain,,,,,,mapped-artifact
xiaomi,dagu,thermal-4k.conf,devices/xiaomi/dagu/thermal/thermal-4k.conf,thermal-engine-text,mi_thermald_aes,thermal-engine-text-v2,decoded,65.0,,,51.0,-14.0,mapped-artifact
xiaomi,dagu,thermal-camera.conf,devices/xiaomi/dagu/thermal/thermal-camera.conf,thermal-engine-text,mi_thermald_aes,thermal-engine-text-v2,decoded,65.0,,,51.0,-14.0,mapped-artifact
xiaomi,dagu,thermal-chg-only.conf,devices/xiaomi/dagu/thermal/thermal-chg-only.conf,thermal-engine-text,plain,thermal-engine-text-v2,plain,45.0,,,51.0,6.0,mapped-artifact
xiaomi,dagu,thermal-class0.conf,devices/xiaomi/dagu/thermal/thermal-class0.conf,thermal-engine-text,mi_thermald_aes,thermal-engine-text-v2,decoded,65.0,,,51.0,-14.0,mapped-artifact
xiaomi,dagu,thermal-engine.conf,devices/xiaomi/dagu/thermal/thermal-engine.conf,text,plain,,plain,,,,,,mapped-artifact
xiaomi,dagu,thermal-huanji.conf,devices/xiaomi/dagu/thermal/thermal-huanji.conf,thermal-engine-text,mi_thermald_aes,thermal-engine-text-v2,decoded,65.0,,,47.8,-17.200000000000003,mapped-artifact
xiaomi,dagu,thermal-map.conf,devices/xiaomi/dagu/thermal/thermal-map.conf,thermal-engine-text,mi_thermald_aes,thermal-engine-text-v2,decoded,,,,,,mapped-artifact
xiaomi,dagu,thermal-mgame.conf,devices/xiaomi/dagu/thermal/thermal-mgame.conf,thermal-engine-text,mi_thermald_aes,thermal-engine-text-v2,decoded,65.0,,,51.0,-14.0,mapped-artifact
xiaomi,dagu,thermal-nolimits.conf,devices/xiaomi/dagu/thermal/thermal-nolimits.conf,thermal-engine-text,mi_thermald_aes,thermal-engine-text-v2,decoded,53.0,,,,,mapped-artifact
xiaomi,dagu,thermal-normal.conf,devices/xiaomi/dagu/thermal/thermal-normal.conf,thermal-engine-text,mi_thermald_aes,thermal-engine-text-v2,decoded,65.0,,,51.0,-14.0,mapped-artifact
xiaomi,dagu,thermal-tgame.conf,devices/xiaomi/dagu/thermal/thermal-tgame.conf,thermal-engine-text,mi_thermald_aes,thermal-engine-text-v2,decoded,57.0,,,51.0,-6.0,mapped-artifact
xiaomi,dagu,thermal-video.conf,devices/xiaomi/dagu/thermal/thermal-video.conf,thermal-engine-text,mi_thermald_aes,thermal-engine-text-v2,decoded,57.0,,,51.0,-6.0,mapped-artifact
xiaomi,dagu,thermal-videochat.conf,devices/xiaomi/dagu/thermal/thermal-videochat.conf,thermal-engine-text,mi_thermald_aes,thermal-engine-text-v2,decoded,65.0,,,51.0,-14.0,mapped-artifact
xiaomi,dagu,thermald-devices.conf,devices/xiaomi/dagu/thermal/thermald-devices.conf,thermal-engine-text,plain,thermal-engine-text-v2,plain,,,,,,mapped-artifact
xiaomi,daisy,index.tsv,devices/xiaomi/daisy/thermal/index.tsv,text,plain,,plain,,,,,,mapped-artifact
xiaomi,daisy,thermal-engine.conf,devices/xiaomi/daisy/thermal/thermal-engine.conf,thermal-engine-text,plain,thermal-engine-text-v2,plain,70.0,,,,,mapped-artifact
xiaomi,dandelion,index.tsv,devices/xiaomi/dandelion/thermal/index.tsv,text,plain,,plain,,,,,,mapped-artifact
xiaomi,dandelion,thermal-arvr.conf,devices/xiaomi/dandelion/thermal/thermal-arvr.conf,thermal-engine-text,mi_thermald_aes,thermal-engine-text-v2,decoded,57.0,,,55.0,-2.0,mapped-artifact
xiaomi,dandelion,thermal-camera.conf,devices/xiaomi/dandelion/thermal/thermal-camera.conf,thermal-engine-text,mi_thermald_aes,thermal-engine-text-v2,decoded,57.0,,,55.0,-2.0,mapped-artifact
xiaomi,dandelion,thermal-chg-only.conf,devices/xiaomi/dandelion/thermal/thermal-chg-only.conf,thermal-engine-text,mi_thermald_aes,thermal-engine-text-v2,decoded,48.0,,,52.0,4.0,mapped-artifact
xiaomi,dandelion,thermal-map.conf,devices/xiaomi/dandelion/thermal/thermal-map.conf,thermal-engine-text,mi_thermald_aes,thermal-engine-text-v2,decoded,,,,,,mapped-artifact
xiaomi,dandelion,thermal-nolimits.conf,devices/xiaomi/dandelion/thermal/thermal-nolimits.conf,thermal-engine-text,mi_thermald_aes,thermal-engine-text-v2,decoded,57.0,,,49.0,-8.0,mapped-artifact
xiaomi,dandelion,thermal-normal.conf,devices/xiaomi/dandelion/thermal/thermal-normal.conf,thermal-engine-text,mi_thermald_aes,thermal-engine-text-v2,decoded,61.0,,,,,mapped-artifact
xiaomi,dandelion,thermal-phone.conf,devices/xiaomi/dandelion/thermal/thermal-phone.conf,thermal-engine-text,mi_thermald_aes,thermal-engine-text-v2,decoded,55.0,,,,,mapped-artifact
xiaomi,dandelion,thermal-tgame.conf,devices/xiaomi/dandelion/thermal/thermal-tgame.conf,thermal-engine-text,mi_thermald_aes,thermal-engine-text-v2,decoded,57.0,,,55.0,-2.0,mapped-artifact
xiaomi,dandelion,thermal-youtube.conf,devices/xiaomi/dandelion/thermal/thermal-youtube.conf,thermal-engine-text,mi_thermald_aes,thermal-engine-text-v2,decoded,57.0,,,55.0,-2.0,mapped-artifact
xiaomi,dandelion,thermald-devices.conf,devices/xiaomi/dandelion/thermal/thermald-devices.conf,thermal-engine-text,plain,thermal-engine-text-v2,plain,,,,,,mapped-artifact
xiaomi,davinci,index.tsv,devices/xiaomi/davinci/thermal/index.tsv,text,plain,,plain,,,,,,mapped-artifact
xiaomi,davinci,thermal-arvr.conf,devices/xiaomi/davinci/thermal/thermal-arvr.conf,thermal-engine-text,mi_thermald_aes,thermal-engine-text-v2,decoded,60.0,,,16.0,-44.0,mapped-artifact
xiaomi,davinci,thermal-camera.conf,devices/xiaomi/davinci/thermal/thermal-camera.conf,thermal-engine-text,mi_thermald_aes,thermal-engine-text-v2,decoded,60.0,,,53.0,-7.0,mapped-artifact
xiaomi,davinci,thermal-chg-only.conf,devices/xiaomi/davinci/thermal/thermal-chg-only.conf,thermal-engine-text,plain,thermal-engine-text-v2,plain,60.0,,,53.0,-7.0,mapped-artifact
xiaomi,davinci,thermal-engine.conf,devices/xiaomi/davinci/thermal/thermal-engine.conf,text,plain,,plain,,,,,,mapped-artifact
xiaomi,davinci,thermal-map.conf,devices/xiaomi/davinci/thermal/thermal-map.conf,thermal-engine-text,mi_thermald_aes,thermal-engine-text-v2,decoded,,,,,,mapped-artifact
xiaomi,davinci,thermal-nolimits.conf,devices/xiaomi/davinci/thermal/thermal-nolimits.conf,thermal-engine-text,mi_thermald_aes,thermal-engine-text-v2,decoded,60.0,,,53.0,-7.0,mapped-artifact
xiaomi,davinci,thermal-normal.conf,devices/xiaomi/davinci/thermal/thermal-normal.conf,thermal-engine-text,mi_thermald_aes,thermal-engine-text-v2,decoded,60.0,,,53.0,-7.0,mapped-artifact
xiaomi,davinci,thermal-phone.conf,devices/xiaomi/davinci/thermal/thermal-phone.conf,thermal-engine-text,mi_thermald_aes,thermal-engine-text-v2,decoded,60.0,,,53.0,-7.0,mapped-artifact
xiaomi,davinci,thermal-tgame.conf,devices/xiaomi/davinci/thermal/thermal-tgame.conf,thermal-engine-text,mi_thermald_aes,thermal-engine-text-v2,decoded,62.0,,,,,mapped-artifact
xiaomi,davinci,thermal-youtube.conf,devices/xiaomi/davinci/thermal/thermal-youtube.conf,thermal-engine-text,mi_thermald_aes,thermal-engine-text-v2,decoded,60.0,,,53.0,-7.0,mapped-artifact
xiaomi,davinci,thermald-devices.conf,devices/xiaomi/davinci/thermal/thermald-devices.conf,thermal-engine-text,plain,thermal-engine-text-v2,plain,,,,,,mapped-artifact
xiaomi,davinciin,index.tsv,devices/xiaomi/davinciin/thermal/index.tsv,text,plain,,plain,,,,,,mapped-artifact
xiaomi,davinciin,thermal-arvr.conf,devices/xiaomi/davinciin/thermal/thermal-arvr.conf,thermal-engine-text,mi_thermald_aes,thermal-engine-text-v2,decoded,60.0,,,16.0,-44.0,mapped-artifact
xiaomi,davinciin,thermal-camera.conf,devices/xiaomi/davinciin/thermal/thermal-camera.conf,thermal-engine-text,mi_thermald_aes,thermal-engine-text-v2,decoded,60.0,,,53.0,-7.0,mapped-artifact
xiaomi,davinciin,thermal-chg-only.conf,devices/xiaomi/davinciin/thermal/thermal-chg-only.conf,thermal-engine-text,plain,thermal-engine-text-v2,plain,60.0,,,53.0,-7.0,mapped-artifact
xiaomi,davinciin,thermal-engine.conf,devices/xiaomi/davinciin/thermal/thermal-engine.conf,text,plain,,plain,,,,,,mapped-artifact
xiaomi,davinciin,thermal-map.conf,devices/xiaomi/davinciin/thermal/thermal-map.conf,thermal-engine-text,mi_thermald_aes,thermal-engine-text-v2,decoded,,,,,,mapped-artifact
xiaomi,davinciin,thermal-nolimits.conf,devices/xiaomi/davinciin/thermal/thermal-nolimits.conf,thermal-engine-text,mi_thermald_aes,thermal-engine-text-v2,decoded,60.0,,,53.0,-7.0,mapped-artifact
xiaomi,davinciin,thermal-normal.conf,devices/xiaomi/davinciin/thermal/thermal-normal.conf,thermal-engine-text,mi_thermald_aes,thermal-engine-text-v2,decoded,60.0,,,53.0,-7.0,mapped-artifact
xiaomi,davinciin,thermal-phone.conf,devices/xiaomi/davinciin/thermal/thermal-phone.conf,thermal-engine-text,mi_thermald_aes,thermal-engine-text-v2,decoded,60.0,,,53.0,-7.0,mapped-artifact
xiaomi,davinciin,thermal-tgame.conf,devices/xiaomi/davinciin/thermal/thermal-tgame.conf,thermal-engine-text,mi_thermald_aes,thermal-engine-text-v2,decoded,62.0,,,,,mapped-artifact
xiaomi,davinciin,thermal-youtube.conf,devices/xiaomi/davinciin/thermal/thermal-youtube.conf,thermal-engine-text,mi_thermald_aes,thermal-engine-text-v2,decoded,60.0,,,53.0,-7.0,mapped-artifact
xiaomi,davinciin,thermald-devices.conf,devices/xiaomi/davinciin/thermal/thermald-devices.conf,thermal-engine-text,plain,thermal-engine-text-v2,plain,,,,,,mapped-artifact
xiaomi,dipper,index.tsv,devices/xiaomi/dipper/thermal/index.tsv,text,plain,,plain,,,,,,mapped-artifact
xiaomi,dipper,thermal-engine-sdm845-arvr.conf,devices/xiaomi/dipper/thermal/thermal-engine-sdm845-arvr.conf,thermal-engine-text,mi_thermald_aes,thermal-engine-text-v2,decoded,60.0,,,,,mapped-artifact
xiaomi,dipper,thermal-engine-sdm845-camera.conf,devices/xiaomi/dipper/thermal/thermal-engine-sdm845-camera.conf,thermal-engine-text,mi_thermald_aes,thermal-engine-text-v2,decoded,60.0,,,,,mapped-artifact
xiaomi,dipper,thermal-engine-sdm845-class0.conf,devices/xiaomi/dipper/thermal/thermal-engine-sdm845-class0.conf,thermal-engine-text,mi_thermald_aes,thermal-engine-text-v2,decoded,60.0,,,,,mapped-artifact
xiaomi,dipper,thermal-engine-sdm845-extreme.conf,devices/xiaomi/dipper/thermal/thermal-engine-sdm845-extreme.conf,thermal-engine-text,mi_thermald_aes,thermal-engine-text-v2,decoded,100.0,,,,,mapped-artifact
xiaomi,dipper,thermal-engine-sdm845-high.conf,devices/xiaomi/dipper/thermal/thermal-engine-sdm845-high.conf,thermal-engine-text,mi_thermald_aes,thermal-engine-text-v2,decoded,61.0,,,,,mapped-artifact
xiaomi,dipper,thermal-engine-sdm845-map.conf,devices/xiaomi/dipper/thermal/thermal-engine-sdm845-map.conf,thermal-engine-text,mi_thermald_aes,thermal-engine-text-v2,decoded,,,,,,mapped-artifact
xiaomi,dipper,thermal-engine-sdm845-nolimits.conf,devices/xiaomi/dipper/thermal/thermal-engine-sdm845-nolimits.conf,thermal-engine-text,mi_thermald_aes,thermal-engine-text-v2,decoded,60.0,,,,,mapped-artifact
xiaomi,dipper,thermal-engine-sdm845-phone.conf,devices/xiaomi/dipper/thermal/thermal-engine-sdm845-phone.conf,thermal-engine-text,mi_thermald_aes,thermal-engine-text-v2,decoded,60.0,,,,,mapped-artifact
xiaomi,dipper,thermal-engine-sdm845-pubgmhd.conf,devices/xiaomi/dipper/thermal/thermal-engine-sdm845-pubgmhd.conf,thermal-engine-text,mi_thermald_aes,thermal-engine-text-v2,decoded,60.0,,,,,mapped-artifact
xiaomi,dipper,thermal-engine-sdm845-sgame.conf,devices/xiaomi/dipper/thermal/thermal-engine-sdm845-sgame.conf,thermal-engine-text,mi_thermald_aes,thermal-engine-text-v2,decoded,60.0,,,,,mapped-artifact
xiaomi,dipper,thermal-engine-sdm845-tgame.conf,devices/xiaomi/dipper/thermal/thermal-engine-sdm845-tgame.conf,thermal-engine-text,mi_thermald_aes,thermal-engine-text-v2,decoded,60.0,,,,,mapped-artifact
xiaomi,dipper,thermal-engine-sdm845.conf,devices/xiaomi/dipper/thermal/thermal-engine-sdm845.conf,thermal-engine-text,mi_thermald_aes,thermal-engine-text-v2,decoded,61.0,,,,,mapped-artifact
xiaomi,dipper,thermal-engine.conf,devices/xiaomi/dipper/thermal/thermal-engine.conf,text,plain,,plain,,,,,,mapped-artifact
xiaomi,diting,index.tsv,devices/xiaomi/diting/thermal/index.tsv,text,plain,,plain,,,,,,mapped-artifact
xiaomi,diting,thermal-4k.conf,devices/xiaomi/diting/thermal/thermal-4k.conf,thermal-engine-text,mi_thermald_aes,thermal-engine-text-v2,decoded,115.0,,,51.0,-64.0,mapped-artifact
xiaomi,diting,thermal-8k.conf,devices/xiaomi/diting/thermal/thermal-8k.conf,thermal-engine-text,mi_thermald_aes,thermal-engine-text-v2,decoded,115.0,,,51.0,-64.0,mapped-artifact
xiaomi,diting,thermal-camera.conf,devices/xiaomi/diting/thermal/thermal-camera.conf,thermal-engine-text,mi_thermald_aes,thermal-engine-text-v2,decoded,115.0,,,51.0,-64.0,mapped-artifact
xiaomi,diting,thermal-chg-only.conf,devices/xiaomi/diting/thermal/thermal-chg-only.conf,thermal-engine-text,plain,thermal-engine-text-v2,plain,48.0,,,51.0,3.0,mapped-artifact
xiaomi,diting,thermal-class0.conf,devices/xiaomi/diting/thermal/thermal-class0.conf,thermal-engine-text,mi_thermald_aes,thermal-engine-text-v2,decoded,115.0,,,51.0,-64.0,mapped-artifact
xiaomi,diting,thermal-dolbyvision.conf,devices/xiaomi/diting/thermal/thermal-dolbyvision.conf,thermal-engine-text,mi_thermald_aes,thermal-engine-text-v2,decoded,115.0,,,51.0,-64.0,mapped-artifact
xiaomi,diting,thermal-engine.conf,devices/xiaomi/diting/thermal/thermal-engine.conf,text,plain,,plain,,,,,,mapped-artifact
xiaomi,diting,thermal-hp-mgame.conf,devices/xiaomi/diting/thermal/thermal-hp-mgame.conf,thermal-engine-text,mi_thermald_aes,thermal-engine-text-v2,decoded,115.0,,,51.0,-64.0,mapped-artifact
xiaomi,diting,thermal-hp-normal.conf,devices/xiaomi/diting/thermal/thermal-hp-normal.conf,thermal-engine-text,mi_thermald_aes,thermal-engine-text-v2,decoded,115.0,,,51.0,-64.0,mapped-artifact
xiaomi,diting,thermal-huanji.conf,devices/xiaomi/diting/thermal/thermal-huanji.conf,thermal-engine-text,mi_thermald_aes,thermal-engine-text-v2,decoded,115.0,,,50.0,-65.0,mapped-artifact
xiaomi,diting,thermal-l18a-map.conf,devices/xiaomi/diting/thermal/thermal-l18a-map.conf,thermal-engine-text,mi_thermald_aes,thermal-engine-text-v2,decoded,,,,,,mapped-artifact
xiaomi,diting,thermal-map-india.conf,devices/xiaomi/diting/thermal/thermal-map-india.conf,thermal-engine-text,mi_thermald_aes,thermal-engine-text-v2,decoded,,,,,,mapped-artifact
xiaomi,diting,thermal-map.conf,devices/xiaomi/diting/thermal/thermal-map.conf,thermal-engine-text,mi_thermald_aes,thermal-engine-text-v2,decoded,,,,,,mapped-artifact
xiaomi,diting,thermal-mgame.conf,devices/xiaomi/diting/thermal/thermal-mgame.conf,thermal-engine-text,mi_thermald_aes,thermal-engine-text-v2,decoded,115.0,,,51.0,-64.0,mapped-artifact
xiaomi,diting,thermal-navigation.conf,devices/xiaomi/diting/thermal/thermal-navigation.conf,thermal-engine-text,mi_thermald_aes,thermal-engine-text-v2,decoded,115.0,,,51.0,-64.0,mapped-artifact
xiaomi,diting,thermal-nolimits.conf,devices/xiaomi/diting/thermal/thermal-nolimits.conf,thermal-engine-text,mi_thermald_aes,thermal-engine-text-v2,decoded,65.0,,,,,mapped-artifact
xiaomi,diting,thermal-normal.conf,devices/xiaomi/diting/thermal/thermal-normal.conf,thermal-engine-text,mi_thermald_aes,thermal-engine-text-v2,decoded,115.0,,,51.0,-64.0,mapped-artifact
xiaomi,diting,thermal-per-class0.conf,devices/xiaomi/diting/thermal/thermal-per-class0.conf,thermal-engine-text,mi_thermald_aes,thermal-engine-text-v2,decoded,115.0,,,51.0,-64.0,mapped-artifact
xiaomi,diting,thermal-per-navigation.conf,devices/xiaomi/diting/thermal/thermal-per-navigation.conf,thermal-engine-text,mi_thermald_aes,thermal-engine-text-v2,decoded,115.0,,,51.0,-64.0,mapped-artifact
xiaomi,diting,thermal-per-normal.conf,devices/xiaomi/diting/thermal/thermal-per-normal.conf,thermal-engine-text,mi_thermald_aes,thermal-engine-text-v2,decoded,115.0,,,51.0,-64.0,mapped-artifact
xiaomi,diting,thermal-per-video.conf,devices/xiaomi/diting/thermal/thermal-per-video.conf,thermal-engine-text,mi_thermald_aes,thermal-engine-text-v2,decoded,115.0,,,51.0,-64.0,mapped-artifact
xiaomi,diting,thermal-phone.conf,devices/xiaomi/diting/thermal/thermal-phone.conf,thermal-engine-text,mi_thermald_aes,thermal-engine-text-v2,decoded,115.0,,,47.0,-68.0,mapped-artifact
xiaomi,diting,thermal-region-map.conf,devices/xiaomi/diting/thermal/thermal-region-map.conf,text,mi_thermald_aes,,decoded,,,,,,mapped-artifact
xiaomi,diting,thermal-tgame.conf,devices/xiaomi/diting/thermal/thermal-tgame.conf,thermal-engine-text,mi_thermald_aes,thermal-engine-text-v2,decoded,115.0,,,51.0,-64.0,mapped-artifact
xiaomi,diting,thermal-video.conf,devices/xiaomi/diting/thermal/thermal-video.conf,thermal-engine-text,mi_thermald_aes,thermal-engine-text-v2,decoded,115.0,,,51.0,-64.0,mapped-artifact
xiaomi,diting,thermal-videochat.conf,devices/xiaomi/diting/thermal/thermal-videochat.conf,thermal-engine-text,mi_thermald_aes,thermal-engine-text-v2,decoded,115.0,,,51.0,-64.0,mapped-artifact
xiaomi,diting,thermal-yuanshen.conf,devices/xiaomi/diting/thermal/thermal-yuanshen.conf,thermal-engine-text,mi_thermald_aes,thermal-engine-text-v2,decoded,115.0,,,51.0,-64.0,mapped-artifact
xiaomi,diting,thermald-devices.conf,devices/xiaomi/diting/thermal/thermald-devices.conf,thermal-engine-text,plain,thermal-engine-text-v2,plain,,,,,,mapped-artifact
xiaomi,dizi,index.tsv,devices/xiaomi/dizi/thermal/index.tsv,text,plain,,plain,,,,,,mapped-artifact
xiaomi,dizi,thermal-camera.conf,devices/xiaomi/dizi/thermal/thermal-camera.conf,thermal-engine-text,mi_thermald_aes,thermal-engine-text-v2,decoded,53.0,,,51.0,-2.0,mapped-artifact
xiaomi,dizi,thermal-chg-only.conf,devices/xiaomi/dizi/thermal/thermal-chg-only.conf,thermal-engine-text,mi_thermald_aes,thermal-engine-text-v2,decoded,53.0,,,51.0,-2.0,mapped-artifact
xiaomi,dizi,thermal-class0.conf,devices/xiaomi/dizi/thermal/thermal-class0.conf,thermal-engine-text,mi_thermald_aes,thermal-engine-text-v2,decoded,53.0,,,51.0,-2.0,mapped-artifact
xiaomi,dizi,thermal-demo.conf,devices/xiaomi/dizi/thermal/thermal-demo.conf,thermal-engine-text,mi_thermald_aes,thermal-engine-text-v2,decoded,53.0,,,51.0,-2.0,mapped-artifact
xiaomi,dizi,thermal-engine.conf,devices/xiaomi/dizi/thermal/thermal-engine.conf,text,plain,,plain,,,,,,mapped-artifact
xiaomi,dizi,thermal-hp-mgame.conf,devices/xiaomi/dizi/thermal/thermal-hp-mgame.conf,thermal-engine-text,mi_thermald_aes,thermal-engine-text-v2,decoded,51.0,,,51.0,0.0,mapped-artifact
xiaomi,dizi,thermal-hp-normal.conf,devices/xiaomi/dizi/thermal/thermal-hp-normal.conf,thermal-engine-text,mi_thermald_aes,thermal-engine-text-v2,decoded,51.0,,,51.0,0.0,mapped-artifact
xiaomi,dizi,thermal-huanji.conf,devices/xiaomi/dizi/thermal/thermal-huanji.conf,thermal-engine-text,mi_thermald_aes,thermal-engine-text-v2,decoded,53.0,,,51.0,-2.0,mapped-artifact
xiaomi,dizi,thermal-map.conf,devices/xiaomi/dizi/thermal/thermal-map.conf,thermal-engine-text,mi_thermald_aes,thermal-engine-text-v2,decoded,,,,,,mapped-artifact
xiaomi,dizi,thermal-mgame.conf,devices/xiaomi/dizi/thermal/thermal-mgame.conf,thermal-engine-text,mi_thermald_aes,thermal-engine-text-v2,decoded,53.0,,,51.0,-2.0,mapped-artifact
xiaomi,dizi,thermal-navigation.conf,devices/xiaomi/dizi/thermal/thermal-navigation.conf,thermal-engine-text,mi_thermald_aes,thermal-engine-text-v2,decoded,53.0,,,51.0,-2.0,mapped-artifact
xiaomi,dizi,thermal-nolimits.conf,devices/xiaomi/dizi/thermal/thermal-nolimits.conf,thermal-engine-text,mi_thermald_aes,thermal-engine-text-v2,decoded,53.0,,,,,mapped-artifact
xiaomi,dizi,thermal-normal.conf,devices/xiaomi/dizi/thermal/thermal-normal.conf,thermal-engine-text,mi_thermald_aes,thermal-engine-text-v2,decoded,53.0,,,51.0,-2.0,mapped-artifact
xiaomi,dizi,thermal-tgame.conf,devices/xiaomi/dizi/thermal/thermal-tgame.conf,thermal-engine-text,mi_thermald_aes,thermal-engine-text-v2,decoded,53.0,,,51.0,-2.0,mapped-artifact
xiaomi,dizi,thermal-video.conf,devices/xiaomi/dizi/thermal/thermal-video.conf,thermal-engine-text,mi_thermald_aes,thermal-engine-text-v2,decoded,53.0,,,51.0,-2.0,mapped-artifact
xiaomi,dizi,thermal-videochat.conf,devices/xiaomi/dizi/thermal/thermal-videochat.conf,thermal-engine-text,mi_thermald_aes,thermal-engine-text-v2,decoded,53.0,,,51.0,-2.0,mapped-artifact
xiaomi,dizi,thermald-devices.conf,devices/xiaomi/dizi/thermal/thermald-devices.conf,thermal-engine-text,plain,thermal-engine-text-v2,plain,,,,,,mapped-artifact
xiaomi,earth,index.tsv,devices/xiaomi/earth/thermal/index.tsv,text,plain,,plain,,,,,,mapped-artifact
xiaomi,earth,thermal-arvr.conf,devices/xiaomi/earth/thermal/thermal-arvr.conf,thermal-engine-text,mi_thermald_aes,thermal-engine-text-v2,decoded,54.0,,,55.0,1.0,mapped-artifact
xiaomi,earth,thermal-camera.conf,devices/xiaomi/earth/thermal/thermal-camera.conf,thermal-engine-text,mi_thermald_aes,thermal-engine-text-v2,decoded,54.0,,,55.0,1.0,mapped-artifact
xiaomi,earth,thermal-chg-only.conf,devices/xiaomi/earth/thermal/thermal-chg-only.conf,thermal-engine-text,mi_thermald_aes,thermal-engine-text-v2,decoded,50.0,,,,,mapped-artifact
xiaomi,earth,thermal-class0.conf,devices/xiaomi/earth/thermal/thermal-class0.conf,thermal-engine-text,mi_thermald_aes,thermal-engine-text-v2,decoded,56.0,,,55.0,-1.0,mapped-artifact
xiaomi,earth,thermal-map.conf,devices/xiaomi/earth/thermal/thermal-map.conf,thermal-engine-text,mi_thermald_aes,thermal-engine-text-v2,decoded,,,,,,mapped-artifact
xiaomi,earth,thermal-mgame.conf,devices/xiaomi/earth/thermal/thermal-mgame.conf,thermal-engine-text,mi_thermald_aes,thermal-engine-text-v2,decoded,55.0,,,,,mapped-artifact
xiaomi,earth,thermal-nolimits.conf,devices/xiaomi/earth/thermal/thermal-nolimits.conf,thermal-engine-text,mi_thermald_aes,thermal-engine-text-v2,decoded,55.0,,,,,mapped-artifact
xiaomi,earth,thermal-normal.conf,devices/xiaomi/earth/thermal/thermal-normal.conf,thermal-engine-text,mi_thermald_aes,thermal-engine-text-v2,decoded,58.0,,,,,mapped-artifact
xiaomi,earth,thermal-phone.conf,devices/xiaomi/earth/thermal/thermal-phone.conf,thermal-engine-text,mi_thermald_aes,thermal-engine-text-v2,decoded,52.0,,,52.0,0.0,mapped-artifact
xiaomi,earth,thermal-tgame.conf,devices/xiaomi/earth/thermal/thermal-tgame.conf,thermal-engine-text,mi_thermald_aes,thermal-engine-text-v2,decoded,55.0,,,,,mapped-artifact
xiaomi,earth,thermal-video.conf,devices/xiaomi/earth/thermal/thermal-video.conf,thermal-engine-text,mi_thermald_aes,thermal-engine-text-v2,decoded,56.0,,,,,mapped-artifact
xiaomi,earth,thermald-devices.conf,devices/xiaomi/earth/thermal/thermald-devices.conf,thermal-engine-text,plain,thermal-engine-text-v2,plain,,,,,,mapped-artifact
xiaomi,elish,index.tsv,devices/xiaomi/elish/thermal/index.tsv,text,plain,,plain,,,,,,mapped-artifact
xiaomi,elish,thermal-4k.conf,devices/xiaomi/elish/thermal/thermal-4k.conf,thermal-engine-text,mi_thermald_aes,thermal-engine-text-v2,decoded,57.0,,,51.0,-6.0,mapped-artifact
xiaomi,elish,thermal-camera.conf,devices/xiaomi/elish/thermal/thermal-camera.conf,thermal-engine-text,mi_thermald_aes,thermal-engine-text-v2,decoded,57.0,,,51.0,-6.0,mapped-artifact
xiaomi,elish,thermal-chg-only.conf,devices/xiaomi/elish/thermal/thermal-chg-only.conf,thermal-engine-text,plain,thermal-engine-text-v2,plain,51.0,,,,,mapped-artifact
xiaomi,elish,thermal-class0.conf,devices/xiaomi/elish/thermal/thermal-class0.conf,thermal-engine-text,mi_thermald_aes,thermal-engine-text-v2,decoded,57.0,,,51.0,-6.0,mapped-artifact
xiaomi,elish,thermal-engine.conf,devices/xiaomi/elish/thermal/thermal-engine.conf,text,plain,,plain,,,,,,mapped-artifact
xiaomi,elish,thermal-map.conf,devices/xiaomi/elish/thermal/thermal-map.conf,thermal-engine-text,mi_thermald_aes,thermal-engine-text-v2,decoded,,,,,,mapped-artifact
xiaomi,elish,thermal-mgame.conf,devices/xiaomi/elish/thermal/thermal-mgame.conf,thermal-engine-text,mi_thermald_aes,thermal-engine-text-v2,decoded,57.0,,,51.0,-6.0,mapped-artifact
xiaomi,elish,thermal-navigation.conf,devices/xiaomi/elish/thermal/thermal-navigation.conf,thermal-engine-text,mi_thermald_aes,thermal-engine-text-v2,decoded,57.0,,,51.0,-6.0,mapped-artifact
xiaomi,elish,thermal-nolimits.conf,devices/xiaomi/elish/thermal/thermal-nolimits.conf,thermal-engine-text,mi_thermald_aes,thermal-engine-text-v2,decoded,52.0,,,,,mapped-artifact
xiaomi,elish,thermal-normal.conf,devices/xiaomi/elish/thermal/thermal-normal.conf,thermal-engine-text,mi_thermald_aes,thermal-engine-text-v2,decoded,57.0,,,51.0,-6.0,mapped-artifact
xiaomi,elish,thermal-tgame.conf,devices/xiaomi/elish/thermal/thermal-tgame.conf,thermal-engine-text,mi_thermald_aes,thermal-engine-text-v2,decoded,57.0,,,51.0,-6.0,mapped-artifact
xiaomi,elish,thermal-video.conf,devices/xiaomi/elish/thermal/thermal-video.conf,thermal-engine-text,mi_thermald_aes,thermal-engine-text-v2,decoded,57.0,,,51.0,-6.0,mapped-artifact
xiaomi,elish,thermald-devices.conf,devices/xiaomi/elish/thermal/thermald-devices.conf,thermal-engine-text,plain,thermal-engine-text-v2,plain,,,,,,mapped-artifact
xiaomi,enuma,index.tsv,devices/xiaomi/enuma/thermal/index.tsv,text,plain,,plain,,,,,,mapped-artifact
xiaomi,enuma,thermal-4k.conf,devices/xiaomi/enuma/thermal/thermal-4k.conf,thermal-engine-text,mi_thermald_aes,thermal-engine-text-v2,decoded,57.0,,,,,mapped-artifact
xiaomi,enuma,thermal-camera.conf,devices/xiaomi/enuma/thermal/thermal-camera.conf,thermal-engine-text,mi_thermald_aes,thermal-engine-text-v2,decoded,57.0,,,,,mapped-artifact
xiaomi,enuma,thermal-chg-only.conf,devices/xiaomi/enuma/thermal/thermal-chg-only.conf,thermal-engine-text,plain,thermal-engine-text-v2,plain,51.0,,,,,mapped-artifact
xiaomi,enuma,thermal-class0.conf,devices/xiaomi/enuma/thermal/thermal-class0.conf,thermal-engine-text,mi_thermald_aes,thermal-engine-text-v2,decoded,57.0,,,,,mapped-artifact
xiaomi,enuma,thermal-engine.conf,devices/xiaomi/enuma/thermal/thermal-engine.conf,text,plain,,plain,,,,,,mapped-artifact
xiaomi,enuma,thermal-map.conf,devices/xiaomi/enuma/thermal/thermal-map.conf,thermal-engine-text,mi_thermald_aes,thermal-engine-text-v2,decoded,,,,,,mapped-artifact
xiaomi,enuma,thermal-mgame.conf,devices/xiaomi/enuma/thermal/thermal-mgame.conf,thermal-engine-text,mi_thermald_aes,thermal-engine-text-v2,decoded,57.0,,,,,mapped-artifact
xiaomi,enuma,thermal-navigation.conf,devices/xiaomi/enuma/thermal/thermal-navigation.conf,thermal-engine-text,mi_thermald_aes,thermal-engine-text-v2,decoded,57.0,,,,,mapped-artifact
xiaomi,enuma,thermal-nolimits.conf,devices/xiaomi/enuma/thermal/thermal-nolimits.conf,thermal-engine-text,mi_thermald_aes,thermal-engine-text-v2,decoded,52.0,,,,,mapped-artifact
xiaomi,enuma,thermal-normal.conf,devices/xiaomi/enuma/thermal/thermal-normal.conf,thermal-engine-text,mi_thermald_aes,thermal-engine-text-v2,decoded,57.0,,,,,mapped-artifact
xiaomi,enuma,thermal-tgame.conf,devices/xiaomi/enuma/thermal/thermal-tgame.conf,thermal-engine-text,mi_thermald_aes,thermal-engine-text-v2,decoded,57.0,,,,,mapped-artifact
xiaomi,enuma,thermal-video.conf,devices/xiaomi/enuma/thermal/thermal-video.conf,thermal-engine-text,mi_thermald_aes,thermal-engine-text-v2,decoded,57.0,,,,,mapped-artifact
xiaomi,enuma,thermald-devices.conf,devices/xiaomi/enuma/thermal/thermald-devices.conf,thermal-engine-text,plain,thermal-engine-text-v2,plain,,,,,,mapped-artifact
xiaomi,equuleus,index.tsv,devices/xiaomi/equuleus/thermal/index.tsv,text,plain,,plain,,,,,,mapped-artifact
xiaomi,equuleus,thermal-engine-sdm845-arvr.conf,devices/xiaomi/equuleus/thermal/thermal-engine-sdm845-arvr.conf,thermal-engine-text,mi_thermald_aes,thermal-engine-text-v2,decoded,60.0,,,,,mapped-artifact
xiaomi,equuleus,thermal-engine-sdm845-camera.conf,devices/xiaomi/equuleus/thermal/thermal-engine-sdm845-camera.conf,thermal-engine-text,mi_thermald_aes,thermal-engine-text-v2,decoded,60.0,,,,,mapped-artifact
xiaomi,equuleus,thermal-engine-sdm845-class0.conf,devices/xiaomi/equuleus/thermal/thermal-engine-sdm845-class0.conf,thermal-engine-text,mi_thermald_aes,thermal-engine-text-v2,decoded,60.0,,,,,mapped-artifact
xiaomi,equuleus,thermal-engine-sdm845-extreme.conf,devices/xiaomi/equuleus/thermal/thermal-engine-sdm845-extreme.conf,thermal-engine-text,mi_thermald_aes,thermal-engine-text-v2,decoded,100.0,,,,,mapped-artifact
xiaomi,equuleus,thermal-engine-sdm845-high.conf,devices/xiaomi/equuleus/thermal/thermal-engine-sdm845-high.conf,thermal-engine-text,mi_thermald_aes,thermal-engine-text-v2,decoded,61.0,,,,,mapped-artifact
xiaomi,equuleus,thermal-engine-sdm845-map.conf,devices/xiaomi/equuleus/thermal/thermal-engine-sdm845-map.conf,thermal-engine-text,mi_thermald_aes,thermal-engine-text-v2,decoded,,,,,,mapped-artifact
xiaomi,equuleus,thermal-engine-sdm845-nolimits.conf,devices/xiaomi/equuleus/thermal/thermal-engine-sdm845-nolimits.conf,thermal-engine-text,mi_thermald_aes,thermal-engine-text-v2,decoded,60.0,,,,,mapped-artifact
xiaomi,equuleus,thermal-engine-sdm845-phone.conf,devices/xiaomi/equuleus/thermal/thermal-engine-sdm845-phone.conf,thermal-engine-text,mi_thermald_aes,thermal-engine-text-v2,decoded,60.0,,,,,mapped-artifact
xiaomi,equuleus,thermal-engine-sdm845-pubgmhd.conf,devices/xiaomi/equuleus/thermal/thermal-engine-sdm845-pubgmhd.conf,thermal-engine-text,mi_thermald_aes,thermal-engine-text-v2,decoded,60.0,,,,,mapped-artifact
xiaomi,equuleus,thermal-engine-sdm845-sgame.conf,devices/xiaomi/equuleus/thermal/thermal-engine-sdm845-sgame.conf,thermal-engine-text,mi_thermald_aes,thermal-engine-text-v2,decoded,60.0,,,,,mapped-artifact
xiaomi,equuleus,thermal-engine-sdm845-tgame.conf,devices/xiaomi/equuleus/thermal/thermal-engine-sdm845-tgame.conf,thermal-engine-text,mi_thermald_aes,thermal-engine-text-v2,decoded,60.0,,,,,mapped-artifact
xiaomi,equuleus,thermal-engine-sdm845.conf,devices/xiaomi/equuleus/thermal/thermal-engine-sdm845.conf,thermal-engine-text,mi_thermald_aes,thermal-engine-text-v2,decoded,61.0,,,,,mapped-artifact
xiaomi,equuleus,thermal-engine.conf,devices/xiaomi/equuleus/thermal/thermal-engine.conf,text,plain,,plain,,,,,,mapped-artifact
xiaomi,evergo,index.tsv,devices/xiaomi/evergo/thermal/index.tsv,text,plain,,plain,,,,,,mapped-artifact
xiaomi,evergo,thermal-arvr.conf,devices/xiaomi/evergo/thermal/thermal-arvr.conf,thermal-engine-text,mi_thermald_aes,thermal-engine-text-v2,decoded,60.0,,,55.0,-5.0,mapped-artifact
xiaomi,evergo,thermal-camera.conf,devices/xiaomi/evergo/thermal/thermal-camera.conf,thermal-engine-text,mi_thermald_aes,thermal-engine-text-v2,decoded,68.0,,,53.0,-15.0,mapped-artifact
xiaomi,evergo,thermal-chg-only.conf,devices/xiaomi/evergo/thermal/thermal-chg-only.conf,thermal-engine-text,mi_thermald_aes,thermal-engine-text-v2,decoded,50.0,,,55.0,5.0,mapped-artifact
xiaomi,evergo,thermal-class0.conf,devices/xiaomi/evergo/thermal/thermal-class0.conf,thermal-engine-text,mi_thermald_aes,thermal-engine-text-v2,decoded,60.0,,,53.0,-7.0,mapped-artifact
xiaomi,evergo,thermal-map.conf,devices/xiaomi/evergo/thermal/thermal-map.conf,thermal-engine-text,mi_thermald_aes,thermal-engine-text-v2,decoded,,,,,,mapped-artifact
xiaomi,evergo,thermal-mgame.conf,devices/xiaomi/evergo/thermal/thermal-mgame.conf,thermal-engine-text,mi_thermald_aes,thermal-engine-text-v2,decoded,60.0,,,53.0,-7.0,mapped-artifact
xiaomi,evergo,thermal-navigation.conf,devices/xiaomi/evergo/thermal/thermal-navigation.conf,thermal-engine-text,mi_thermald_aes,thermal-engine-text-v2,decoded,60.0,,,53.0,-7.0,mapped-artifact
xiaomi,evergo,thermal-nolimits.conf,devices/xiaomi/evergo/thermal/thermal-nolimits.conf,thermal-engine-text,mi_thermald_aes,thermal-engine-text-v2,decoded,68.0,,,,,mapped-artifact
xiaomi,evergo,thermal-normal.conf,devices/xiaomi/evergo/thermal/thermal-normal.conf,thermal-engine-text,mi_thermald_aes,thermal-engine-text-v2,decoded,60.0,,,55.0,-5.0,mapped-artifact
xiaomi,evergo,thermal-phone.conf,devices/xiaomi/evergo/thermal/thermal-phone.conf,thermal-engine-text,mi_thermald_aes,thermal-engine-text-v2,decoded,60.0,,,55.0,-5.0,mapped-artifact
xiaomi,evergo,thermal-tgame.conf,devices/xiaomi/evergo/thermal/thermal-tgame.conf,thermal-engine-text,mi_thermald_aes,thermal-engine-text-v2,decoded,60.0,,,53.0,-7.0,mapped-artifact
xiaomi,evergo,thermal-video.conf,devices/xiaomi/evergo/thermal/thermal-video.conf,thermal-engine-text,mi_thermald_aes,thermal-engine-text-v2,decoded,60.0,,,53.0,-7.0,mapped-artifact
xiaomi,evergo,thermal-youtube.conf,devices/xiaomi/evergo/thermal/thermal-youtube.conf,thermal-engine-text,mi_thermald_aes,thermal-engine-text-v2,decoded,60.0,,,53.0,-7.0,mapped-artifact
xiaomi,evergo,thermald-devices.conf,devices/xiaomi/evergo/thermal/thermald-devices.conf,thermal-engine-text,plain,thermal-engine-text-v2,plain,,,,,,mapped-artifact
xiaomi,evergreen,index.tsv,devices/xiaomi/evergreen/thermal/index.tsv,text,plain,,plain,,,,,,mapped-artifact
xiaomi,evergreen,thermal-arvr.conf,devices/xiaomi/evergreen/thermal/thermal-arvr.conf,thermal-engine-text,mi_thermald_aes,thermal-engine-text-v2,decoded,60.0,,,55.0,-5.0,mapped-artifact
xiaomi,evergreen,thermal-camera.conf,devices/xiaomi/evergreen/thermal/thermal-camera.conf,thermal-engine-text,mi_thermald_aes,thermal-engine-text-v2,decoded,68.0,,,53.0,-15.0,mapped-artifact
xiaomi,evergreen,thermal-chg-only.conf,devices/xiaomi/evergreen/thermal/thermal-chg-only.conf,thermal-engine-text,mi_thermald_aes,thermal-engine-text-v2,decoded,50.0,,,55.0,5.0,mapped-artifact
xiaomi,evergreen,thermal-class0.conf,devices/xiaomi/evergreen/thermal/thermal-class0.conf,thermal-engine-text,mi_thermald_aes,thermal-engine-text-v2,decoded,60.0,,,53.0,-7.0,mapped-artifact
xiaomi,evergreen,thermal-map.conf,devices/xiaomi/evergreen/thermal/thermal-map.conf,thermal-engine-text,mi_thermald_aes,thermal-engine-text-v2,decoded,,,,,,mapped-artifact
xiaomi,evergreen,thermal-mgame.conf,devices/xiaomi/evergreen/thermal/thermal-mgame.conf,thermal-engine-text,mi_thermald_aes,thermal-engine-text-v2,decoded,60.0,,,53.0,-7.0,mapped-artifact
xiaomi,evergreen,thermal-navigation.conf,devices/xiaomi/evergreen/thermal/thermal-navigation.conf,thermal-engine-text,mi_thermald_aes,thermal-engine-text-v2,decoded,60.0,,,53.0,-7.0,mapped-artifact
xiaomi,evergreen,thermal-nolimits.conf,devices/xiaomi/evergreen/thermal/thermal-nolimits.conf,thermal-engine-text,mi_thermald_aes,thermal-engine-text-v2,decoded,68.0,,,,,mapped-artifact
xiaomi,evergreen,thermal-normal.conf,devices/xiaomi/evergreen/thermal/thermal-normal.conf,thermal-engine-text,mi_thermald_aes,thermal-engine-text-v2,decoded,60.0,,,55.0,-5.0,mapped-artifact
xiaomi,evergreen,thermal-phone.conf,devices/xiaomi/evergreen/thermal/thermal-phone.conf,thermal-engine-text,mi_thermald_aes,thermal-engine-text-v2,decoded,60.0,,,55.0,-5.0,mapped-artifact
xiaomi,evergreen,thermal-tgame.conf,devices/xiaomi/evergreen/thermal/thermal-tgame.conf,thermal-engine-text,mi_thermald_aes,thermal-engine-text-v2,decoded,60.0,,,53.0,-7.0,mapped-artifact
xiaomi,evergreen,thermal-video.conf,devices/xiaomi/evergreen/thermal/thermal-video.conf,thermal-engine-text,mi_thermald_aes,thermal-engine-text-v2,decoded,60.0,,,53.0,-7.0,mapped-artifact
xiaomi,evergreen,thermal-youtube.conf,devices/xiaomi/evergreen/thermal/thermal-youtube.conf,thermal-engine-text,mi_thermald_aes,thermal-engine-text-v2,decoded,60.0,,,53.0,-7.0,mapped-artifact
xiaomi,evergreen,thermald-devices.conf,devices/xiaomi/evergreen/thermal/thermald-devices.conf,thermal-engine-text,plain,thermal-engine-text-v2,plain,,,,,,mapped-artifact
xiaomi,excalibur,index.tsv,devices/xiaomi/excalibur/thermal/index.tsv,text,plain,,plain,,,,,,mapped-artifact
xiaomi,excalibur,thermal-engine-camera.conf,devices/xiaomi/excalibur/thermal/thermal-engine-camera.conf,thermal-engine-text,plain,thermal-engine-text-v2,plain,61.0,,,52.0,-9.0,mapped-artifact
xiaomi,excalibur,thermal-engine-map.conf,devices/xiaomi/excalibur/thermal/thermal-engine-map.conf,thermal-engine-text,plain,thermal-engine-text-v2,plain,,,,,,mapped-artifact
xiaomi,excalibur,thermal-engine-normal.conf,devices/xiaomi/excalibur/thermal/thermal-engine-normal.conf,thermal-engine-text,plain,thermal-engine-text-v2,plain,61.0,,,52.0,-9.0,mapped-artifact
xiaomi,excalibur,thermal-engine.conf,devices/xiaomi/excalibur/thermal/thermal-engine.conf,text,plain,,plain,,,,,,mapped-artifact
xiaomi,fire,index.tsv,devices/xiaomi/fire/thermal/index.tsv,text,plain,,plain,,,,,,mapped-artifact
xiaomi,fire,thermal-camera.conf,devices/xiaomi/fire/thermal/thermal-camera.conf,thermal-engine-text,mi_thermald_aes,thermal-engine-text-v2,decoded,49.0,,,48.0,-1.0,mapped-artifact
xiaomi,fire,thermal-chg-only.conf,devices/xiaomi/fire/thermal/thermal-chg-only.conf,thermal-engine-text,plain,thermal-engine-text-v2,plain,43.0,,,,,mapped-artifact
xiaomi,fire,thermal-class0.conf,devices/xiaomi/fire/thermal/thermal-class0.conf,thermal-engine-text,mi_thermald_aes,thermal-engine-text-v2,decoded,51.0,,,48.0,-3.0,mapped-artifact
xiaomi,fire,thermal-hp-mgame.conf,devices/xiaomi/fire/thermal/thermal-hp-mgame.conf,thermal-engine-text,mi_thermald_aes,thermal-engine-text-v2,decoded,50.0,,,48.0,-2.0,mapped-artifact
xiaomi,fire,thermal-hp-normal.conf,devices/xiaomi/fire/thermal/thermal-hp-normal.conf,thermal-engine-text,mi_thermald_aes,thermal-engine-text-v2,decoded,49.0,,,48.0,-1.0,mapped-artifact
xiaomi,fire,thermal-map.conf,devices/xiaomi/fire/thermal/thermal-map.conf,thermal-engine-text,mi_thermald_aes,thermal-engine-text-v2,decoded,,,,,,mapped-artifact
xiaomi,fire,thermal-mgame.conf,devices/xiaomi/fire/thermal/thermal-mgame.conf,thermal-engine-text,mi_thermald_aes,thermal-engine-text-v2,decoded,50.0,,,48.0,-2.0,mapped-artifact
xiaomi,fire,thermal-navigation.conf,devices/xiaomi/fire/thermal/thermal-navigation.conf,thermal-engine-text,mi_thermald_aes,thermal-engine-text-v2,decoded,51.0,,,49.0,-2.0,mapped-artifact
xiaomi,fire,thermal-nolimits.conf,devices/xiaomi/fire/thermal/thermal-nolimits.conf,thermal-engine-text,mi_thermald_aes,thermal-engine-text-v2,decoded,51.0,,,,,mapped-artifact
xiaomi,fire,thermal-normal.conf,devices/xiaomi/fire/thermal/thermal-normal.conf,thermal-engine-text,mi_thermald_aes,thermal-engine-text-v2,decoded,51.0,,,48.0,-3.0,mapped-artifact
xiaomi,fire,thermal-phone.conf,devices/xiaomi/fire/thermal/thermal-phone.conf,thermal-engine-text,mi_thermald_aes,thermal-engine-text-v2,decoded,51.0,,,49.0,-2.0,mapped-artifact
xiaomi,fire,thermal-tgame.conf,devices/xiaomi/fire/thermal/thermal-tgame.conf,thermal-engine-text,mi_thermald_aes,thermal-engine-text-v2,decoded,50.0,,,48.0,-2.0,mapped-artifact
xiaomi,fire,thermal-video.conf,devices/xiaomi/fire/thermal/thermal-video.conf,thermal-engine-text,mi_thermald_aes,thermal-engine-text-v2,decoded,51.0,,,49.0,-2.0,mapped-artifact
xiaomi,fire,thermal-videochat.conf,devices/xiaomi/fire/thermal/thermal-videochat.conf,thermal-engine-text,mi_thermald_aes,thermal-engine-text-v2,decoded,50.0,,,48.0,-2.0,mapped-artifact
xiaomi,fire,thermalbreakboostconfig.xml,devices/xiaomi/fire/thermal/thermalbreakboostconfig.xml,xml,plain,,plain,,,,,,mapped-artifact
xiaomi,fire,thermald-devices.conf,devices/xiaomi/fire/thermal/thermald-devices.conf,thermal-engine-text,plain,thermal-engine-text-v2,plain,,,,,,mapped-artifact
xiaomi,flame,index.tsv,devices/xiaomi/flame/thermal/index.tsv,text,plain,,plain,,,,,,mapped-artifact
xiaomi,flame,thermal-camera.conf,devices/xiaomi/flame/thermal/thermal-camera.conf,thermal-engine-text,mi_thermald_aes,thermal-engine-text-v2,decoded,53.0,,,51.0,-2.0,mapped-artifact
xiaomi,flame,thermal-cclassvideo.conf,devices/xiaomi/flame/thermal/thermal-cclassvideo.conf,thermal-engine-text,mi_thermald_aes,thermal-engine-text-v2,decoded,53.0,,,51.0,-2.0,mapped-artifact
xiaomi,flame,thermal-cgame.conf,devices/xiaomi/flame/thermal/thermal-cgame.conf,thermal-engine-text,mi_thermald_aes,thermal-engine-text-v2,decoded,53.0,,,51.0,-2.0,mapped-artifact
xiaomi,flame,thermal-chg-only.conf,devices/xiaomi/flame/thermal/thermal-chg-only.conf,thermal-engine-text,plain,thermal-engine-text-v2,plain,53.0,,,51.0,-2.0,mapped-artifact
xiaomi,flame,thermal-class0.conf,devices/xiaomi/flame/thermal/thermal-class0.conf,thermal-engine-text,mi_thermald_aes,thermal-engine-text-v2,decoded,53.0,,,51.0,-2.0,mapped-artifact
xiaomi,flame,thermal-engine.conf,devices/xiaomi/flame/thermal/thermal-engine.conf,text,plain,,plain,,,,,,mapped-artifact
xiaomi,flame,thermal-hp-mgame.conf,devices/xiaomi/flame/thermal/thermal-hp-mgame.conf,thermal-engine-text,mi_thermald_aes,thermal-engine-text-v2,decoded,51.0,,,51.0,0.0,mapped-artifact
xiaomi,flame,thermal-hp-normal.conf,devices/xiaomi/flame/thermal/thermal-hp-normal.conf,thermal-engine-text,mi_thermald_aes,thermal-engine-text-v2,decoded,51.0,,,51.0,0.0,mapped-artifact
xiaomi,flame,thermal-huanji.conf,devices/xiaomi/flame/thermal/thermal-huanji.conf,thermal-engine-text,mi_thermald_aes,thermal-engine-text-v2,decoded,53.0,,,51.0,-2.0,mapped-artifact
xiaomi,flame,thermal-livestream.conf,devices/xiaomi/flame/thermal/thermal-livestream.conf,thermal-engine-text,mi_thermald_aes,thermal-engine-text-v2,decoded,53.0,,,51.0,-2.0,mapped-artifact
xiaomi,flame,thermal-map.conf,devices/xiaomi/flame/thermal/thermal-map.conf,thermal-engine-text,mi_thermald_aes,thermal-engine-text-v2,decoded,,,,,,mapped-artifact
xiaomi,flame,thermal-mgame.conf,devices/xiaomi/flame/thermal/thermal-mgame.conf,thermal-engine-text,mi_thermald_aes,thermal-engine-text-v2,decoded,53.0,,,51.0,-2.0,mapped-artifact
xiaomi,flame,thermal-navigation.conf,devices/xiaomi/flame/thermal/thermal-navigation.conf,thermal-engine-text,mi_thermald_aes,thermal-engine-text-v2,decoded,53.0,,,50.0,-3.0,mapped-artifact
xiaomi,flame,thermal-nolimits.conf,devices/xiaomi/flame/thermal/thermal-nolimits.conf,thermal-engine-text,mi_thermald_aes,thermal-engine-text-v2,decoded,53.0,,,,,mapped-artifact
xiaomi,flame,thermal-normal.conf,devices/xiaomi/flame/thermal/thermal-normal.conf,thermal-engine-text,mi_thermald_aes,thermal-engine-text-v2,decoded,53.0,,,51.0,-2.0,mapped-artifact
xiaomi,flame,thermal-phone.conf,devices/xiaomi/flame/thermal/thermal-phone.conf,thermal-engine-text,mi_thermald_aes,thermal-engine-text-v2,decoded,53.0,,,48.0,-5.0,mapped-artifact
xiaomi,flame,thermal-tgame.conf,devices/xiaomi/flame/thermal/thermal-tgame.conf,thermal-engine-text,mi_thermald_aes,thermal-engine-text-v2,decoded,53.0,,,51.0,-2.0,mapped-artifact
xiaomi,flame,thermal-video.conf,devices/xiaomi/flame/thermal/thermal-video.conf,thermal-engine-text,mi_thermald_aes,thermal-engine-text-v2,decoded,53.0,,,51.0,-2.0,mapped-artifact
xiaomi,flame,thermal-videochat.conf,devices/xiaomi/flame/thermal/thermal-videochat.conf,thermal-engine-text,mi_thermald_aes,thermal-engine-text-v2,decoded,53.0,,,51.0,-2.0,mapped-artifact
xiaomi,flame,thermald-devices.conf,devices/xiaomi/flame/thermal/thermald-devices.conf,thermal-engine-text,plain,thermal-engine-text-v2,plain,,,,,,mapped-artifact
xiaomi,flare,index.tsv,devices/xiaomi/flare/thermal/index.tsv,text,plain,,plain,,,,,,mapped-artifact
xiaomi,flare,thermal-camera.conf,devices/xiaomi/flare/thermal/thermal-camera.conf,thermal-engine-text,mi_thermald_aes,thermal-engine-text-v2,decoded,53.0,,,51.0,-2.0,mapped-artifact
xiaomi,flare,thermal-chg-only.conf,devices/xiaomi/flare/thermal/thermal-chg-only.conf,thermal-engine-text,plain,thermal-engine-text-v2,plain,49.0,,,51.0,2.0,mapped-artifact
xiaomi,flare,thermal-class0.conf,devices/xiaomi/flare/thermal/thermal-class0.conf,thermal-engine-text,mi_thermald_aes,thermal-engine-text-v2,decoded,53.0,,,51.0,-2.0,mapped-artifact
xiaomi,flare,thermal-map.conf,devices/xiaomi/flare/thermal/thermal-map.conf,thermal-engine-text,mi_thermald_aes,thermal-engine-text-v2,decoded,,,,,,mapped-artifact
xiaomi,flare,thermal-mgame.conf,devices/xiaomi/flare/thermal/thermal-mgame.conf,thermal-engine-text,mi_thermald_aes,thermal-engine-text-v2,decoded,53.0,,,51.0,-2.0,mapped-artifact
xiaomi,flare,thermal-navigation.conf,devices/xiaomi/flare/thermal/thermal-navigation.conf,thermal-engine-text,mi_thermald_aes,thermal-engine-text-v2,decoded,53.0,,,50.0,-3.0,mapped-artifact
xiaomi,flare,thermal-nolimits.conf,devices/xiaomi/flare/thermal/thermal-nolimits.conf,thermal-engine-text,mi_thermald_aes,thermal-engine-text-v2,decoded,53.0,,,,,mapped-artifact
xiaomi,flare,thermal-normal.conf,devices/xiaomi/flare/thermal/thermal-normal.conf,thermal-engine-text,mi_thermald_aes,thermal-engine-text-v2,decoded,53.0,,,51.0,-2.0,mapped-artifact
xiaomi,flare,thermal-phone.conf,devices/xiaomi/flare/thermal/thermal-phone.conf,thermal-engine-text,mi_thermald_aes,thermal-engine-text-v2,decoded,53.0,,,51.0,-2.0,mapped-artifact
xiaomi,flare,thermal-tgame.conf,devices/xiaomi/flare/thermal/thermal-tgame.conf,thermal-engine-text,mi_thermald_aes,thermal-engine-text-v2,decoded,53.0,,,51.0,-2.0,mapped-artifact
xiaomi,flare,thermal-video.conf,devices/xiaomi/flare/thermal/thermal-video.conf,thermal-engine-text,mi_thermald_aes,thermal-engine-text-v2,decoded,53.0,,,51.0,-2.0,mapped-artifact
xiaomi,flare,thermal-videochat.conf,devices/xiaomi/flare/thermal/thermal-videochat.conf,thermal-engine-text,mi_thermald_aes,thermal-engine-text-v2,decoded,53.0,,,51.0,-2.0,mapped-artifact
xiaomi,flare,thermalbreakboostconfig.xml,devices/xiaomi/flare/thermal/thermalbreakboostconfig.xml,xml,plain,,plain,,,,,,mapped-artifact
xiaomi,flare,thermald-devices.conf,devices/xiaomi/flare/thermal/thermald-devices.conf,thermal-engine-text,plain,thermal-engine-text-v2,plain,,,,,,mapped-artifact
xiaomi,fleur,index.tsv,devices/xiaomi/fleur/thermal/index.tsv,text,plain,,plain,,,,,,mapped-artifact
xiaomi,fleur,thermal-4k.conf,devices/xiaomi/fleur/thermal/thermal-4k.conf,thermal-engine-text,mi_thermald_aes,thermal-engine-text-v2,decoded,60.0,,,55.0,-5.0,mapped-artifact
xiaomi,fleur,thermal-arvr.conf,devices/xiaomi/fleur/thermal/thermal-arvr.conf,thermal-engine-text,mi_thermald_aes,thermal-engine-text-v2,decoded,60.0,,,15.0,-45.0,mapped-artifact
xiaomi,fleur,thermal-camera.conf,devices/xiaomi/fleur/thermal/thermal-camera.conf,thermal-engine-text,mi_thermald_aes,thermal-engine-text-v2,decoded,61.0,,,50.5,-10.5,mapped-artifact
xiaomi,fleur,thermal-camera2.conf,devices/xiaomi/fleur/thermal/thermal-camera2.conf,thermal-engine-text,mi_thermald_aes,thermal-engine-text-v2,decoded,61.0,,,55.0,-6.0,mapped-artifact
xiaomi,fleur,thermal-chg-only.conf,devices/xiaomi/fleur/thermal/thermal-chg-only.conf,thermal-engine-text,mi_thermald_aes,thermal-engine-text-v2,decoded,61.0,,,52.0,-9.0,mapped-artifact
xiaomi,fleur,thermal-class0.conf,devices/xiaomi/fleur/thermal/thermal-class0.conf,thermal-engine-text,mi_thermald_aes,thermal-engine-text-v2,decoded,61.0,,,55.0,-6.0,mapped-artifact
xiaomi,fleur,thermal-map.conf,devices/xiaomi/fleur/thermal/thermal-map.conf,thermal-engine-text,mi_thermald_aes,thermal-engine-text-v2,decoded,,,,,,mapped-artifact
xiaomi,fleur,thermal-navigation.conf,devices/xiaomi/fleur/thermal/thermal-navigation.conf,thermal-engine-text,mi_thermald_aes,thermal-engine-text-v2,decoded,61.0,,,55.0,-6.0,mapped-artifact
xiaomi,fleur,thermal-nolimits.conf,devices/xiaomi/fleur/thermal/thermal-nolimits.conf,thermal-engine-text,mi_thermald_aes,thermal-engine-text-v2,decoded,61.0,,,,,mapped-artifact
xiaomi,fleur,thermal-normal.conf,devices/xiaomi/fleur/thermal/thermal-normal.conf,thermal-engine-text,mi_thermald_aes,thermal-engine-text-v2,decoded,61.0,,,55.0,-6.0,mapped-artifact
xiaomi,fleur,thermal-phone.conf,devices/xiaomi/fleur/thermal/thermal-phone.conf,thermal-engine-text,mi_thermald_aes,thermal-engine-text-v2,decoded,61.0,,,54.0,-7.0,mapped-artifact
xiaomi,fleur,thermal-tgame.conf,devices/xiaomi/fleur/thermal/thermal-tgame.conf,thermal-engine-text,mi_thermald_aes,thermal-engine-text-v2,decoded,58.0,,,,,mapped-artifact
xiaomi,fleur,thermal-video.conf,devices/xiaomi/fleur/thermal/thermal-video.conf,thermal-engine-text,mi_thermald_aes,thermal-engine-text-v2,decoded,61.0,,,52.0,-9.0,mapped-artifact
xiaomi,fleur,thermal-videochat.conf,devices/xiaomi/fleur/thermal/thermal-videochat.conf,thermal-engine-text,mi_thermald_aes,thermal-engine-text-v2,decoded,58.0,,,52.0,-6.0,mapped-artifact
xiaomi,fleur,thermal-youtube.conf,devices/xiaomi/fleur/thermal/thermal-youtube.conf,thermal-engine-text,mi_thermald_aes,thermal-engine-text-v2,decoded,61.0,,,,,mapped-artifact
xiaomi,fleur,thermald-devices.conf,devices/xiaomi/fleur/thermal/thermald-devices.conf,thermal-engine-text,plain,thermal-engine-text-v2,plain,,,,,,mapped-artifact
xiaomi,fog,index.tsv,devices/xiaomi/fog/thermal/index.tsv,text,plain,,plain,,,,,,mapped-artifact
xiaomi,fog,thermal-4k.conf,devices/xiaomi/fog/thermal/thermal-4k.conf,thermal-engine-text,mi_thermald_aes,thermal-engine-text-v2,decoded,60.0,,,53.0,-7.0,mapped-artifact
xiaomi,fog,thermal-arvr.conf,devices/xiaomi/fog/thermal/thermal-arvr.conf,thermal-engine-text,mi_thermald_aes,thermal-engine-text-v2,decoded,60.0,,,17.0,-43.0,mapped-artifact
xiaomi,fog,thermal-camera.conf,devices/xiaomi/fog/thermal/thermal-camera.conf,thermal-engine-text,mi_thermald_aes,thermal-engine-text-v2,decoded,50.0,,,54.5,4.5,mapped-artifact
xiaomi,fog,thermal-chg-only.conf,devices/xiaomi/fog/thermal/thermal-chg-only.conf,thermal-engine-text,plain,thermal-engine-text-v2,plain,60.0,,,,,mapped-artifact
xiaomi,fog,thermal-class0.conf,devices/xiaomi/fog/thermal/thermal-class0.conf,thermal-engine-text,mi_thermald_aes,thermal-engine-text-v2,decoded,58.0,,,,,mapped-artifact
xiaomi,fog,thermal-engine.conf,devices/xiaomi/fog/thermal/thermal-engine.conf,text,plain,,plain,,,,,,mapped-artifact
xiaomi,fog,thermal-map.conf,devices/xiaomi/fog/thermal/thermal-map.conf,thermal-engine-text,mi_thermald_aes,thermal-engine-text-v2,decoded,,,,,,mapped-artifact
xiaomi,fog,thermal-navigation.conf,devices/xiaomi/fog/thermal/thermal-navigation.conf,thermal-engine-text,mi_thermald_aes,thermal-engine-text-v2,decoded,58.0,,,,,mapped-artifact
xiaomi,fog,thermal-nolimits.conf,devices/xiaomi/fog/thermal/thermal-nolimits.conf,thermal-engine-text,mi_thermald_aes,thermal-engine-text-v2,decoded,60.0,,,53.0,-7.0,mapped-artifact
xiaomi,fog,thermal-normal.conf,devices/xiaomi/fog/thermal/thermal-normal.conf,thermal-engine-text,mi_thermald_aes,thermal-engine-text-v2,decoded,58.0,,,,,mapped-artifact
xiaomi,fog,thermal-phone.conf,devices/xiaomi/fog/thermal/thermal-phone.conf,thermal-engine-text,mi_thermald_aes,thermal-engine-text-v2,decoded,60.0,,,53.0,-7.0,mapped-artifact
xiaomi,fog,thermal-tgame.conf,devices/xiaomi/fog/thermal/thermal-tgame.conf,thermal-engine-text,mi_thermald_aes,thermal-engine-text-v2,decoded,53.0,,,54.5,1.5,mapped-artifact
xiaomi,fog,thermal-video.conf,devices/xiaomi/fog/thermal/thermal-video.conf,thermal-engine-text,mi_thermald_aes,thermal-engine-text-v2,decoded,58.0,,,,,mapped-artifact
xiaomi,fog,thermal-youtube.conf,devices/xiaomi/fog/thermal/thermal-youtube.conf,thermal-engine-text,mi_thermald_aes,thermal-engine-text-v2,decoded,60.0,,,53.0,-7.0,mapped-artifact
xiaomi,fog,thermald-devices.conf,devices/xiaomi/fog/thermal/thermald-devices.conf,thermal-engine-text,plain,thermal-engine-text-v2,plain,,,,,,mapped-artifact
xiaomi,frost,index.tsv,devices/xiaomi/frost/thermal/index.tsv,text,plain,,plain,,,,,,mapped-artifact
xiaomi,frost,thermal-4k.conf,devices/xiaomi/frost/thermal/thermal-4k.conf,thermal-engine-text,mi_thermald_aes,thermal-engine-text-v2,decoded,60.0,,,52.0,-8.0,mapped-artifact
xiaomi,frost,thermal-arvr.conf,devices/xiaomi/frost/thermal/thermal-arvr.conf,thermal-engine-text,mi_thermald_aes,thermal-engine-text-v2,decoded,60.0,,,16.0,-44.0,mapped-artifact
xiaomi,frost,thermal-camera.conf,devices/xiaomi/frost/thermal/thermal-camera.conf,thermal-engine-text,mi_thermald_aes,thermal-engine-text-v2,decoded,50.0,,,53.0,3.0,mapped-artifact
xiaomi,frost,thermal-chg-only.conf,devices/xiaomi/frost/thermal/thermal-chg-only.conf,thermal-engine-text,plain,thermal-engine-text-v2,plain,60.0,,,,,mapped-artifact
xiaomi,frost,thermal-class0.conf,devices/xiaomi/frost/thermal/thermal-class0.conf,thermal-engine-text,mi_thermald_aes,thermal-engine-text-v2,decoded,58.0,,,,,mapped-artifact
xiaomi,frost,thermal-engine.conf,devices/xiaomi/frost/thermal/thermal-engine.conf,thermal-engine-text,plain,thermal-engine-text-v2,plain,86.0,,,,,mapped-artifact
xiaomi,frost,thermal-map.conf,devices/xiaomi/frost/thermal/thermal-map.conf,thermal-engine-text,mi_thermald_aes,thermal-engine-text-v2,decoded,,,,,,mapped-artifact
xiaomi,frost,thermal-navigation.conf,devices/xiaomi/frost/thermal/thermal-navigation.conf,thermal-engine-text,mi_thermald_aes,thermal-engine-text-v2,decoded,58.0,,,,,mapped-artifact
xiaomi,frost,thermal-nolimits.conf,devices/xiaomi/frost/thermal/thermal-nolimits.conf,thermal-engine-text,mi_thermald_aes,thermal-engine-text-v2,decoded,60.0,,,53.0,-7.0,mapped-artifact
xiaomi,frost,thermal-normal.conf,devices/xiaomi/frost/thermal/thermal-normal.conf,thermal-engine-text,mi_thermald_aes,thermal-engine-text-v2,decoded,58.0,,,,,mapped-artifact
xiaomi,frost,thermal-phone.conf,devices/xiaomi/frost/thermal/thermal-phone.conf,thermal-engine-text,mi_thermald_aes,thermal-engine-text-v2,decoded,60.0,,,,,mapped-artifact
xiaomi,frost,thermal-tgame.conf,devices/xiaomi/frost/thermal/thermal-tgame.conf,thermal-engine-text,mi_thermald_aes,thermal-engine-text-v2,decoded,53.0,,,53.0,0.0,mapped-artifact
xiaomi,frost,thermal-video.conf,devices/xiaomi/frost/thermal/thermal-video.conf,thermal-engine-text,mi_thermald_aes,thermal-engine-text-v2,decoded,58.0,,,,,mapped-artifact
xiaomi,frost,thermald-devices.conf,devices/xiaomi/frost/thermal/thermald-devices.conf,thermal-engine-text,plain,thermal-engine-text-v2,plain,,,,,,mapped-artifact
xiaomi,gale,index.tsv,devices/xiaomi/gale/thermal/index.tsv,text,plain,,plain,,,,,,mapped-artifact
xiaomi,gale,thermal-camera.conf,devices/xiaomi/gale/thermal/thermal-camera.conf,thermal-engine-text,mi_thermald_aes,thermal-engine-text-v2,decoded,53.0,,,52.0,-1.0,mapped-artifact
xiaomi,gale,thermal-chg-only.conf,devices/xiaomi/gale/thermal/thermal-chg-only.conf,thermal-engine-text,plain,thermal-engine-text-v2,plain,49.0,,,52.0,3.0,mapped-artifact
xiaomi,gale,thermal-class0.conf,devices/xiaomi/gale/thermal/thermal-class0.conf,thermal-engine-text,mi_thermald_aes,thermal-engine-text-v2,decoded,53.0,,,52.0,-1.0,mapped-artifact
xiaomi,gale,thermal-hp-mgame.conf,devices/xiaomi/gale/thermal/thermal-hp-mgame.conf,thermal-engine-text,mi_thermald_aes,thermal-engine-text-v2,decoded,51.0,,,51.0,0.0,mapped-artifact
xiaomi,gale,thermal-hp-normal.conf,devices/xiaomi/gale/thermal/thermal-hp-normal.conf,thermal-engine-text,mi_thermald_aes,thermal-engine-text-v2,decoded,51.0,,,52.0,1.0,mapped-artifact
xiaomi,gale,thermal-huanji.conf,devices/xiaomi/gale/thermal/thermal-huanji.conf,thermal-engine-text,mi_thermald_aes,thermal-engine-text-v2,decoded,53.0,,,52.0,-1.0,mapped-artifact
xiaomi,gale,thermal-map.conf,devices/xiaomi/gale/thermal/thermal-map.conf,thermal-engine-text,mi_thermald_aes,thermal-engine-text-v2,decoded,,,,,,mapped-artifact
xiaomi,gale,thermal-mgame.conf,devices/xiaomi/gale/thermal/thermal-mgame.conf,thermal-engine-text,mi_thermald_aes,thermal-engine-text-v2,decoded,53.0,,,51.0,-2.0,mapped-artifact
xiaomi,gale,thermal-navigation.conf,devices/xiaomi/gale/thermal/thermal-navigation.conf,thermal-engine-text,mi_thermald_aes,thermal-engine-text-v2,decoded,53.0,,,50.0,-3.0,mapped-artifact
xiaomi,gale,thermal-nolimits.conf,devices/xiaomi/gale/thermal/thermal-nolimits.conf,thermal-engine-text,mi_thermald_aes,thermal-engine-text-v2,decoded,53.0,,,,,mapped-artifact
xiaomi,gale,thermal-normal.conf,devices/xiaomi/gale/thermal/thermal-normal.conf,thermal-engine-text,mi_thermald_aes,thermal-engine-text-v2,decoded,53.0,,,52.0,-1.0,mapped-artifact
xiaomi,gale,thermal-phone.conf,devices/xiaomi/gale/thermal/thermal-phone.conf,thermal-engine-text,mi_thermald_aes,thermal-engine-text-v2,decoded,53.0,,,52.0,-1.0,mapped-artifact
xiaomi,gale,thermal-tgame.conf,devices/xiaomi/gale/thermal/thermal-tgame.conf,thermal-engine-text,mi_thermald_aes,thermal-engine-text-v2,decoded,53.0,,,51.0,-2.0,mapped-artifact
xiaomi,gale,thermal-video.conf,devices/xiaomi/gale/thermal/thermal-video.conf,thermal-engine-text,mi_thermald_aes,thermal-engine-text-v2,decoded,53.0,,,52.0,-1.0,mapped-artifact
xiaomi,gale,thermal-videochat.conf,devices/xiaomi/gale/thermal/thermal-videochat.conf,thermal-engine-text,mi_thermald_aes,thermal-engine-text-v2,decoded,53.0,,,52.0,-1.0,mapped-artifact
xiaomi,gale,thermalbreakboostconfig.xml,devices/xiaomi/gale/thermal/thermalbreakboostconfig.xml,xml,plain,,plain,,,,,,mapped-artifact
xiaomi,gale,thermald-devices.conf,devices/xiaomi/gale/thermal/thermald-devices.conf,thermal-engine-text,plain,thermal-engine-text-v2,plain,,,,,,mapped-artifact
xiaomi,garnet,index.tsv,devices/xiaomi/garnet/thermal/index.tsv,text,plain,,plain,,,,,,mapped-artifact
xiaomi,garnet,thermal-4k.conf,devices/xiaomi/garnet/thermal/thermal-4k.conf,thermal-engine-text,mi_thermald_aes,thermal-engine-text-v2,decoded,110.0,,,51.0,-59.0,mapped-artifact
xiaomi,garnet,thermal-512-4k.conf,devices/xiaomi/garnet/thermal/thermal-512-4k.conf,thermal-engine-text,mi_thermald_aes,thermal-engine-text-v2,decoded,110.0,,,51.0,-59.0,mapped-artifact
xiaomi,garnet,thermal-512-camera.conf,devices/xiaomi/garnet/thermal/thermal-512-camera.conf,thermal-engine-text,mi_thermald_aes,thermal-engine-text-v2,decoded,110.0,,,51.0,-59.0,mapped-artifact
xiaomi,garnet,thermal-512-cclassvideo.conf,devices/xiaomi/garnet/thermal/thermal-512-cclassvideo.conf,thermal-engine-text,mi_thermald_aes,thermal-engine-text-v2,decoded,60.0,,,51.0,-9.0,mapped-artifact
xiaomi,garnet,thermal-512-cgame.conf,devices/xiaomi/garnet/thermal/thermal-512-cgame.conf,thermal-engine-text,mi_thermald_aes,thermal-engine-text-v2,decoded,60.0,,,51.0,-9.0,mapped-artifact
xiaomi,garnet,thermal-512-class0.conf,devices/xiaomi/garnet/thermal/thermal-512-class0.conf,thermal-engine-text,mi_thermald_aes,thermal-engine-text-v2,decoded,60.0,,,51.0,-9.0,mapped-artifact
xiaomi,garnet,thermal-512-dolbyvision.conf,devices/xiaomi/garnet/thermal/thermal-512-dolbyvision.conf,thermal-engine-text,mi_thermald_aes,thermal-engine-text-v2,decoded,60.0,,,51.0,-9.0,mapped-artifact
xiaomi,garnet,thermal-512-highfps.conf,devices/xiaomi/garnet/thermal/thermal-512-highfps.conf,thermal-engine-text,mi_thermald_aes,thermal-engine-text-v2,decoded,60.0,,,51.0,-9.0,mapped-artifact
xiaomi,garnet,thermal-512-hp-mgame.conf,devices/xiaomi/garnet/thermal/thermal-512-hp-mgame.conf,thermal-engine-text,mi_thermald_aes,thermal-engine-text-v2,decoded,60.0,,,51.0,-9.0,mapped-artifact
xiaomi,garnet,thermal-512-hp-normal.conf,devices/xiaomi/garnet/thermal/thermal-512-hp-normal.conf,thermal-engine-text,mi_thermald_aes,thermal-engine-text-v2,decoded,60.0,,,51.0,-9.0,mapped-artifact
xiaomi,garnet,thermal-512-huanji.conf,devices/xiaomi/garnet/thermal/thermal-512-huanji.conf,thermal-engine-text,mi_thermald_aes,thermal-engine-text-v2,decoded,60.0,,,47.0,-13.0,mapped-artifact
xiaomi,garnet,thermal-512-map.conf,devices/xiaomi/garnet/thermal/thermal-512-map.conf,thermal-engine-text,mi_thermald_aes,thermal-engine-text-v2,decoded,,,,,,mapped-artifact
xiaomi,garnet,thermal-512-mgame.conf,devices/xiaomi/garnet/thermal/thermal-512-mgame.conf,thermal-engine-text,mi_thermald_aes,thermal-engine-text-v2,decoded,60.0,,,51.0,-9.0,mapped-artifact
xiaomi,garnet,thermal-512-navigation.conf,devices/xiaomi/garnet/thermal/thermal-512-navigation.conf,thermal-engine-text,mi_thermald_aes,thermal-engine-text-v2,decoded,60.0,,,51.0,-9.0,mapped-artifact
xiaomi,garnet,thermal-512-nolimits.conf,devices/xiaomi/garnet/thermal/thermal-512-nolimits.conf,thermal-engine-text,mi_thermald_aes,thermal-engine-text-v2,decoded,60.0,,,,,mapped-artifact
xiaomi,garnet,thermal-512-normal.conf,devices/xiaomi/garnet/thermal/thermal-512-normal.conf,thermal-engine-text,mi_thermald_aes,thermal-engine-text-v2,decoded,60.0,,,51.0,-9.0,mapped-artifact
xiaomi,garnet,thermal-512-per-class0.conf,devices/xiaomi/garnet/thermal/thermal-512-per-class0.conf,thermal-engine-text,mi_thermald_aes,thermal-engine-text-v2,decoded,60.0,,,51.0,-9.0,mapped-artifact
xiaomi,garnet,thermal-512-per-normal.conf,devices/xiaomi/garnet/thermal/thermal-512-per-normal.conf,thermal-engine-text,mi_thermald_aes,thermal-engine-text-v2,decoded,60.0,,,51.0,-9.0,mapped-artifact
xiaomi,garnet,thermal-512-per-video.conf,devices/xiaomi/garnet/thermal/thermal-512-per-video.conf,thermal-engine-text,mi_thermald_aes,thermal-engine-text-v2,decoded,60.0,,,51.0,-9.0,mapped-artifact
xiaomi,garnet,thermal-512-phone.conf,devices/xiaomi/garnet/thermal/thermal-512-phone.conf,thermal-engine-text,mi_thermald_aes,thermal-engine-text-v2,decoded,60.0,,,50.0,-10.0,mapped-artifact
xiaomi,garnet,thermal-512-tgame.conf,devices/xiaomi/garnet/thermal/thermal-512-tgame.conf,thermal-engine-text,mi_thermald_aes,thermal-engine-text-v2,decoded,60.0,,,51.0,-9.0,mapped-artifact
xiaomi,garnet,thermal-512-video.conf,devices/xiaomi/garnet/thermal/thermal-512-video.conf,thermal-engine-text,mi_thermald_aes,thermal-engine-text-v2,decoded,60.0,,,51.0,-9.0,mapped-artifact
xiaomi,garnet,thermal-512-videochat.conf,devices/xiaomi/garnet/thermal/thermal-512-videochat.conf,thermal-engine-text,mi_thermald_aes,thermal-engine-text-v2,decoded,60.0,,,51.0,-9.0,mapped-artifact
xiaomi,garnet,thermal-camera.conf,devices/xiaomi/garnet/thermal/thermal-camera.conf,thermal-engine-text,mi_thermald_aes,thermal-engine-text-v2,decoded,110.0,,,51.0,-59.0,mapped-artifact
xiaomi,garnet,thermal-cclassvideo.conf,devices/xiaomi/garnet/thermal/thermal-cclassvideo.conf,thermal-engine-text,mi_thermald_aes,thermal-engine-text-v2,decoded,60.0,,,51.0,-9.0,mapped-artifact
xiaomi,garnet,thermal-cgame.conf,devices/xiaomi/garnet/thermal/thermal-cgame.conf,thermal-engine-text,mi_thermald_aes,thermal-engine-text-v2,decoded,60.0,,,51.0,-9.0,mapped-artifact
xiaomi,garnet,thermal-chg-only.conf,devices/xiaomi/garnet/thermal/thermal-chg-only.conf,thermal-engine-text,plain,thermal-engine-text-v2,plain,50.0,,,51.0,1.0,mapped-artifact
xiaomi,garnet,thermal-class0.conf,devices/xiaomi/garnet/thermal/thermal-class0.conf,thermal-engine-text,mi_thermald_aes,thermal-engine-text-v2,decoded,60.0,,,51.0,-9.0,mapped-artifact
xiaomi,garnet,thermal-dolbyvision.conf,devices/xiaomi/garnet/thermal/thermal-dolbyvision.conf,thermal-engine-text,mi_thermald_aes,thermal-engine-text-v2,decoded,60.0,,,51.0,-9.0,mapped-artifact
xiaomi,garnet,thermal-engine.conf,devices/xiaomi/garnet/thermal/thermal-engine.conf,text,plain,,plain,,,,,,mapped-artifact
xiaomi,garnet,thermal-highfps.conf,devices/xiaomi/garnet/thermal/thermal-highfps.conf,thermal-engine-text,mi_thermald_aes,thermal-engine-text-v2,decoded,60.0,,,51.0,-9.0,mapped-artifact
xiaomi,garnet,thermal-hp-mgame.conf,devices/xiaomi/garnet/thermal/thermal-hp-mgame.conf,thermal-engine-text,mi_thermald_aes,thermal-engine-text-v2,decoded,60.0,,,51.0,-9.0,mapped-artifact
xiaomi,garnet,thermal-hp-normal.conf,devices/xiaomi/garnet/thermal/thermal-hp-normal.conf,thermal-engine-text,mi_thermald_aes,thermal-engine-text-v2,decoded,60.0,,,51.0,-9.0,mapped-artifact
xiaomi,garnet,thermal-huanji.conf,devices/xiaomi/garnet/thermal/thermal-huanji.conf,thermal-engine-text,mi_thermald_aes,thermal-engine-text-v2,decoded,60.0,,,47.0,-13.0,mapped-artifact
xiaomi,garnet,thermal-l18a-map.conf,devices/xiaomi/garnet/thermal/thermal-l18a-map.conf,thermal-engine-text,mi_thermald_aes,thermal-engine-text-v2,decoded,,,,,,mapped-artifact
xiaomi,garnet,thermal-map.conf,devices/xiaomi/garnet/thermal/thermal-map.conf,thermal-engine-text,mi_thermald_aes,thermal-engine-text-v2,decoded,,,,,,mapped-artifact
xiaomi,garnet,thermal-mgame.conf,devices/xiaomi/garnet/thermal/thermal-mgame.conf,thermal-engine-text,mi_thermald_aes,thermal-engine-text-v2,decoded,60.0,,,51.0,-9.0,mapped-artifact
xiaomi,garnet,thermal-navigation.conf,devices/xiaomi/garnet/thermal/thermal-navigation.conf,thermal-engine-text,mi_thermald_aes,thermal-engine-text-v2,decoded,60.0,,,51.0,-9.0,mapped-artifact
xiaomi,garnet,thermal-nolimits.conf,devices/xiaomi/garnet/thermal/thermal-nolimits.conf,thermal-engine-text,mi_thermald_aes,thermal-engine-text-v2,decoded,60.0,,,,,mapped-artifact
xiaomi,garnet,thermal-normal.conf,devices/xiaomi/garnet/thermal/thermal-normal.conf,thermal-engine-text,mi_thermald_aes,thermal-engine-text-v2,decoded,60.0,,,51.0,-9.0,mapped-artifact
xiaomi,garnet,thermal-per-class0.conf,devices/xiaomi/garnet/thermal/thermal-per-class0.conf,thermal-engine-text,mi_thermald_aes,thermal-engine-text-v2,decoded,60.0,,,51.0,-9.0,mapped-artifact
xiaomi,garnet,thermal-per-normal.conf,devices/xiaomi/garnet/thermal/thermal-per-normal.conf,thermal-engine-text,mi_thermald_aes,thermal-engine-text-v2,decoded,60.0,,,51.0,-9.0,mapped-artifact
xiaomi,garnet,thermal-per-video.conf,devices/xiaomi/garnet/thermal/thermal-per-video.conf,thermal-engine-text,mi_thermald_aes,thermal-engine-text-v2,decoded,60.0,,,51.0,-9.0,mapped-artifact
xiaomi,garnet,thermal-phone.conf,devices/xiaomi/garnet/thermal/thermal-phone.conf,thermal-engine-text,mi_thermald_aes,thermal-engine-text-v2,decoded,60.0,,,50.0,-10.0,mapped-artifact
xiaomi,garnet,thermal-region-map.conf,devices/xiaomi/garnet/thermal/thermal-region-map.conf,text,mi_thermald_aes,,decoded,,,,,,mapped-artifact
xiaomi,garnet,thermal-tgame.conf,devices/xiaomi/garnet/thermal/thermal-tgame.conf,thermal-engine-text,mi_thermald_aes,thermal-engine-text-v2,decoded,60.0,,,51.0,-9.0,mapped-artifact
xiaomi,garnet,thermal-video.conf,devices/xiaomi/garnet/thermal/thermal-video.conf,thermal-engine-text,mi_thermald_aes,thermal-engine-text-v2,decoded,60.0,,,51.0,-9.0,mapped-artifact
xiaomi,garnet,thermal-videochat.conf,devices/xiaomi/garnet/thermal/thermal-videochat.conf,thermal-engine-text,mi_thermald_aes,thermal-engine-text-v2,decoded,60.0,,,51.0,-9.0,mapped-artifact
xiaomi,garnet,thermald-devices.conf,devices/xiaomi/garnet/thermal/thermald-devices.conf,thermal-engine-text,plain,thermal-engine-text-v2,plain,,,,,,mapped-artifact
xiaomi,gauguin,index.tsv,devices/xiaomi/gauguin/thermal/index.tsv,text,plain,,plain,,,,,,mapped-artifact
xiaomi,gauguin,thermal-4k.conf,devices/xiaomi/gauguin/thermal/thermal-4k.conf,thermal-engine-text,mi_thermald_aes,thermal-engine-text-v2,decoded,60.0,,,54.0,-6.0,mapped-artifact
xiaomi,gauguin,thermal-arvr.conf,devices/xiaomi/gauguin/thermal/thermal-arvr.conf,thermal-engine-text,mi_thermald_aes,thermal-engine-text-v2,decoded,60.0,,,54.0,-6.0,mapped-artifact
xiaomi,gauguin,thermal-camera.conf,devices/xiaomi/gauguin/thermal/thermal-camera.conf,thermal-engine-text,mi_thermald_aes,thermal-engine-text-v2,decoded,60.0,,,54.0,-6.0,mapped-artifact
xiaomi,gauguin,thermal-chg-only.conf,devices/xiaomi/gauguin/thermal/thermal-chg-only.conf,thermal-engine-text,plain,thermal-engine-text-v2,plain,60.0,,,54.0,-6.0,mapped-artifact
xiaomi,gauguin,thermal-engine.conf,devices/xiaomi/gauguin/thermal/thermal-engine.conf,text,plain,,plain,,,,,,mapped-artifact
xiaomi,gauguin,thermal-india-camera.conf,devices/xiaomi/gauguin/thermal/thermal-india-camera.conf,thermal-engine-text,mi_thermald_aes,thermal-engine-text-v2,decoded,60.0,,,54.0,-6.0,mapped-artifact
xiaomi,gauguin,thermal-india-normal.conf,devices/xiaomi/gauguin/thermal/thermal-india-normal.conf,thermal-engine-text,mi_thermald_aes,thermal-engine-text-v2,decoded,60.0,,,53.0,-7.0,mapped-artifact
xiaomi,gauguin,thermal-map-india.conf,devices/xiaomi/gauguin/thermal/thermal-map-india.conf,thermal-engine-text,mi_thermald_aes,thermal-engine-text-v2,decoded,,,,,,mapped-artifact
xiaomi,gauguin,thermal-map.conf,devices/xiaomi/gauguin/thermal/thermal-map.conf,thermal-engine-text,mi_thermald_aes,thermal-engine-text-v2,decoded,,,,,,mapped-artifact
xiaomi,gauguin,thermal-nolimits.conf,devices/xiaomi/gauguin/thermal/thermal-nolimits.conf,thermal-engine-text,mi_thermald_aes,thermal-engine-text-v2,decoded,60.0,,,54.0,-6.0,mapped-artifact
xiaomi,gauguin,thermal-normal.conf,devices/xiaomi/gauguin/thermal/thermal-normal.conf,thermal-engine-text,mi_thermald_aes,thermal-engine-text-v2,decoded,63.0,,,53.0,-10.0,mapped-artifact
xiaomi,gauguin,thermal-per-camera.conf,devices/xiaomi/gauguin/thermal/thermal-per-camera.conf,thermal-engine-text,mi_thermald_aes,thermal-engine-text-v2,decoded,60.0,,,54.0,-6.0,mapped-artifact
xiaomi,gauguin,thermal-per-normal.conf,devices/xiaomi/gauguin/thermal/thermal-per-normal.conf,thermal-engine-text,mi_thermald_aes,thermal-engine-text-v2,decoded,60.0,,,53.0,-7.0,mapped-artifact
xiaomi,gauguin,thermal-phone.conf,devices/xiaomi/gauguin/thermal/thermal-phone.conf,thermal-engine-text,mi_thermald_aes,thermal-engine-text-v2,decoded,60.0,,,51.0,-9.0,mapped-artifact
xiaomi,gauguin,thermal-region-map.conf,devices/xiaomi/gauguin/thermal/thermal-region-map.conf,text,mi_thermald_aes,,decoded,,,,,,mapped-artifact
xiaomi,gauguin,thermal-tgame.conf,devices/xiaomi/gauguin/thermal/thermal-tgame.conf,thermal-engine-text,mi_thermald_aes,thermal-engine-text-v2,decoded,63.0,,,52.0,-11.0,mapped-artifact
xiaomi,gauguin,thermald-devices.conf,devices/xiaomi/gauguin/thermal/thermald-devices.conf,thermal-engine-text,plain,thermal-engine-text-v2,plain,,,,,,mapped-artifact
xiaomi,gemini,index.tsv,devices/xiaomi/gemini/thermal/index.tsv,text,plain,,plain,,,,,,mapped-artifact
xiaomi,gemini,thermal-engine-8996-a1.conf,devices/xiaomi/gemini/thermal/thermal-engine-8996-a1.conf,thermal-engine-text,mi_thermald_aes,thermal-engine-text-v2,decoded,91.0,,,,,mapped-artifact
xiaomi,gemini,thermal-engine-8996-high.conf,devices/xiaomi/gemini/thermal/thermal-engine-8996-high.conf,thermal-engine-text,mi_thermald_aes,thermal-engine-text-v2,decoded,91.0,,,,,mapped-artifact
xiaomi,gemini,thermal-engine-8996-map.conf,devices/xiaomi/gemini/thermal/thermal-engine-8996-map.conf,thermal-engine-text,mi_thermald_aes,thermal-engine-text-v2,decoded,,,,,,mapped-artifact
xiaomi,gemini,thermal-engine-8996.conf,devices/xiaomi/gemini/thermal/thermal-engine-8996.conf,thermal-engine-text,mi_thermald_aes,thermal-engine-text-v2,decoded,91.0,,,,,mapped-artifact
xiaomi,ginkgo,index.tsv,devices/xiaomi/ginkgo/thermal/index.tsv,text,plain,,plain,,,,,,mapped-artifact
xiaomi,ginkgo,thermal-engine-camera.conf,devices/xiaomi/ginkgo/thermal/thermal-engine-camera.conf,thermal-engine-text,plain,thermal-engine-text-v2,plain,61.0,,,55.0,-6.0,mapped-artifact
xiaomi,ginkgo,thermal-engine-map.conf,devices/xiaomi/ginkgo/thermal/thermal-engine-map.conf,thermal-engine-text,plain,thermal-engine-text-v2,plain,,,,,,mapped-artifact
xiaomi,ginkgo,thermal-engine-normal.conf,devices/xiaomi/ginkgo/thermal/thermal-engine-normal.conf,thermal-engine-text,plain,thermal-engine-text-v2,plain,61.0,,,55.0,-6.0,mapped-artifact
xiaomi,ginkgo,thermal-engine.conf,devices/xiaomi/ginkgo/thermal/thermal-engine.conf,text,plain,,plain,,,,,,mapped-artifact
xiaomi,gold,index.tsv,devices/xiaomi/gold/thermal/index.tsv,text,plain,,plain,,,,,,mapped-artifact
xiaomi,gold,thermal-camera.conf,devices/xiaomi/gold/thermal/thermal-camera.conf,thermal-engine-text,mi_thermald_aes,thermal-engine-text-v2,decoded,53.0,,,50.0,-3.0,mapped-artifact
xiaomi,gold,thermal-cclassvideo.conf,devices/xiaomi/gold/thermal/thermal-cclassvideo.conf,thermal-engine-text,mi_thermald_aes,thermal-engine-text-v2,decoded,53.0,,,51.0,-2.0,mapped-artifact
xiaomi,gold,thermal-cgame.conf,devices/xiaomi/gold/thermal/thermal-cgame.conf,thermal-engine-text,mi_thermald_aes,thermal-engine-text-v2,decoded,53.0,,,50.0,-3.0,mapped-artifact
xiaomi,gold,thermal-chg-only.conf,devices/xiaomi/gold/thermal/thermal-chg-only.conf,thermal-engine-text,plain,thermal-engine-text-v2,plain,51.0,,,51.0,0.0,mapped-artifact
xiaomi,gold,thermal-class0.conf,devices/xiaomi/gold/thermal/thermal-class0.conf,thermal-engine-text,mi_thermald_aes,thermal-engine-text-v2,decoded,53.0,,,51.0,-2.0,mapped-artifact
xiaomi,gold,thermal-hp-game.conf,devices/xiaomi/gold/thermal/thermal-hp-game.conf,thermal-engine-text,mi_thermald_aes,thermal-engine-text-v2,decoded,51.0,,,50.0,-1.0,mapped-artifact
xiaomi,gold,thermal-hp-normal.conf,devices/xiaomi/gold/thermal/thermal-hp-normal.conf,thermal-engine-text,mi_thermald_aes,thermal-engine-text-v2,decoded,51.0,,,50.0,-1.0,mapped-artifact
xiaomi,gold,thermal-huanji.conf,devices/xiaomi/gold/thermal/thermal-huanji.conf,thermal-engine-text,mi_thermald_aes,thermal-engine-text-v2,decoded,53.0,,,50.0,-3.0,mapped-artifact
xiaomi,gold,thermal-map.conf,devices/xiaomi/gold/thermal/thermal-map.conf,thermal-engine-text,mi_thermald_aes,thermal-engine-text-v2,decoded,,,,,,mapped-artifact
xiaomi,gold,thermal-mgame.conf,devices/xiaomi/gold/thermal/thermal-mgame.conf,thermal-engine-text,mi_thermald_aes,thermal-engine-text-v2,decoded,53.0,,,51.0,-2.0,mapped-artifact
xiaomi,gold,thermal-navigation.conf,devices/xiaomi/gold/thermal/thermal-navigation.conf,thermal-engine-text,mi_thermald_aes,thermal-engine-text-v2,decoded,53.0,,,50.0,-3.0,mapped-artifact
xiaomi,gold,thermal-nolimits.conf,devices/xiaomi/gold/thermal/thermal-nolimits.conf,thermal-engine-text,mi_thermald_aes,thermal-engine-text-v2,decoded,53.0,,,,,mapped-artifact
xiaomi,gold,thermal-normal.conf,devices/xiaomi/gold/thermal/thermal-normal.conf,thermal-engine-text,mi_thermald_aes,thermal-engine-text-v2,decoded,53.0,,,51.0,-2.0,mapped-artifact
xiaomi,gold,thermal-phone.conf,devices/xiaomi/gold/thermal/thermal-phone.conf,thermal-engine-text,mi_thermald_aes,thermal-engine-text-v2,decoded,53.0,,,46.0,-7.0,mapped-artifact
xiaomi,gold,thermal-tgame.conf,devices/xiaomi/gold/thermal/thermal-tgame.conf,thermal-engine-text,mi_thermald_aes,thermal-engine-text-v2,decoded,53.0,,,51.0,-2.0,mapped-artifact
xiaomi,gold,thermal-video.conf,devices/xiaomi/gold/thermal/thermal-video.conf,thermal-engine-text,mi_thermald_aes,thermal-engine-text-v2,decoded,53.0,,,51.0,-2.0,mapped-artifact
xiaomi,gold,thermal-videochat.conf,devices/xiaomi/gold/thermal/thermal-videochat.conf,thermal-engine-text,mi_thermald_aes,thermal-engine-text-v2,decoded,53.0,,,50.0,-3.0,mapped-artifact
xiaomi,gold,thermalbreakboostconfig.xml,devices/xiaomi/gold/thermal/thermalbreakboostconfig.xml,xml,plain,,plain,,,,,,mapped-artifact
xiaomi,gold,thermald-devices.conf,devices/xiaomi/gold/thermal/thermald-devices.conf,thermal-engine-text,plain,thermal-engine-text-v2,plain,,,,,,mapped-artifact
xiaomi,gram,index.tsv,devices/xiaomi/gram/thermal/index.tsv,text,plain,,plain,,,,,,mapped-artifact
xiaomi,gram,thermal-engine-camera.conf,devices/xiaomi/gram/thermal/thermal-engine-camera.conf,thermal-engine-text,plain,thermal-engine-text-v2,plain,61.0,,,52.0,-9.0,mapped-artifact
xiaomi,gram,thermal-engine-map.conf,devices/xiaomi/gram/thermal/thermal-engine-map.conf,thermal-engine-text,plain,thermal-engine-text-v2,plain,,,,,,mapped-artifact
xiaomi,gram,thermal-engine-normal.conf,devices/xiaomi/gram/thermal/thermal-engine-normal.conf,thermal-engine-text,plain,thermal-engine-text-v2,plain,61.0,,,52.0,-9.0,mapped-artifact
xiaomi,gram,thermal-engine.conf,devices/xiaomi/gram/thermal/thermal-engine.conf,text,plain,,plain,,,,,,mapped-artifact
xiaomi,grus,index.tsv,devices/xiaomi/grus/thermal/index.tsv,text,plain,,plain,,,,,,mapped-artifact
xiaomi,grus,thermal-engine-sdm710-camera.conf,devices/xiaomi/grus/thermal/thermal-engine-sdm710-camera.conf,thermal-engine-text,mi_thermald_aes,thermal-engine-text-v2,decoded,60.0,,,,,mapped-artifact
xiaomi,grus,thermal-engine-sdm710-high.conf,devices/xiaomi/grus/thermal/thermal-engine-sdm710-high.conf,thermal-engine-text,mi_thermald_aes,thermal-engine-text-v2,decoded,60.0,,,,,mapped-artifact
xiaomi,grus,thermal-engine-sdm710-map.conf,devices/xiaomi/grus/thermal/thermal-engine-sdm710-map.conf,thermal-engine-text,mi_thermald_aes,thermal-engine-text-v2,decoded,,,,,,mapped-artifact
xiaomi,grus,thermal-engine-sdm710-nolimits.conf,devices/xiaomi/grus/thermal/thermal-engine-sdm710-nolimits.conf,thermal-engine-text,mi_thermald_aes,thermal-engine-text-v2,decoded,60.0,,,,,mapped-artifact
xiaomi,grus,thermal-engine-sdm710-phone.conf,devices/xiaomi/grus/thermal/thermal-engine-sdm710-phone.conf,thermal-engine-text,mi_thermald_aes,thermal-engine-text-v2,decoded,60.0,,,,,mapped-artifact
xiaomi,grus,thermal-engine-sdm710-pubgmhd.conf,devices/xiaomi/grus/thermal/thermal-engine-sdm710-pubgmhd.conf,thermal-engine-text,mi_thermald_aes,thermal-engine-text-v2,decoded,60.0,,,,,mapped-artifact
xiaomi,grus,thermal-engine-sdm710-sgame.conf,devices/xiaomi/grus/thermal/thermal-engine-sdm710-sgame.conf,thermal-engine-text,mi_thermald_aes,thermal-engine-text-v2,decoded,60.0,,,,,mapped-artifact
xiaomi,grus,thermal-engine-sdm710-tgame.conf,devices/xiaomi/grus/thermal/thermal-engine-sdm710-tgame.conf,thermal-engine-text,mi_thermald_aes,thermal-engine-text-v2,decoded,60.0,,,,,mapped-artifact
xiaomi,grus,thermal-engine-sdm710.conf,devices/xiaomi/grus/thermal/thermal-engine-sdm710.conf,thermal-engine-text,mi_thermald_aes,thermal-engine-text-v2,decoded,60.0,,,,,mapped-artifact
xiaomi,grus,thermal-engine.conf,devices/xiaomi/grus/thermal/thermal-engine.conf,text,plain,,plain,,,,,,mapped-artifact
xiaomi,haydn,index.tsv,devices/xiaomi/haydn/thermal/index.tsv,text,plain,,plain,,,,,,mapped-artifact
xiaomi,haydn,thermal-camera.conf,devices/xiaomi/haydn/thermal/thermal-camera.conf,thermal-engine-text,mi_thermald_aes,thermal-engine-text-v2,decoded,60.0,,,51.0,-9.0,mapped-artifact
xiaomi,haydn,thermal-class0.conf,devices/xiaomi/haydn/thermal/thermal-class0.conf,thermal-engine-text,mi_thermald_aes,thermal-engine-text-v2,decoded,60.0,,,51.0,-9.0,mapped-artifact
xiaomi,haydn,thermal-engine.conf,devices/xiaomi/haydn/thermal/thermal-engine.conf,text,plain,,plain,,,,,,mapped-artifact
xiaomi,haydn,thermal-india-camera.conf,devices/xiaomi/haydn/thermal/thermal-india-camera.conf,thermal-engine-text,mi_thermald_aes,thermal-engine-text-v2,decoded,60.0,,,51.0,-9.0,mapped-artifact
xiaomi,haydn,thermal-india-class0.conf,devices/xiaomi/haydn/thermal/thermal-india-class0.conf,thermal-engine-text,mi_thermald_aes,thermal-engine-text-v2,decoded,60.0,,,51.0,-9.0,mapped-artifact
xiaomi,haydn,thermal-india-mgame.conf,devices/xiaomi/haydn/thermal/thermal-india-mgame.conf,thermal-engine-text,mi_thermald_aes,thermal-engine-text-v2,decoded,60.0,,,51.0,-9.0,mapped-artifact
xiaomi,haydn,thermal-india-navigation.conf,devices/xiaomi/haydn/thermal/thermal-india-navigation.conf,thermal-engine-text,mi_thermald_aes,thermal-engine-text-v2,decoded,60.0,,,51.0,-9.0,mapped-artifact
xiaomi,haydn,thermal-india-nolimits.conf,devices/xiaomi/haydn/thermal/thermal-india-nolimits.conf,thermal-engine-text,mi_thermald_aes,thermal-engine-text-v2,decoded,60.0,,,,,mapped-artifact
xiaomi,haydn,thermal-india-normal.conf,devices/xiaomi/haydn/thermal/thermal-india-normal.conf,thermal-engine-text,mi_thermald_aes,thermal-engine-text-v2,decoded,60.0,,,51.0,-9.0,mapped-artifact
xiaomi,haydn,thermal-india-phone.conf,devices/xiaomi/haydn/thermal/thermal-india-phone.conf,thermal-engine-text,mi_thermald_aes,thermal-engine-text-v2,decoded,60.0,,,51.0,-9.0,mapped-artifact
xiaomi,haydn,thermal-india-tgame.conf,devices/xiaomi/haydn/thermal/thermal-india-tgame.conf,thermal-engine-text,mi_thermald_aes,thermal-engine-text-v2,decoded,60.0,,,51.0,-9.0,mapped-artifact
xiaomi,haydn,thermal-india-video.conf,devices/xiaomi/haydn/thermal/thermal-india-video.conf,thermal-engine-text,mi_thermald_aes,thermal-engine-text-v2,decoded,60.0,,,51.0,-9.0,mapped-artifact
xiaomi,haydn,thermal-map-india.conf,devices/xiaomi/haydn/thermal/thermal-map-india.conf,thermal-engine-text,mi_thermald_aes,thermal-engine-text-v2,decoded,,,,,,mapped-artifact
xiaomi,haydn,thermal-map.conf,devices/xiaomi/haydn/thermal/thermal-map.conf,thermal-engine-text,mi_thermald_aes,thermal-engine-text-v2,decoded,,,,,,mapped-artifact
xiaomi,haydn,thermal-mgame.conf,devices/xiaomi/haydn/thermal/thermal-mgame.conf,thermal-engine-text,mi_thermald_aes,thermal-engine-text-v2,decoded,60.0,,,51.0,-9.0,mapped-artifact
xiaomi,haydn,thermal-navigation.conf,devices/xiaomi/haydn/thermal/thermal-navigation.conf,thermal-engine-text,mi_thermald_aes,thermal-engine-text-v2,decoded,60.0,,,51.0,-9.0,mapped-artifact
xiaomi,haydn,thermal-nolimits.conf,devices/xiaomi/haydn/thermal/thermal-nolimits.conf,thermal-engine-text,mi_thermald_aes,thermal-engine-text-v2,decoded,60.0,,,,,mapped-artifact
xiaomi,haydn,thermal-normal.conf,devices/xiaomi/haydn/thermal/thermal-normal.conf,thermal-engine-text,mi_thermald_aes,thermal-engine-text-v2,decoded,60.0,,,51.0,-9.0,mapped-artifact
xiaomi,haydn,thermal-per-camera.conf,devices/xiaomi/haydn/thermal/thermal-per-camera.conf,thermal-engine-text,mi_thermald_aes,thermal-engine-text-v2,decoded,60.0,,,51.0,-9.0,mapped-artifact
xiaomi,haydn,thermal-per-class0.conf,devices/xiaomi/haydn/thermal/thermal-per-class0.conf,thermal-engine-text,mi_thermald_aes,thermal-engine-text-v2,decoded,60.0,,,51.0,-9.0,mapped-artifact
xiaomi,haydn,thermal-per-navigation.conf,devices/xiaomi/haydn/thermal/thermal-per-navigation.conf,thermal-engine-text,mi_thermald_aes,thermal-engine-text-v2,decoded,60.0,,,51.0,-9.0,mapped-artifact
xiaomi,haydn,thermal-per-normal.conf,devices/xiaomi/haydn/thermal/thermal-per-normal.conf,thermal-engine-text,mi_thermald_aes,thermal-engine-text-v2,decoded,60.0,,,51.0,-9.0,mapped-artifact
xiaomi,haydn,thermal-per-video.conf,devices/xiaomi/haydn/thermal/thermal-per-video.conf,thermal-engine-text,mi_thermald_aes,thermal-engine-text-v2,decoded,60.0,,,51.0,-9.0,mapped-artifact
xiaomi,haydn,thermal-phone.conf,devices/xiaomi/haydn/thermal/thermal-phone.conf,thermal-engine-text,mi_thermald_aes,thermal-engine-text-v2,decoded,60.0,,,51.0,-9.0,mapped-artifact
xiaomi,haydn,thermal-region-map.conf,devices/xiaomi/haydn/thermal/thermal-region-map.conf,text,mi_thermald_aes,,decoded,,,,,,mapped-artifact
xiaomi,haydn,thermal-tgame.conf,devices/xiaomi/haydn/thermal/thermal-tgame.conf,thermal-engine-text,mi_thermald_aes,thermal-engine-text-v2,decoded,60.0,,,51.0,-9.0,mapped-artifact
xiaomi,haydn,thermal-video.conf,devices/xiaomi/haydn/thermal/thermal-video.conf,thermal-engine-text,mi_thermald_aes,thermal-engine-text-v2,decoded,60.0,,,51.0,-9.0,mapped-artifact
xiaomi,haydn,thermald-devices.conf,devices/xiaomi/haydn/thermal/thermald-devices.conf,thermal-engine-text,plain,thermal-engine-text-v2,plain,,,,,,mapped-artifact
xiaomi,ido,index.tsv,devices/xiaomi/ido/thermal/index.tsv,text,plain,,plain,,,,,,mapped-artifact
xiaomi,ido,thermal-engine.conf,devices/xiaomi/ido/thermal/thermal-engine.conf,thermal-engine-text,plain,thermal-engine-text-v2,plain,80.0,,,50.0,-30.0,mapped-artifact
xiaomi,ingres,index.tsv,devices/xiaomi/ingres/thermal/index.tsv,text,plain,,plain,,,,,,mapped-artifact
xiaomi,ingres,thermal-4k.conf,devices/xiaomi/ingres/thermal/thermal-4k.conf,thermal-engine-text,mi_thermald_aes,thermal-engine-text-v2,decoded,53.0,,,51.0,-2.0,mapped-artifact
xiaomi,ingres,thermal-arvr.conf,devices/xiaomi/ingres/thermal/thermal-arvr.conf,thermal-engine-text,mi_thermald_aes,thermal-engine-text-v2,decoded,60.0,,,51.0,-9.0,mapped-artifact
xiaomi,ingres,thermal-camera.conf,devices/xiaomi/ingres/thermal/thermal-camera.conf,thermal-engine-text,mi_thermald_aes,thermal-engine-text-v2,decoded,53.0,,,51.0,-2.0,mapped-artifact
xiaomi,ingres,thermal-chg-only.conf,devices/xiaomi/ingres/thermal/thermal-chg-only.conf,thermal-engine-text,plain,thermal-engine-text-v2,plain,48.0,,,51.0,3.0,mapped-artifact
xiaomi,ingres,thermal-class0.conf,devices/xiaomi/ingres/thermal/thermal-class0.conf,thermal-engine-text,mi_thermald_aes,thermal-engine-text-v2,decoded,53.0,,,51.0,-2.0,mapped-artifact
xiaomi,ingres,thermal-engine.conf,devices/xiaomi/ingres/thermal/thermal-engine.conf,text,plain,,plain,,,,,,mapped-artifact
xiaomi,ingres,thermal-hp-mgame.conf,devices/xiaomi/ingres/thermal/thermal-hp-mgame.conf,thermal-engine-text,mi_thermald_aes,thermal-engine-text-v2,decoded,59.0,,,51.0,-8.0,mapped-artifact
xiaomi,ingres,thermal-hp-normal.conf,devices/xiaomi/ingres/thermal/thermal-hp-normal.conf,thermal-engine-text,mi_thermald_aes,thermal-engine-text-v2,decoded,59.0,,,51.0,-8.0,mapped-artifact
xiaomi,ingres,thermal-huanji.conf,devices/xiaomi/ingres/thermal/thermal-huanji.conf,thermal-engine-text,mi_thermald_aes,thermal-engine-text-v2,decoded,53.0,,,51.0,-2.0,mapped-artifact
xiaomi,ingres,thermal-india-4k.conf,devices/xiaomi/ingres/thermal/thermal-india-4k.conf,thermal-engine-text,mi_thermald_aes,thermal-engine-text-v2,decoded,53.0,,,51.0,-2.0,mapped-artifact
xiaomi,ingres,thermal-india-camera.conf,devices/xiaomi/ingres/thermal/thermal-india-camera.conf,thermal-engine-text,mi_thermald_aes,thermal-engine-text-v2,decoded,53.0,,,51.0,-2.0,mapped-artifact
xiaomi,ingres,thermal-india-class0.conf,devices/xiaomi/ingres/thermal/thermal-india-class0.conf,thermal-engine-text,mi_thermald_aes,thermal-engine-text-v2,decoded,53.0,,,51.0,-2.0,mapped-artifact
xiaomi,ingres,thermal-india-huanji.conf,devices/xiaomi/ingres/thermal/thermal-india-huanji.conf,thermal-engine-text,mi_thermald_aes,thermal-engine-text-v2,decoded,53.0,,,51.0,-2.0,mapped-artifact
xiaomi,ingres,thermal-india-mgame.conf,devices/xiaomi/ingres/thermal/thermal-india-mgame.conf,thermal-engine-text,mi_thermald_aes,thermal-engine-text-v2,decoded,53.0,,,51.0,-2.0,mapped-artifact
xiaomi,ingres,thermal-india-navigation.conf,devices/xiaomi/ingres/thermal/thermal-india-navigation.conf,thermal-engine-text,mi_thermald_aes,thermal-engine-text-v2,decoded,53.0,,,51.0,-2.0,mapped-artifact
xiaomi,ingres,thermal-india-nolimits.conf,devices/xiaomi/ingres/thermal/thermal-india-nolimits.conf,thermal-engine-text,mi_thermald_aes,thermal-engine-text-v2,decoded,53.0,,,,,mapped-artifact
xiaomi,ingres,thermal-india-normal.conf,devices/xiaomi/ingres/thermal/thermal-india-normal.conf,thermal-engine-text,mi_thermald_aes,thermal-engine-text-v2,decoded,53.0,,,51.0,-2.0,mapped-artifact
xiaomi,ingres,thermal-india-per-camera.conf,devices/xiaomi/ingres/thermal/thermal-india-per-camera.conf,thermal-engine-text,mi_thermald_aes,thermal-engine-text-v2,decoded,51.0,,,51.0,0.0,mapped-artifact
xiaomi,ingres,thermal-india-per-class0.conf,devices/xiaomi/ingres/thermal/thermal-india-per-class0.conf,thermal-engine-text,mi_thermald_aes,thermal-engine-text-v2,decoded,53.0,,,51.0,-2.0,mapped-artifact
xiaomi,ingres,thermal-india-per-navigation.conf,devices/xiaomi/ingres/thermal/thermal-india-per-navigation.conf,thermal-engine-text,mi_thermald_aes,thermal-engine-text-v2,decoded,53.0,,,51.0,-2.0,mapped-artifact
xiaomi,ingres,thermal-india-per-normal.conf,devices/xiaomi/ingres/thermal/thermal-india-per-normal.conf,thermal-engine-text,mi_thermald_aes,thermal-engine-text-v2,decoded,53.0,,,51.0,-2.0,mapped-artifact
xiaomi,ingres,thermal-india-per-video.conf,devices/xiaomi/ingres/thermal/thermal-india-per-video.conf,thermal-engine-text,mi_thermald_aes,thermal-engine-text-v2,decoded,53.0,,,51.0,-2.0,mapped-artifact
xiaomi,ingres,thermal-india-phone.conf,devices/xiaomi/ingres/thermal/thermal-india-phone.conf,thermal-engine-text,mi_thermald_aes,thermal-engine-text-v2,decoded,53.0,,,47.0,-6.0,mapped-artifact
xiaomi,ingres,thermal-india-tgame.conf,devices/xiaomi/ingres/thermal/thermal-india-tgame.conf,thermal-engine-text,mi_thermald_aes,thermal-engine-text-v2,decoded,53.0,,,51.0,-2.0,mapped-artifact
xiaomi,ingres,thermal-india-video.conf,devices/xiaomi/ingres/thermal/thermal-india-video.conf,thermal-engine-text,mi_thermald_aes,thermal-engine-text-v2,decoded,53.0,,,51.0,-2.0,mapped-artifact
xiaomi,ingres,thermal-india-videochat.conf,devices/xiaomi/ingres/thermal/thermal-india-videochat.conf,thermal-engine-text,mi_thermald_aes,thermal-engine-text-v2,decoded,60.0,,,51.0,-9.0,mapped-artifact
xiaomi,ingres,thermal-india-yuanshen.conf,devices/xiaomi/ingres/thermal/thermal-india-yuanshen.conf,thermal-engine-text,mi_thermald_aes,thermal-engine-text-v2,decoded,53.0,,,51.0,-2.0,mapped-artifact
xiaomi,ingres,thermal-l18a-map.conf,devices/xiaomi/ingres/thermal/thermal-l18a-map.conf,thermal-engine-text,mi_thermald_aes,thermal-engine-text-v2,decoded,,,,,,mapped-artifact
xiaomi,ingres,thermal-map-india.conf,devices/xiaomi/ingres/thermal/thermal-map-india.conf,thermal-engine-text,mi_thermald_aes,thermal-engine-text-v2,decoded,,,,,,mapped-artifact
xiaomi,ingres,thermal-map.conf,devices/xiaomi/ingres/thermal/thermal-map.conf,thermal-engine-text,mi_thermald_aes,thermal-engine-text-v2,decoded,,,,,,mapped-artifact
xiaomi,ingres,thermal-mgame.conf,devices/xiaomi/ingres/thermal/thermal-mgame.conf,thermal-engine-text,mi_thermald_aes,thermal-engine-text-v2,decoded,53.0,,,51.0,-2.0,mapped-artifact
xiaomi,ingres,thermal-navigation.conf,devices/xiaomi/ingres/thermal/thermal-navigation.conf,thermal-engine-text,mi_thermald_aes,thermal-engine-text-v2,decoded,53.0,,,51.0,-2.0,mapped-artifact
xiaomi,ingres,thermal-nolimits.conf,devices/xiaomi/ingres/thermal/thermal-nolimits.conf,thermal-engine-text,mi_thermald_aes,thermal-engine-text-v2,decoded,53.0,,,,,mapped-artifact
xiaomi,ingres,thermal-normal.conf,devices/xiaomi/ingres/thermal/thermal-normal.conf,thermal-engine-text,mi_thermald_aes,thermal-engine-text-v2,decoded,53.0,,,51.0,-2.0,mapped-artifact
xiaomi,ingres,thermal-per-camera.conf,devices/xiaomi/ingres/thermal/thermal-per-camera.conf,thermal-engine-text,mi_thermald_aes,thermal-engine-text-v2,decoded,51.0,,,51.0,0.0,mapped-artifact
xiaomi,ingres,thermal-per-class0.conf,devices/xiaomi/ingres/thermal/thermal-per-class0.conf,thermal-engine-text,mi_thermald_aes,thermal-engine-text-v2,decoded,53.0,,,51.0,-2.0,mapped-artifact
xiaomi,ingres,thermal-per-navigation.conf,devices/xiaomi/ingres/thermal/thermal-per-navigation.conf,thermal-engine-text,mi_thermald_aes,thermal-engine-text-v2,decoded,53.0,,,51.0,-2.0,mapped-artifact
xiaomi,ingres,thermal-per-normal.conf,devices/xiaomi/ingres/thermal/thermal-per-normal.conf,thermal-engine-text,mi_thermald_aes,thermal-engine-text-v2,decoded,53.0,,,51.0,-2.0,mapped-artifact
xiaomi,ingres,thermal-per-video.conf,devices/xiaomi/ingres/thermal/thermal-per-video.conf,thermal-engine-text,mi_thermald_aes,thermal-engine-text-v2,decoded,53.0,,,51.0,-2.0,mapped-artifact
xiaomi,ingres,thermal-phone.conf,devices/xiaomi/ingres/thermal/thermal-phone.conf,thermal-engine-text,mi_thermald_aes,thermal-engine-text-v2,decoded,53.0,,,47.0,-6.0,mapped-artifact
xiaomi,ingres,thermal-region-map.conf,devices/xiaomi/ingres/thermal/thermal-region-map.conf,text,mi_thermald_aes,,decoded,,,,,,mapped-artifact
xiaomi,ingres,thermal-tgame.conf,devices/xiaomi/ingres/thermal/thermal-tgame.conf,thermal-engine-text,mi_thermald_aes,thermal-engine-text-v2,decoded,53.0,,,51.0,-2.0,mapped-artifact
xiaomi,ingres,thermal-video.conf,devices/xiaomi/ingres/thermal/thermal-video.conf,thermal-engine-text,mi_thermald_aes,thermal-engine-text-v2,decoded,53.0,,,51.0,-2.0,mapped-artifact
xiaomi,ingres,thermal-videochat.conf,devices/xiaomi/ingres/thermal/thermal-videochat.conf,thermal-engine-text,mi_thermald_aes,thermal-engine-text-v2,decoded,60.0,,,51.0,-9.0,mapped-artifact
xiaomi,ingres,thermal-yuanshen.conf,devices/xiaomi/ingres/thermal/thermal-yuanshen.conf,thermal-engine-text,mi_thermald_aes,thermal-engine-text-v2,decoded,53.0,,,51.0,-2.0,mapped-artifact
xiaomi,ingres,thermald-devices.conf,devices/xiaomi/ingres/thermal/thermald-devices.conf,thermal-engine-text,plain,thermal-engine-text-v2,plain,,,,,,mapped-artifact
xiaomi,iris,index.tsv,devices/xiaomi/iris/thermal/index.tsv,text,plain,,plain,,,,,,mapped-artifact
xiaomi,iris,thermal-arvr.conf,devices/xiaomi/iris/thermal/thermal-arvr.conf,thermal-engine-text,mi_thermald_aes,thermal-engine-text-v2,decoded,57.0,,,55.0,-2.0,mapped-artifact
xiaomi,iris,thermal-camera.conf,devices/xiaomi/iris/thermal/thermal-camera.conf,thermal-engine-text,mi_thermald_aes,thermal-engine-text-v2,decoded,57.0,,,55.0,-2.0,mapped-artifact
xiaomi,iris,thermal-chg-only.conf,devices/xiaomi/iris/thermal/thermal-chg-only.conf,thermal-engine-text,mi_thermald_aes,thermal-engine-text-v2,decoded,49.0,,,49.0,0.0,mapped-artifact
xiaomi,iris,thermal-engine.conf,devices/xiaomi/iris/thermal/thermal-engine.conf,text,plain,,plain,,,,,,mapped-artifact
xiaomi,iris,thermal-map.conf,devices/xiaomi/iris/thermal/thermal-map.conf,thermal-engine-text,mi_thermald_aes,thermal-engine-text-v2,decoded,,,,,,mapped-artifact
xiaomi,iris,thermal-mgame.conf,devices/xiaomi/iris/thermal/thermal-mgame.conf,thermal-engine-text,mi_thermald_aes,thermal-engine-text-v2,decoded,60.0,,,53.0,-7.0,mapped-artifact
xiaomi,iris,thermal-nolimits.conf,devices/xiaomi/iris/thermal/thermal-nolimits.conf,thermal-engine-text,mi_thermald_aes,thermal-engine-text-v2,decoded,57.0,,,50.0,-7.0,mapped-artifact
xiaomi,iris,thermal-normal.conf,devices/xiaomi/iris/thermal/thermal-normal.conf,thermal-engine-text,mi_thermald_aes,thermal-engine-text-v2,decoded,57.0,,,55.0,-2.0,mapped-artifact
xiaomi,iris,thermal-phone.conf,devices/xiaomi/iris/thermal/thermal-phone.conf,thermal-engine-text,mi_thermald_aes,thermal-engine-text-v2,decoded,57.0,,,53.0,-4.0,mapped-artifact
xiaomi,iris,thermal-tgame.conf,devices/xiaomi/iris/thermal/thermal-tgame.conf,thermal-engine-text,mi_thermald_aes,thermal-engine-text-v2,decoded,60.0,,,53.0,-7.0,mapped-artifact
xiaomi,iris,thermal-youtube.conf,devices/xiaomi/iris/thermal/thermal-youtube.conf,thermal-engine-text,mi_thermald_aes,thermal-engine-text-v2,decoded,57.0,,,55.0,-2.0,mapped-artifact
xiaomi,iris,thermald-devices.conf,devices/xiaomi/iris/thermal/thermald-devices.conf,thermal-engine-text,plain,thermal-engine-text-v2,plain,,,,,,mapped-artifact
xiaomi,jasmine_sprout,index.tsv,devices/xiaomi/jasmine_sprout/thermal/index.tsv,text,plain,,plain,,,,,,mapped-artifact
xiaomi,jasmine_sprout,thermal-engine-map.conf,devices/xiaomi/jasmine_sprout/thermal/thermal-engine-map.conf,thermal-engine-text,plain,thermal-engine-text-v2,plain,,,,,,mapped-artifact
xiaomi,jasmine_sprout,thermal-engine-normal.conf,devices/xiaomi/jasmine_sprout/thermal/thermal-engine-normal.conf,thermal-engine-text,plain,thermal-engine-text-v2,plain,95.0,,,67.0,-28.0,mapped-artifact
xiaomi,jasmine_sprout,thermal-engine-video.conf,devices/xiaomi/jasmine_sprout/thermal/thermal-engine-video.conf,thermal-engine-text,plain,thermal-engine-text-v2,plain,95.0,,,67.0,-28.0,mapped-artifact
xiaomi,jasmine_sprout,thermal-engine.conf,devices/xiaomi/jasmine_sprout/thermal/thermal-engine.conf,text,plain,,plain,,,,,,mapped-artifact
xiaomi,jason,index.tsv,devices/xiaomi/jason/thermal/index.tsv,text,plain,,plain,,,,,,mapped-artifact
xiaomi,jason,thermal-engine-sdm660-camera.conf,devices/xiaomi/jason/thermal/thermal-engine-sdm660-camera.conf,thermal-engine-text,mi_thermald_aes,thermal-engine-text-v2,decoded,60.0,,,,,mapped-artifact
xiaomi,jason,thermal-engine-sdm660-high.conf,devices/xiaomi/jason/thermal/thermal-engine-sdm660-high.conf,thermal-engine-text,mi_thermald_aes,thermal-engine-text-v2,decoded,91.0,,,,,mapped-artifact
xiaomi,jason,thermal-engine-sdm660-map.conf,devices/xiaomi/jason/thermal/thermal-engine-sdm660-map.conf,thermal-engine-text,mi_thermald_aes,thermal-engine-text-v2,decoded,,,,,,mapped-artifact
xiaomi,jason,thermal-engine-sdm660-nolimits.conf,devices/xiaomi/jason/thermal/thermal-engine-sdm660-nolimits.conf,thermal-engine-text,mi_thermald_aes,thermal-engine-text-v2,decoded,60.0,,,,,mapped-artifact
xiaomi,jason,thermal-engine-sdm660.conf,devices/xiaomi/jason/thermal/thermal-engine-sdm660.conf,thermal-engine-text,mi_thermald_aes,thermal-engine-text-v2,decoded,91.0,,,,,mapped-artifact
xiaomi,jason,thermal-engine.conf,devices/xiaomi/jason/thermal/thermal-engine.conf,text,plain,,plain,,,,,,mapped-artifact
xiaomi,jaws,index.tsv,devices/xiaomi/jaws/thermal/index.tsv,text,plain,,plain,,,,,,mapped-artifact
xiaomi,jaws,thermal_info_config.json,devices/xiaomi/jaws/thermal/thermal_info_config.json,json,plain,thermal-hal-json-v2,plain,,,,,,mapped-artifact
xiaomi,joyeuse,index.tsv,devices/xiaomi/joyeuse/thermal/index.tsv,text,plain,,plain,,,,,,mapped-artifact
xiaomi,joyeuse,thermal-engine-camera.conf,devices/xiaomi/joyeuse/thermal/thermal-engine-camera.conf,thermal-engine-text,plain,thermal-engine-text-v2,plain,61.0,,,52.0,-9.0,mapped-artifact
xiaomi,joyeuse,thermal-engine-map.conf,devices/xiaomi/joyeuse/thermal/thermal-engine-map.conf,thermal-engine-text,plain,thermal-engine-text-v2,plain,,,,,,mapped-artifact
xiaomi,joyeuse,thermal-engine-normal.conf,devices/xiaomi/joyeuse/thermal/thermal-engine-normal.conf,thermal-engine-text,plain,thermal-engine-text-v2,plain,61.0,,,52.0,-9.0,mapped-artifact
xiaomi,joyeuse,thermal-engine.conf,devices/xiaomi/joyeuse/thermal/thermal-engine.conf,text,plain,,plain,,,,,,mapped-artifact
xiaomi,lake,index.tsv,devices/xiaomi/lake/thermal/index.tsv,text,plain,,plain,,,,,,mapped-artifact
xiaomi,lake,thermal-camera.conf,devices/xiaomi/lake/thermal/thermal-camera.conf,thermal-engine-text,mi_thermald_aes,thermal-engine-text-v2,decoded,53.0,,,51.0,-2.0,mapped-artifact
xiaomi,lake,thermal-cclassvideo.conf,devices/xiaomi/lake/thermal/thermal-cclassvideo.conf,thermal-engine-text,mi_thermald_aes,thermal-engine-text-v2,decoded,53.0,,,51.0,-2.0,mapped-artifact
xiaomi,lake,thermal-cgame.conf,devices/xiaomi/lake/thermal/thermal-cgame.conf,thermal-engine-text,mi_thermald_aes,thermal-engine-text-v2,decoded,53.0,,,49.0,-4.0,mapped-artifact
xiaomi,lake,thermal-chg-only.conf,devices/xiaomi/lake/thermal/thermal-chg-only.conf,thermal-engine-text,plain,thermal-engine-text-v2,plain,49.0,,,51.0,2.0,mapped-artifact
xiaomi,lake,thermal-class0.conf,devices/xiaomi/lake/thermal/thermal-class0.conf,thermal-engine-text,mi_thermald_aes,thermal-engine-text-v2,decoded,53.0,,,51.0,-2.0,mapped-artifact
xiaomi,lake,thermal-hp-game.conf,devices/xiaomi/lake/thermal/thermal-hp-game.conf,thermal-engine-text,mi_thermald_aes,thermal-engine-text-v2,decoded,51.0,,,50.0,-1.0,mapped-artifact
xiaomi,lake,thermal-hp-normal.conf,devices/xiaomi/lake/thermal/thermal-hp-normal.conf,thermal-engine-text,mi_thermald_aes,thermal-engine-text-v2,decoded,51.0,,,51.0,0.0,mapped-artifact
xiaomi,lake,thermal-huanji.conf,devices/xiaomi/lake/thermal/thermal-huanji.conf,thermal-engine-text,mi_thermald_aes,thermal-engine-text-v2,decoded,53.0,,,51.0,-2.0,mapped-artifact
xiaomi,lake,thermal-livestream.conf,devices/xiaomi/lake/thermal/thermal-livestream.conf,thermal-engine-text,mi_thermald_aes,thermal-engine-text-v2,decoded,53.0,,,50.0,-3.0,mapped-artifact
xiaomi,lake,thermal-map.conf,devices/xiaomi/lake/thermal/thermal-map.conf,thermal-engine-text,mi_thermald_aes,thermal-engine-text-v2,decoded,,,,,,mapped-artifact
xiaomi,lake,thermal-mgame.conf,devices/xiaomi/lake/thermal/thermal-mgame.conf,thermal-engine-text,mi_thermald_aes,thermal-engine-text-v2,decoded,53.0,,,51.0,-2.0,mapped-artifact
xiaomi,lake,thermal-navigation.conf,devices/xiaomi/lake/thermal/thermal-navigation.conf,thermal-engine-text,mi_thermald_aes,thermal-engine-text-v2,decoded,53.0,,,49.0,-4.0,mapped-artifact
xiaomi,lake,thermal-nolimits.conf,devices/xiaomi/lake/thermal/thermal-nolimits.conf,thermal-engine-text,mi_thermald_aes,thermal-engine-text-v2,decoded,53.0,,,,,mapped-artifact
xiaomi,lake,thermal-normal.conf,devices/xiaomi/lake/thermal/thermal-normal.conf,thermal-engine-text,mi_thermald_aes,thermal-engine-text-v2,decoded,53.0,,,51.0,-2.0,mapped-artifact
xiaomi,lake,thermal-phone.conf,devices/xiaomi/lake/thermal/thermal-phone.conf,thermal-engine-text,mi_thermald_aes,thermal-engine-text-v2,decoded,53.0,,,51.0,-2.0,mapped-artifact
xiaomi,lake,thermal-tgame.conf,devices/xiaomi/lake/thermal/thermal-tgame.conf,thermal-engine-text,mi_thermald_aes,thermal-engine-text-v2,decoded,53.0,,,51.0,-2.0,mapped-artifact
xiaomi,lake,thermal-video.conf,devices/xiaomi/lake/thermal/thermal-video.conf,thermal-engine-text,mi_thermald_aes,thermal-engine-text-v2,decoded,53.0,,,50.0,-3.0,mapped-artifact
xiaomi,lake,thermal-videochat.conf,devices/xiaomi/lake/thermal/thermal-videochat.conf,thermal-engine-text,mi_thermald_aes,thermal-engine-text-v2,decoded,53.0,,,51.0,-2.0,mapped-artifact
xiaomi,lake,thermalbreakboostconfig.xml,devices/xiaomi/lake/thermal/thermalbreakboostconfig.xml,xml,plain,,plain,,,,,,mapped-artifact
xiaomi,lake,thermald-devices.conf,devices/xiaomi/lake/thermal/thermald-devices.conf,thermal-engine-text,plain,thermal-engine-text-v2,plain,,,,,,mapped-artifact
xiaomi,lancelot,index.tsv,devices/xiaomi/lancelot/thermal/index.tsv,text,plain,,plain,,,,,,mapped-artifact
xiaomi,lancelot,thermal-arvr.conf,devices/xiaomi/lancelot/thermal/thermal-arvr.conf,thermal-engine-text,mi_thermald_aes,thermal-engine-text-v2,decoded,57.0,,,55.0,-2.0,mapped-artifact
xiaomi,lancelot,thermal-camera.conf,devices/xiaomi/lancelot/thermal/thermal-camera.conf,thermal-engine-text,mi_thermald_aes,thermal-engine-text-v2,decoded,57.0,,,55.0,-2.0,mapped-artifact
xiaomi,lancelot,thermal-chg-only.conf,devices/xiaomi/lancelot/thermal/thermal-chg-only.conf,thermal-engine-text,mi_thermald_aes,thermal-engine-text-v2,decoded,48.0,,,52.0,4.0,mapped-artifact
xiaomi,lancelot,thermal-map.conf,devices/xiaomi/lancelot/thermal/thermal-map.conf,thermal-engine-text,mi_thermald_aes,thermal-engine-text-v2,decoded,,,,,,mapped-artifact
xiaomi,lancelot,thermal-nolimits.conf,devices/xiaomi/lancelot/thermal/thermal-nolimits.conf,thermal-engine-text,mi_thermald_aes,thermal-engine-text-v2,decoded,57.0,,,49.0,-8.0,mapped-artifact
xiaomi,lancelot,thermal-normal.conf,devices/xiaomi/lancelot/thermal/thermal-normal.conf,thermal-engine-text,mi_thermald_aes,thermal-engine-text-v2,decoded,57.0,,,55.0,-2.0,mapped-artifact
xiaomi,lancelot,thermal-phone.conf,devices/xiaomi/lancelot/thermal/thermal-phone.conf,thermal-engine-text,mi_thermald_aes,thermal-engine-text-v2,decoded,57.0,,,53.0,-4.0,mapped-artifact
xiaomi,lancelot,thermal-tgame.conf,devices/xiaomi/lancelot/thermal/thermal-tgame.conf,thermal-engine-text,mi_thermald_aes,thermal-engine-text-v2,decoded,60.0,,,53.0,-7.0,mapped-artifact
xiaomi,lancelot,thermal-youtube.conf,devices/xiaomi/lancelot/thermal/thermal-youtube.conf,thermal-engine-text,mi_thermald_aes,thermal-engine-text-v2,decoded,57.0,,,55.0,-2.0,mapped-artifact
xiaomi,lancelot,thermald-devices.conf,devices/xiaomi/lancelot/thermal/thermald-devices.conf,thermal-engine-text,plain,thermal-engine-text-v2,plain,,,,,,mapped-artifact
xiaomi,land,index.tsv,devices/xiaomi/land/thermal/index.tsv,text,plain,,plain,,,,,,mapped-artifact
xiaomi,land,thermal-engine.conf,devices/xiaomi/land/thermal/thermal-engine.conf,thermal-engine-text,plain,thermal-engine-text-v2,plain,430.0,,,430.0,0.0,mapped-artifact
xiaomi,laurel_sprout,index.tsv,devices/xiaomi/laurel_sprout/thermal/index.tsv,text,plain,,plain,,,,,,mapped-artifact
xiaomi,laurel_sprout,thermal-engine-high.conf,devices/xiaomi/laurel_sprout/thermal/thermal-engine-high.conf,thermal-engine-text,plain,thermal-engine-text-v2,plain,120.0,,,,,mapped-artifact
xiaomi,laurel_sprout,thermal-engine-map.conf,devices/xiaomi/laurel_sprout/thermal/thermal-engine-map.conf,thermal-engine-text,plain,thermal-engine-text-v2,plain,,,,,,mapped-artifact
xiaomi,laurel_sprout,thermal-engine-nolimits.conf,devices/xiaomi/laurel_sprout/thermal/thermal-engine-nolimits.conf,thermal-engine-text,plain,thermal-engine-text-v2,plain,120.0,,,,,mapped-artifact
xiaomi,laurel_sprout,thermal-engine-normal.conf,devices/xiaomi/laurel_sprout/thermal/thermal-engine-normal.conf,thermal-engine-text,plain,thermal-engine-text-v2,plain,120.0,,,,,mapped-artifact
xiaomi,laurel_sprout,thermal-engine.conf,devices/xiaomi/laurel_sprout/thermal/thermal-engine.conf,text,plain,,plain,,,,,,mapped-artifact
xiaomi,laurus,index.tsv,devices/xiaomi/laurus/thermal/index.tsv,text,plain,,plain,,,,,,mapped-artifact
xiaomi,laurus,thermal-engine-high.conf,devices/xiaomi/laurus/thermal/thermal-engine-high.conf,thermal-engine-text,plain,thermal-engine-text-v2,plain,120.0,,,,,mapped-artifact
xiaomi,laurus,thermal-engine-map.conf,devices/xiaomi/laurus/thermal/thermal-engine-map.conf,thermal-engine-text,plain,thermal-engine-text-v2,plain,,,,,,mapped-artifact
xiaomi,laurus,thermal-engine-nolimits.conf,devices/xiaomi/laurus/thermal/thermal-engine-nolimits.conf,thermal-engine-text,plain,thermal-engine-text-v2,plain,120.0,,,,,mapped-artifact
xiaomi,laurus,thermal-engine-normal.conf,devices/xiaomi/laurus/thermal/thermal-engine-normal.conf,thermal-engine-text,plain,thermal-engine-text-v2,plain,120.0,,,,,mapped-artifact
xiaomi,laurus,thermal-engine.conf,devices/xiaomi/laurus/thermal/thermal-engine.conf,thermal-engine-text,plain,thermal-engine-text-v2,plain,120.0,,,,,mapped-artifact
xiaomi,lavender,index.tsv,devices/xiaomi/lavender/thermal/index.tsv,text,plain,,plain,,,,,,mapped-artifact
xiaomi,lavender,thermal-engine-map.conf,devices/xiaomi/lavender/thermal/thermal-engine-map.conf,thermal-engine-text,plain,thermal-engine-text-v2,plain,,,,,,mapped-artifact
xiaomi,lavender,thermal-engine-normal.conf,devices/xiaomi/lavender/thermal/thermal-engine-normal.conf,thermal-engine-text,plain,thermal-engine-text-v2,plain,95.0,,,54.0,-41.0,mapped-artifact
xiaomi,lavender,thermal-engine.conf,devices/xiaomi/lavender/thermal/thermal-engine.conf,text,plain,,plain,,,,,,mapped-artifact
xiaomi,light,index.tsv,devices/xiaomi/light/thermal/index.tsv,text,plain,,plain,,,,,,mapped-artifact
xiaomi,light,thermal-arvr.conf,devices/xiaomi/light/thermal/thermal-arvr.conf,thermal-engine-text,mi_thermald_aes,thermal-engine-text-v2,decoded,55.0,,,55.0,0.0,mapped-artifact
xiaomi,light,thermal-camera.conf,devices/xiaomi/light/thermal/thermal-camera.conf,thermal-engine-text,mi_thermald_aes,thermal-engine-text-v2,decoded,55.0,,,55.0,0.0,mapped-artifact
xiaomi,light,thermal-chg-only.conf,devices/xiaomi/light/thermal/thermal-chg-only.conf,thermal-engine-text,mi_thermald_aes,thermal-engine-text-v2,decoded,48.0,,,50.0,2.0,mapped-artifact
xiaomi,light,thermal-class0.conf,devices/xiaomi/light/thermal/thermal-class0.conf,thermal-engine-text,mi_thermald_aes,thermal-engine-text-v2,decoded,55.0,,,55.0,0.0,mapped-artifact
xiaomi,light,thermal-map.conf,devices/xiaomi/light/thermal/thermal-map.conf,thermal-engine-text,mi_thermald_aes,thermal-engine-text-v2,decoded,,,,,,mapped-artifact
xiaomi,light,thermal-mgame.conf,devices/xiaomi/light/thermal/thermal-mgame.conf,thermal-engine-text,mi_thermald_aes,thermal-engine-text-v2,decoded,55.0,,,53.0,-2.0,mapped-artifact
xiaomi,light,thermal-nolimits.conf,devices/xiaomi/light/thermal/thermal-nolimits.conf,thermal-engine-text,mi_thermald_aes,thermal-engine-text-v2,decoded,55.0,,,50.0,-5.0,mapped-artifact
xiaomi,light,thermal-normal.conf,devices/xiaomi/light/thermal/thermal-normal.conf,thermal-engine-text,mi_thermald_aes,thermal-engine-text-v2,decoded,55.0,,,55.0,0.0,mapped-artifact
xiaomi,light,thermal-phone.conf,devices/xiaomi/light/thermal/thermal-phone.conf,thermal-engine-text,mi_thermald_aes,thermal-engine-text-v2,decoded,53.0,,,53.0,0.0,mapped-artifact
xiaomi,light,thermal-tgame.conf,devices/xiaomi/light/thermal/thermal-tgame.conf,thermal-engine-text,mi_thermald_aes,thermal-engine-text-v2,decoded,55.0,,,53.0,-2.0,mapped-artifact
xiaomi,light,thermal-video.conf,devices/xiaomi/light/thermal/thermal-video.conf,thermal-engine-text,mi_thermald_aes,thermal-engine-text-v2,decoded,50.0,,,48.0,-2.0,mapped-artifact
xiaomi,light,thermal-youtube.conf,devices/xiaomi/light/thermal/thermal-youtube.conf,thermal-engine-text,mi_thermald_aes,thermal-engine-text-v2,decoded,55.0,,,55.0,0.0,mapped-artifact
xiaomi,light,thermald-devices.conf,devices/xiaomi/light/thermal/thermald-devices.conf,thermal-engine-text,plain,thermal-engine-text-v2,plain,,,,,,mapped-artifact
xiaomi,lime,index.tsv,devices/xiaomi/lime/thermal/index.tsv,text,plain,,plain,,,,,,mapped-artifact
xiaomi,lime,thermal-arvr.conf,devices/xiaomi/lime/thermal/thermal-arvr.conf,thermal-engine-text,mi_thermald_aes,thermal-engine-text-v2,decoded,57.0,,,55.0,-2.0,mapped-artifact
xiaomi,lime,thermal-camera.conf,devices/xiaomi/lime/thermal/thermal-camera.conf,thermal-engine-text,mi_thermald_aes,thermal-engine-text-v2,decoded,57.0,,,55.0,-2.0,mapped-artifact
xiaomi,lime,thermal-chg-only.conf,devices/xiaomi/lime/thermal/thermal-chg-only.conf,thermal-engine-text,mi_thermald_aes,thermal-engine-text-v2,decoded,48.0,,,49.0,1.0,mapped-artifact
xiaomi,lime,thermal-engine.conf,devices/xiaomi/lime/thermal/thermal-engine.conf,text,plain,,plain,,,,,,mapped-artifact
xiaomi,lime,thermal-map.conf,devices/xiaomi/lime/thermal/thermal-map.conf,thermal-engine-text,mi_thermald_aes,thermal-engine-text-v2,decoded,,,,,,mapped-artifact
xiaomi,lime,thermal-nolimits.conf,devices/xiaomi/lime/thermal/thermal-nolimits.conf,thermal-engine-text,mi_thermald_aes,thermal-engine-text-v2,decoded,57.0,,,50.0,-7.0,mapped-artifact
xiaomi,lime,thermal-normal.conf,devices/xiaomi/lime/thermal/thermal-normal.conf,thermal-engine-text,mi_thermald_aes,thermal-engine-text-v2,decoded,57.0,,,55.0,-2.0,mapped-artifact
xiaomi,lime,thermal-phone.conf,devices/xiaomi/lime/thermal/thermal-phone.conf,thermal-engine-text,mi_thermald_aes,thermal-engine-text-v2,decoded,57.0,,,53.0,-4.0,mapped-artifact
xiaomi,lime,thermal-tgame.conf,devices/xiaomi/lime/thermal/thermal-tgame.conf,thermal-engine-text,mi_thermald_aes,thermal-engine-text-v2,decoded,60.0,,,53.0,-7.0,mapped-artifact
xiaomi,lime,thermal-youtube.conf,devices/xiaomi/lime/thermal/thermal-youtube.conf,thermal-engine-text,mi_thermald_aes,thermal-engine-text-v2,decoded,57.0,,,55.0,-2.0,mapped-artifact
xiaomi,lime,thermald-devices.conf,devices/xiaomi/lime/thermal/thermald-devices.conf,thermal-engine-text,plain,thermal-engine-text-v2,plain,,,,,,mapped-artifact
xiaomi,lithium,index.tsv,devices/xiaomi/lithium/thermal/index.tsv,text,plain,,plain,,,,,,mapped-artifact
xiaomi,lithium,thermal-engine-8996.conf,devices/xiaomi/lithium/thermal/thermal-engine-8996.conf,thermal-engine-text,mi_thermald_aes,thermal-engine-text-v2,decoded,60.0,,,,,mapped-artifact
xiaomi,liuqin,index.tsv,devices/xiaomi/liuqin/thermal/index.tsv,text,plain,,plain,,,,,,mapped-artifact
xiaomi,liuqin,thermal-4k.conf,devices/xiaomi/liuqin/thermal/thermal-4k.conf,thermal-engine-text,mi_thermald_aes,thermal-engine-text-v2,decoded,65.0,,,51.0,-14.0,mapped-artifact
xiaomi,liuqin,thermal-camera.conf,devices/xiaomi/liuqin/thermal/thermal-camera.conf,thermal-engine-text,mi_thermald_aes,thermal-engine-text-v2,decoded,53.0,,,51.0,-2.0,mapped-artifact
xiaomi,liuqin,thermal-cclassvideo.conf,devices/xiaomi/liuqin/thermal/thermal-cclassvideo.conf,thermal-engine-text,mi_thermald_aes,thermal-engine-text-v2,decoded,53.0,,,51.0,-2.0,mapped-artifact
xiaomi,liuqin,thermal-cgame.conf,devices/xiaomi/liuqin/thermal/thermal-cgame.conf,thermal-engine-text,mi_thermald_aes,thermal-engine-text-v2,decoded,65.0,,,51.0,-14.0,mapped-artifact
xiaomi,liuqin,thermal-chg-only.conf,devices/xiaomi/liuqin/thermal/thermal-chg-only.conf,thermal-engine-text,plain,thermal-engine-text-v2,plain,48.0,,,51.0,3.0,mapped-artifact
xiaomi,liuqin,thermal-class0.conf,devices/xiaomi/liuqin/thermal/thermal-class0.conf,thermal-engine-text,mi_thermald_aes,thermal-engine-text-v2,decoded,65.0,,,51.0,-14.0,mapped-artifact
xiaomi,liuqin,thermal-dolbyvision.conf,devices/xiaomi/liuqin/thermal/thermal-dolbyvision.conf,thermal-engine-text,mi_thermald_aes,thermal-engine-text-v2,decoded,65.0,,,51.0,-14.0,mapped-artifact
xiaomi,liuqin,thermal-engine.conf,devices/xiaomi/liuqin/thermal/thermal-engine.conf,text,plain,,plain,,,,,,mapped-artifact
xiaomi,liuqin,thermal-huanji.conf,devices/xiaomi/liuqin/thermal/thermal-huanji.conf,thermal-engine-text,mi_thermald_aes,thermal-engine-text-v2,decoded,65.0,,,48.5,-16.5,mapped-artifact
xiaomi,liuqin,thermal-l18a-map.conf,devices/xiaomi/liuqin/thermal/thermal-l18a-map.conf,thermal-engine-text,mi_thermald_aes,thermal-engine-text-v2,decoded,,,,,,mapped-artifact
xiaomi,liuqin,thermal-map.conf,devices/xiaomi/liuqin/thermal/thermal-map.conf,thermal-engine-text,mi_thermald_aes,thermal-engine-text-v2,decoded,,,,,,mapped-artifact
xiaomi,liuqin,thermal-mgame.conf,devices/xiaomi/liuqin/thermal/thermal-mgame.conf,thermal-engine-text,mi_thermald_aes,thermal-engine-text-v2,decoded,65.0,,,51.0,-14.0,mapped-artifact
xiaomi,liuqin,thermal-nolimits.conf,devices/xiaomi/liuqin/thermal/thermal-nolimits.conf,thermal-engine-text,mi_thermald_aes,thermal-engine-text-v2,decoded,53.0,,,,,mapped-artifact
xiaomi,liuqin,thermal-normal.conf,devices/xiaomi/liuqin/thermal/thermal-normal.conf,thermal-engine-text,mi_thermald_aes,thermal-engine-text-v2,decoded,65.0,,,51.0,-14.0,mapped-artifact
xiaomi,liuqin,thermal-region-map.conf,devices/xiaomi/liuqin/thermal/thermal-region-map.conf,text,mi_thermald_aes,,decoded,,,,,,mapped-artifact
xiaomi,liuqin,thermal-tgame.conf,devices/xiaomi/liuqin/thermal/thermal-tgame.conf,thermal-engine-text,mi_thermald_aes,thermal-engine-text-v2,decoded,65.0,,,51.0,-14.0,mapped-artifact
xiaomi,liuqin,thermal-video.conf,devices/xiaomi/liuqin/thermal/thermal-video.conf,thermal-engine-text,mi_thermald_aes,thermal-engine-text-v2,decoded,65.0,,,51.0,-14.0,mapped-artifact
xiaomi,liuqin,thermal-videochat.conf,devices/xiaomi/liuqin/thermal/thermal-videochat.conf,thermal-engine-text,mi_thermald_aes,thermal-engine-text-v2,decoded,65.0,,,51.0,-14.0,mapped-artifact
xiaomi,liuqin,thermal-yuanshen.conf,devices/xiaomi/liuqin/thermal/thermal-yuanshen.conf,thermal-engine-text,mi_thermald_aes,thermal-engine-text-v2,decoded,65.0,,,51.0,-14.0,mapped-artifact
xiaomi,liuqin,thermald-devices.conf,devices/xiaomi/liuqin/thermal/thermald-devices.conf,thermal-engine-text,plain,thermal-engine-text-v2,plain,,,,,,mapped-artifact
xiaomi,lmi,index.tsv,devices/xiaomi/lmi/thermal/index.tsv,text,plain,,plain,,,,,,mapped-artifact
xiaomi,lmi,thermal-arvr.conf,devices/xiaomi/lmi/thermal/thermal-arvr.conf,thermal-engine-text,mi_thermald_aes,thermal-engine-text-v2,decoded,60.0,,,51.0,-9.0,mapped-artifact
xiaomi,lmi,thermal-camera.conf,devices/xiaomi/lmi/thermal/thermal-camera.conf,thermal-engine-text,mi_thermald_aes,thermal-engine-text-v2,decoded,60.0,,,51.0,-9.0,mapped-artifact
xiaomi,lmi,thermal-chg-only.conf,devices/xiaomi/lmi/thermal/thermal-chg-only.conf,thermal-engine-text,plain,thermal-engine-text-v2,plain,60.0,,,,,mapped-artifact
xiaomi,lmi,thermal-class0.conf,devices/xiaomi/lmi/thermal/thermal-class0.conf,thermal-engine-text,mi_thermald_aes,thermal-engine-text-v2,decoded,60.0,,,51.0,-9.0,mapped-artifact
xiaomi,lmi,thermal-engine.conf,devices/xiaomi/lmi/thermal/thermal-engine.conf,text,plain,,plain,,,,,,mapped-artifact
xiaomi,lmi,thermal-map.conf,devices/xiaomi/lmi/thermal/thermal-map.conf,thermal-engine-text,mi_thermald_aes,thermal-engine-text-v2,decoded,,,,,,mapped-artifact
xiaomi,lmi,thermal-nolimits.conf,devices/xiaomi/lmi/thermal/thermal-nolimits.conf,thermal-engine-text,mi_thermald_aes,thermal-engine-text-v2,decoded,60.0,,,,,mapped-artifact
xiaomi,lmi,thermal-normal.conf,devices/xiaomi/lmi/thermal/thermal-normal.conf,thermal-engine-text,mi_thermald_aes,thermal-engine-text-v2,decoded,60.0,,,51.0,-9.0,mapped-artifact
xiaomi,lmi,thermal-per-camera.conf,devices/xiaomi/lmi/thermal/thermal-per-camera.conf,thermal-engine-text,mi_thermald_aes,thermal-engine-text-v2,decoded,60.0,,,51.0,-9.0,mapped-artifact
xiaomi,lmi,thermal-per-class0.conf,devices/xiaomi/lmi/thermal/thermal-per-class0.conf,thermal-engine-text,mi_thermald_aes,thermal-engine-text-v2,decoded,60.0,,,51.0,-9.0,mapped-artifact
xiaomi,lmi,thermal-per-normal.conf,devices/xiaomi/lmi/thermal/thermal-per-normal.conf,thermal-engine-text,mi_thermald_aes,thermal-engine-text-v2,decoded,60.0,,,51.0,-9.0,mapped-artifact
xiaomi,lmi,thermal-phone.conf,devices/xiaomi/lmi/thermal/thermal-phone.conf,thermal-engine-text,mi_thermald_aes,thermal-engine-text-v2,decoded,60.0,,,,,mapped-artifact
xiaomi,lmi,thermal-tgame.conf,devices/xiaomi/lmi/thermal/thermal-tgame.conf,thermal-engine-text,mi_thermald_aes,thermal-engine-text-v2,decoded,60.0,,,51.0,-9.0,mapped-artifact
xiaomi,lmi,thermald-devices.conf,devices/xiaomi/lmi/thermal/thermald-devices.conf,thermal-engine-text,plain,thermal-engine-text-v2,plain,,,,,,mapped-artifact
xiaomi,marble,index.tsv,devices/xiaomi/marble/thermal/index.tsv,text,plain,,plain,,,,,,mapped-artifact
xiaomi,marble,thermal-4k.conf,devices/xiaomi/marble/thermal/thermal-4k.conf,thermal-engine-text,mi_thermald_aes,thermal-engine-text-v2,decoded,65.0,,,51.0,-14.0,mapped-artifact
xiaomi,marble,thermal-camera.conf,devices/xiaomi/marble/thermal/thermal-camera.conf,thermal-engine-text,mi_thermald_aes,thermal-engine-text-v2,decoded,55.0,,,51.0,-4.0,mapped-artifact
xiaomi,marble,thermal-cclassvideo.conf,devices/xiaomi/marble/thermal/thermal-cclassvideo.conf,thermal-engine-text,mi_thermald_aes,thermal-engine-text-v2,decoded,65.0,,,51.0,-14.0,mapped-artifact
xiaomi,marble,thermal-cgame.conf,devices/xiaomi/marble/thermal/thermal-cgame.conf,thermal-engine-text,mi_thermald_aes,thermal-engine-text-v2,decoded,65.0,,,51.0,-14.0,mapped-artifact
xiaomi,marble,thermal-chg-only.conf,devices/xiaomi/marble/thermal/thermal-chg-only.conf,thermal-engine-text,plain,thermal-engine-text-v2,plain,45.0,,,51.0,6.0,mapped-artifact
xiaomi,marble,thermal-class0.conf,devices/xiaomi/marble/thermal/thermal-class0.conf,thermal-engine-text,mi_thermald_aes,thermal-engine-text-v2,decoded,65.0,,,51.0,-14.0,mapped-artifact
xiaomi,marble,thermal-dolbyvision.conf,devices/xiaomi/marble/thermal/thermal-dolbyvision.conf,thermal-engine-text,mi_thermald_aes,thermal-engine-text-v2,decoded,65.0,,,51.0,-14.0,mapped-artifact
xiaomi,marble,thermal-engine.conf,devices/xiaomi/marble/thermal/thermal-engine.conf,text,plain,,plain,,,,,,mapped-artifact
xiaomi,marble,thermal-hp-mgame.conf,devices/xiaomi/marble/thermal/thermal-hp-mgame.conf,thermal-engine-text,mi_thermald_aes,thermal-engine-text-v2,decoded,51.0,,,51.0,0.0,mapped-artifact
xiaomi,marble,thermal-hp-normal.conf,devices/xiaomi/marble/thermal/thermal-hp-normal.conf,thermal-engine-text,mi_thermald_aes,thermal-engine-text-v2,decoded,51.0,,,51.0,0.0,mapped-artifact
xiaomi,marble,thermal-huanji.conf,devices/xiaomi/marble/thermal/thermal-huanji.conf,thermal-engine-text,mi_thermald_aes,thermal-engine-text-v2,decoded,65.0,,,48.5,-16.5,mapped-artifact
xiaomi,marble,thermal-l18a-map.conf,devices/xiaomi/marble/thermal/thermal-l18a-map.conf,thermal-engine-text,mi_thermald_aes,thermal-engine-text-v2,decoded,,,,,,mapped-artifact
xiaomi,marble,thermal-map.conf,devices/xiaomi/marble/thermal/thermal-map.conf,thermal-engine-text,mi_thermald_aes,thermal-engine-text-v2,decoded,,,,,,mapped-artifact
xiaomi,marble,thermal-mgame.conf,devices/xiaomi/marble/thermal/thermal-mgame.conf,thermal-engine-text,mi_thermald_aes,thermal-engine-text-v2,decoded,65.0,,,51.0,-14.0,mapped-artifact
xiaomi,marble,thermal-navigation.conf,devices/xiaomi/marble/thermal/thermal-navigation.conf,thermal-engine-text,mi_thermald_aes,thermal-engine-text-v2,decoded,65.0,,,51.0,-14.0,mapped-artifact
xiaomi,marble,thermal-nolimits.conf,devices/xiaomi/marble/thermal/thermal-nolimits.conf,thermal-engine-text,mi_thermald_aes,thermal-engine-text-v2,decoded,53.0,,,,,mapped-artifact
xiaomi,marble,thermal-normal.conf,devices/xiaomi/marble/thermal/thermal-normal.conf,thermal-engine-text,mi_thermald_aes,thermal-engine-text-v2,decoded,65.0,,,51.0,-14.0,mapped-artifact
xiaomi,marble,thermal-per-cclassvideo.conf,devices/xiaomi/marble/thermal/thermal-per-cclassvideo.conf,thermal-engine-text,mi_thermald_aes,thermal-engine-text-v2,decoded,65.0,,,51.0,-14.0,mapped-artifact
xiaomi,marble,thermal-per-cgame.conf,devices/xiaomi/marble/thermal/thermal-per-cgame.conf,thermal-engine-text,mi_thermald_aes,thermal-engine-text-v2,decoded,65.0,,,51.0,-14.0,mapped-artifact
xiaomi,marble,thermal-per-class0.conf,devices/xiaomi/marble/thermal/thermal-per-class0.conf,thermal-engine-text,mi_thermald_aes,thermal-engine-text-v2,decoded,65.0,,,51.0,-14.0,mapped-artifact
xiaomi,marble,thermal-per-navigation.conf,devices/xiaomi/marble/thermal/thermal-per-navigation.conf,thermal-engine-text,mi_thermald_aes,thermal-engine-text-v2,decoded,65.0,,,51.0,-14.0,mapped-artifact
xiaomi,marble,thermal-per-normal.conf,devices/xiaomi/marble/thermal/thermal-per-normal.conf,thermal-engine-text,mi_thermald_aes,thermal-engine-text-v2,decoded,65.0,,,51.0,-14.0,mapped-artifact
xiaomi,marble,thermal-per-video.conf,devices/xiaomi/marble/thermal/thermal-per-video.conf,thermal-engine-text,mi_thermald_aes,thermal-engine-text-v2,decoded,65.0,,,51.0,-14.0,mapped-artifact
xiaomi,marble,thermal-phone.conf,devices/xiaomi/marble/thermal/thermal-phone.conf,thermal-engine-text,mi_thermald_aes,thermal-engine-text-v2,decoded,65.0,,,51.0,-14.0,mapped-artifact
xiaomi,marble,thermal-region-map.conf,devices/xiaomi/marble/thermal/thermal-region-map.conf,text,mi_thermald_aes,,decoded,,,,,,mapped-artifact
xiaomi,marble,thermal-tgame.conf,devices/xiaomi/marble/thermal/thermal-tgame.conf,thermal-engine-text,mi_thermald_aes,thermal-engine-text-v2,decoded,55.0,,,51.0,-4.0,mapped-artifact
xiaomi,marble,thermal-video.conf,devices/xiaomi/marble/thermal/thermal-video.conf,thermal-engine-text,mi_thermald_aes,thermal-engine-text-v2,decoded,65.0,,,51.0,-14.0,mapped-artifact
xiaomi,marble,thermal-videochat.conf,devices/xiaomi/marble/thermal/thermal-videochat.conf,thermal-engine-text,mi_thermald_aes,thermal-engine-text-v2,decoded,65.0,,,51.0,-14.0,mapped-artifact
xiaomi,marble,thermal-yuanshen.conf,devices/xiaomi/marble/thermal/thermal-yuanshen.conf,thermal-engine-text,mi_thermald_aes,thermal-engine-text-v2,decoded,55.0,,,51.0,-4.0,mapped-artifact
xiaomi,marble,thermald-devices.conf,devices/xiaomi/marble/thermal/thermald-devices.conf,thermal-engine-text,plain,thermal-engine-text-v2,plain,,,,,,mapped-artifact
xiaomi,markw,index.tsv,devices/xiaomi/markw/thermal/index.tsv,text,plain,,plain,,,,,,mapped-artifact
xiaomi,markw,thermal-engine.conf,devices/xiaomi/markw/thermal/thermal-engine.conf,thermal-engine-text,plain,thermal-engine-text-v2,plain,95.0,,,50.0,-45.0,mapped-artifact
xiaomi,mayfly,index.tsv,devices/xiaomi/mayfly/thermal/index.tsv,text,plain,,plain,,,,,,mapped-artifact
xiaomi,mayfly,thermal-4k.conf,devices/xiaomi/mayfly/thermal/thermal-4k.conf,thermal-engine-text,mi_thermald_aes,thermal-engine-text-v2,decoded,62.0,,,,,mapped-artifact
xiaomi,mayfly,thermal-abnormal.conf,devices/xiaomi/mayfly/thermal/thermal-abnormal.conf,thermal-engine-text,mi_thermald_aes,thermal-engine-text-v2,decoded,62.0,,,51.0,-11.0,mapped-artifact
xiaomi,mayfly,thermal-arvr.conf,devices/xiaomi/mayfly/thermal/thermal-arvr.conf,thermal-engine-text,mi_thermald_aes,thermal-engine-text-v2,decoded,65.0,,,51.0,-14.0,mapped-artifact
xiaomi,mayfly,thermal-camera.conf,devices/xiaomi/mayfly/thermal/thermal-camera.conf,thermal-engine-text,mi_thermald_aes,thermal-engine-text-v2,decoded,62.0,,,,,mapped-artifact
xiaomi,mayfly,thermal-chg-only.conf,devices/xiaomi/mayfly/thermal/thermal-chg-only.conf,thermal-engine-text,plain,thermal-engine-text-v2,plain,45.0,,,51.0,6.0,mapped-artifact
xiaomi,mayfly,thermal-class0.conf,devices/xiaomi/mayfly/thermal/thermal-class0.conf,thermal-engine-text,mi_thermald_aes,thermal-engine-text-v2,decoded,62.0,,,51.0,-11.0,mapped-artifact
xiaomi,mayfly,thermal-dolbyvision.conf,devices/xiaomi/mayfly/thermal/thermal-dolbyvision.conf,thermal-engine-text,mi_thermald_aes,thermal-engine-text-v2,decoded,62.0,,,51.0,-11.0,mapped-artifact
xiaomi,mayfly,thermal-engine.conf,devices/xiaomi/mayfly/thermal/thermal-engine.conf,text,plain,,plain,,,,,,mapped-artifact
xiaomi,mayfly,thermal-huanji.conf,devices/xiaomi/mayfly/thermal/thermal-huanji.conf,thermal-engine-text,mi_thermald_aes,thermal-engine-text-v2,decoded,62.0,,,48.5,-13.5,mapped-artifact
xiaomi,mayfly,thermal-l18a-map.conf,devices/xiaomi/mayfly/thermal/thermal-l18a-map.conf,thermal-engine-text,mi_thermald_aes,thermal-engine-text-v2,decoded,,,,,,mapped-artifact
xiaomi,mayfly,thermal-map.conf,devices/xiaomi/mayfly/thermal/thermal-map.conf,thermal-engine-text,mi_thermald_aes,thermal-engine-text-v2,decoded,,,,,,mapped-artifact
xiaomi,mayfly,thermal-mgame.conf,devices/xiaomi/mayfly/thermal/thermal-mgame.conf,thermal-engine-text,mi_thermald_aes,thermal-engine-text-v2,decoded,62.0,,,51.0,-11.0,mapped-artifact
xiaomi,mayfly,thermal-navigation.conf,devices/xiaomi/mayfly/thermal/thermal-navigation.conf,thermal-engine-text,mi_thermald_aes,thermal-engine-text-v2,decoded,62.0,,,51.0,-11.0,mapped-artifact
xiaomi,mayfly,thermal-nolimits.conf,devices/xiaomi/mayfly/thermal/thermal-nolimits.conf,thermal-engine-text,mi_thermald_aes,thermal-engine-text-v2,decoded,52.0,,,,,mapped-artifact
xiaomi,mayfly,thermal-normal.conf,devices/xiaomi/mayfly/thermal/thermal-normal.conf,thermal-engine-text,mi_thermald_aes,thermal-engine-text-v2,decoded,62.0,,,51.0,-11.0,mapped-artifact
xiaomi,mayfly,thermal-per-class0.conf,devices/xiaomi/mayfly/thermal/thermal-per-class0.conf,thermal-engine-text,mi_thermald_aes,thermal-engine-text-v2,decoded,62.0,,,51.0,-11.0,mapped-artifact
xiaomi,mayfly,thermal-per-navigation.conf,devices/xiaomi/mayfly/thermal/thermal-per-navigation.conf,thermal-engine-text,mi_thermald_aes,thermal-engine-text-v2,decoded,62.0,,,51.0,-11.0,mapped-artifact
xiaomi,mayfly,thermal-per-normal.conf,devices/xiaomi/mayfly/thermal/thermal-per-normal.conf,thermal-engine-text,mi_thermald_aes,thermal-engine-text-v2,decoded,62.0,,,51.0,-11.0,mapped-artifact
xiaomi,mayfly,thermal-per-video.conf,devices/xiaomi/mayfly/thermal/thermal-per-video.conf,thermal-engine-text,mi_thermald_aes,thermal-engine-text-v2,decoded,62.0,,,51.0,-11.0,mapped-artifact
xiaomi,mayfly,thermal-phone.conf,devices/xiaomi/mayfly/thermal/thermal-phone.conf,thermal-engine-text,mi_thermald_aes,thermal-engine-text-v2,decoded,62.0,,,51.0,-11.0,mapped-artifact
xiaomi,mayfly,thermal-region-map.conf,devices/xiaomi/mayfly/thermal/thermal-region-map.conf,text,mi_thermald_aes,,decoded,,,,,,mapped-artifact
xiaomi,mayfly,thermal-sptm.conf,devices/xiaomi/mayfly/thermal/thermal-sptm.conf,thermal-engine-text,mi_thermald_aes,thermal-engine-text-v2,decoded,62.0,,,51.0,-11.0,mapped-artifact
xiaomi,mayfly,thermal-tgame.conf,devices/xiaomi/mayfly/thermal/thermal-tgame.conf,thermal-engine-text,mi_thermald_aes,thermal-engine-text-v2,decoded,62.0,,,51.0,-11.0,mapped-artifact
xiaomi,mayfly,thermal-video.conf,devices/xiaomi/mayfly/thermal/thermal-video.conf,thermal-engine-text,mi_thermald_aes,thermal-engine-text-v2,decoded,62.0,,,51.0,-11.0,mapped-artifact
xiaomi,mayfly,thermal-videochat.conf,devices/xiaomi/mayfly/thermal/thermal-videochat.conf,thermal-engine-text,mi_thermald_aes,thermal-engine-text-v2,decoded,62.0,,,51.0,-11.0,mapped-artifact
xiaomi,mayfly,thermald-devices.conf,devices/xiaomi/mayfly/thermal/thermald-devices.conf,thermal-engine-text,plain,thermal-engine-text-v2,plain,,,,,,mapped-artifact
xiaomi,merlin,index.tsv,devices/xiaomi/merlin/thermal/index.tsv,text,plain,,plain,,,,,,mapped-artifact
xiaomi,merlin,thermal-arvr.conf,devices/xiaomi/merlin/thermal/thermal-arvr.conf,thermal-engine-text,mi_thermald_aes,thermal-engine-text-v2,decoded,57.0,,,55.0,-2.0,mapped-artifact
xiaomi,merlin,thermal-camera.conf,devices/xiaomi/merlin/thermal/thermal-camera.conf,thermal-engine-text,mi_thermald_aes,thermal-engine-text-v2,decoded,57.0,,,55.0,-2.0,mapped-artifact
xiaomi,merlin,thermal-chg-only.conf,devices/xiaomi/merlin/thermal/thermal-chg-only.conf,thermal-engine-text,mi_thermald_aes,thermal-engine-text-v2,decoded,48.0,,,52.0,4.0,mapped-artifact
xiaomi,merlin,thermal-map.conf,devices/xiaomi/merlin/thermal/thermal-map.conf,thermal-engine-text,mi_thermald_aes,thermal-engine-text-v2,decoded,,,,,,mapped-artifact
xiaomi,merlin,thermal-nolimits.conf,devices/xiaomi/merlin/thermal/thermal-nolimits.conf,thermal-engine-text,mi_thermald_aes,thermal-engine-text-v2,decoded,57.0,,,49.0,-8.0,mapped-artifact
xiaomi,merlin,thermal-normal.conf,devices/xiaomi/merlin/thermal/thermal-normal.conf,thermal-engine-text,mi_thermald_aes,thermal-engine-text-v2,decoded,57.0,,,55.0,-2.0,mapped-artifact
xiaomi,merlin,thermal-phone.conf,devices/xiaomi/merlin/thermal/thermal-phone.conf,thermal-engine-text,mi_thermald_aes,thermal-engine-text-v2,decoded,57.0,,,53.0,-4.0,mapped-artifact
xiaomi,merlin,thermal-tgame.conf,devices/xiaomi/merlin/thermal/thermal-tgame.conf,thermal-engine-text,mi_thermald_aes,thermal-engine-text-v2,decoded,60.0,,,55.0,-5.0,mapped-artifact
xiaomi,merlin,thermal-youtube.conf,devices/xiaomi/merlin/thermal/thermal-youtube.conf,thermal-engine-text,mi_thermald_aes,thermal-engine-text-v2,decoded,57.0,,,55.0,-2.0,mapped-artifact
xiaomi,merlin,thermald-devices.conf,devices/xiaomi/merlin/thermal/thermald-devices.conf,thermal-engine-text,plain,thermal-engine-text-v2,plain,,,,,,mapped-artifact
xiaomi,mgvi_64_64only_armv82,index.tsv,devices/xiaomi/mgvi_64_64only_armv82/thermal/index.tsv,text,plain,,plain,,,,,,mapped-artifact
xiaomi,mgvi_64_64only_armv82,thermal-4k.conf,devices/xiaomi/mgvi_64_64only_armv82/thermal/thermal-4k.conf,thermal-engine-text,mi_thermald_aes,thermal-engine-text-v2,decoded,95.0,,,51.0,-44.0,mapped-artifact
xiaomi,mgvi_64_64only_armv82,thermal-8k.conf,devices/xiaomi/mgvi_64_64only_armv82/thermal/thermal-8k.conf,thermal-engine-text,mi_thermald_aes,thermal-engine-text-v2,decoded,95.0,,,51.0,-44.0,mapped-artifact
xiaomi,mgvi_64_64only_armv82,thermal-arvr.conf,devices/xiaomi/mgvi_64_64only_armv82/thermal/thermal-arvr.conf,thermal-engine-text,mi_thermald_aes,thermal-engine-text-v2,decoded,65.0,,,49.0,-16.0,mapped-artifact
xiaomi,mgvi_64_64only_armv82,thermal-camera.conf,devices/xiaomi/mgvi_64_64only_armv82/thermal/thermal-camera.conf,thermal-engine-text,mi_thermald_aes,thermal-engine-text-v2,decoded,95.0,,,51.0,-44.0,mapped-artifact
xiaomi,mgvi_64_64only_armv82,thermal-cclassvideo.conf,devices/xiaomi/mgvi_64_64only_armv82/thermal/thermal-cclassvideo.conf,thermal-engine-text,mi_thermald_aes,thermal-engine-text-v2,decoded,65.0,,,51.0,-14.0,mapped-artifact
xiaomi,mgvi_64_64only_armv82,thermal-cgame.conf,devices/xiaomi/mgvi_64_64only_armv82/thermal/thermal-cgame.conf,thermal-engine-text,mi_thermald_aes,thermal-engine-text-v2,decoded,65.0,,,51.0,-14.0,mapped-artifact
xiaomi,mgvi_64_64only_armv82,thermal-charge.conf,devices/xiaomi/mgvi_64_64only_armv82/thermal/thermal-charge.conf,thermal-engine-text,mi_thermald_aes,thermal-engine-text-v2,decoded,99.0,,,51.0,-48.0,mapped-artifact
xiaomi,mgvi_64_64only_armv82,thermal-chg-only.conf,devices/xiaomi/mgvi_64_64only_armv82/thermal/thermal-chg-only.conf,thermal-engine-text,plain,thermal-engine-text-v2,plain,48.0,,,51.0,3.0,mapped-artifact
xiaomi,mgvi_64_64only_armv82,thermal-class0.conf,devices/xiaomi/mgvi_64_64only_armv82/thermal/thermal-class0.conf,thermal-engine-text,mi_thermald_aes,thermal-engine-text-v2,decoded,65.0,,,51.0,-14.0,mapped-artifact
xiaomi,mgvi_64_64only_armv82,thermal-danmu.conf,devices/xiaomi/mgvi_64_64only_armv82/thermal/thermal-danmu.conf,thermal-engine-text,mi_thermald_aes,thermal-engine-text-v2,decoded,65.0,,,51.0,-14.0,mapped-artifact
xiaomi,mgvi_64_64only_armv82,thermal-highfps.conf,devices/xiaomi/mgvi_64_64only_armv82/thermal/thermal-highfps.conf,thermal-engine-text,mi_thermald_aes,thermal-engine-text-v2,decoded,65.0,,,51.0,-14.0,mapped-artifact
xiaomi,mgvi_64_64only_armv82,thermal-hp-mgame.conf,devices/xiaomi/mgvi_64_64only_armv82/thermal/thermal-hp-mgame.conf,thermal-engine-text,mi_thermald_aes,thermal-engine-text-v2,decoded,65.0,,,51.0,-14.0,mapped-artifact
xiaomi,mgvi_64_64only_armv82,thermal-hp-normal.conf,devices/xiaomi/mgvi_64_64only_armv82/thermal/thermal-hp-normal.conf,thermal-engine-text,mi_thermald_aes,thermal-engine-text-v2,decoded,65.0,,,51.0,-14.0,mapped-artifact
xiaomi,mgvi_64_64only_armv82,thermal-huanji.conf,devices/xiaomi/mgvi_64_64only_armv82/thermal/thermal-huanji.conf,thermal-engine-text,mi_thermald_aes,thermal-engine-text-v2,decoded,65.0,,,51.0,-14.0,mapped-artifact
xiaomi,mgvi_64_64only_armv82,thermal-map.conf,devices/xiaomi/mgvi_64_64only_armv82/thermal/thermal-map.conf,thermal-engine-text,mi_thermald_aes,thermal-engine-text-v2,decoded,,,,,,mapped-artifact
xiaomi,mgvi_64_64only_armv82,thermal-mgame.conf,devices/xiaomi/mgvi_64_64only_armv82/thermal/thermal-mgame.conf,thermal-engine-text,mi_thermald_aes,thermal-engine-text-v2,decoded,65.0,,,51.0,-14.0,mapped-artifact
xiaomi,mgvi_64_64only_armv82,thermal-navigation.conf,devices/xiaomi/mgvi_64_64only_armv82/thermal/thermal-navigation.conf,thermal-engine-text,mi_thermald_aes,thermal-engine-text-v2,decoded,65.0,,,51.0,-14.0,mapped-artifact
xiaomi,mgvi_64_64only_armv82,thermal-nolimits.conf,devices/xiaomi/mgvi_64_64only_armv82/thermal/thermal-nolimits.conf,thermal-engine-text,mi_thermald_aes,thermal-engine-text-v2,decoded,65.0,,,,,mapped-artifact
xiaomi,mgvi_64_64only_armv82,thermal-normal.conf,devices/xiaomi/mgvi_64_64only_armv82/thermal/thermal-normal.conf,thermal-engine-text,mi_thermald_aes,thermal-engine-text-v2,decoded,65.0,,,51.0,-14.0,mapped-artifact
xiaomi,mgvi_64_64only_armv82,thermal-per-class0.conf,devices/xiaomi/mgvi_64_64only_armv82/thermal/thermal-per-class0.conf,thermal-engine-text,mi_thermald_aes,thermal-engine-text-v2,decoded,65.0,,,51.0,-14.0,mapped-artifact
xiaomi,mgvi_64_64only_armv82,thermal-per-normal.conf,devices/xiaomi/mgvi_64_64only_armv82/thermal/thermal-per-normal.conf,thermal-engine-text,mi_thermald_aes,thermal-engine-text-v2,decoded,65.0,,,51.0,-14.0,mapped-artifact
xiaomi,mgvi_64_64only_armv82,thermal-per-video.conf,devices/xiaomi/mgvi_64_64only_armv82/thermal/thermal-per-video.conf,thermal-engine-text,mi_thermald_aes,thermal-engine-text-v2,decoded,65.0,,,51.0,-14.0,mapped-artifact
xiaomi,mgvi_64_64only_armv82,thermal-phone.conf,devices/xiaomi/mgvi_64_64only_armv82/thermal/thermal-phone.conf,thermal-engine-text,mi_thermald_aes,thermal-engine-text-v2,decoded,65.0,,,51.0,-14.0,mapped-artifact
xiaomi,mgvi_64_64only_armv82,thermal-tgame.conf,devices/xiaomi/mgvi_64_64only_armv82/thermal/thermal-tgame.conf,thermal-engine-text,mi_thermald_aes,thermal-engine-text-v2,decoded,65.0,,,51.0,-14.0,mapped-artifact
xiaomi,mgvi_64_64only_armv82,thermal-video.conf,devices/xiaomi/mgvi_64_64only_armv82/thermal/thermal-video.conf,thermal-engine-text,mi_thermald_aes,thermal-engine-text-v2,decoded,65.0,,,51.0,-14.0,mapped-artifact
xiaomi,mgvi_64_64only_armv82,thermal-videochat.conf,devices/xiaomi/mgvi_64_64only_armv82/thermal/thermal-videochat.conf,thermal-engine-text,mi_thermald_aes,thermal-engine-text-v2,decoded,65.0,,,51.0,-14.0,mapped-artifact
xiaomi,mgvi_64_64only_armv82,thermal-xingtie.conf,devices/xiaomi/mgvi_64_64only_armv82/thermal/thermal-xingtie.conf,thermal-engine-text,mi_thermald_aes,thermal-engine-text-v2,decoded,65.0,,,51.0,-14.0,mapped-artifact
xiaomi,mgvi_64_64only_armv82,thermal-yuanshen.conf,devices/xiaomi/mgvi_64_64only_armv82/thermal/thermal-yuanshen.conf,thermal-engine-text,mi_thermald_aes,thermal-engine-text-v2,decoded,65.0,,,51.0,-14.0,mapped-artifact
xiaomi,mgvi_64_64only_armv82,thermalbreakboostconfig.xml,devices/xiaomi/mgvi_64_64only_armv82/thermal/thermalbreakboostconfig.xml,xml,plain,,plain,,,,,,mapped-artifact
xiaomi,mgvi_64_64only_armv82,thermald-devices.conf,devices/xiaomi/mgvi_64_64only_armv82/thermal/thermald-devices.conf,thermal-engine-text,plain,thermal-engine-text-v2,plain,,,,,,mapped-artifact
xiaomi,mgvi_64_armv82,index.tsv,devices/xiaomi/mgvi_64_armv82/thermal/index.tsv,text,plain,,plain,,,,,,mapped-artifact
xiaomi,mgvi_64_armv82,thermal-4k-gl.conf,devices/xiaomi/mgvi_64_armv82/thermal/thermal-4k-gl.conf,thermal-engine-text,mi_thermald_aes,thermal-engine-text-v2,decoded,53.0,,,51.0,-2.0,mapped-artifact
xiaomi,mgvi_64_armv82,thermal-4k-india.conf,devices/xiaomi/mgvi_64_armv82/thermal/thermal-4k-india.conf,thermal-engine-text,mi_thermald_aes,thermal-engine-text-v2,decoded,53.0,,,51.0,-2.0,mapped-artifact
xiaomi,mgvi_64_armv82,thermal-4k.conf,devices/xiaomi/mgvi_64_armv82/thermal/thermal-4k.conf,thermal-engine-text,mi_thermald_aes,thermal-engine-text-v2,decoded,53.0,,,51.0,-2.0,mapped-artifact
xiaomi,mgvi_64_armv82,thermal-camera-gl.conf,devices/xiaomi/mgvi_64_armv82/thermal/thermal-camera-gl.conf,thermal-engine-text,mi_thermald_aes,thermal-engine-text-v2,decoded,53.0,,,51.0,-2.0,mapped-artifact
xiaomi,mgvi_64_armv82,thermal-camera-india.conf,devices/xiaomi/mgvi_64_armv82/thermal/thermal-camera-india.conf,thermal-engine-text,mi_thermald_aes,thermal-engine-text-v2,decoded,53.0,,,51.0,-2.0,mapped-artifact
xiaomi,mgvi_64_armv82,thermal-camera.conf,devices/xiaomi/mgvi_64_armv82/thermal/thermal-camera.conf,thermal-engine-text,mi_thermald_aes,thermal-engine-text-v2,decoded,53.0,,,51.0,-2.0,mapped-artifact
xiaomi,mgvi_64_armv82,thermal-cclassvideo-gl.conf,devices/xiaomi/mgvi_64_armv82/thermal/thermal-cclassvideo-gl.conf,thermal-engine-text,mi_thermald_aes,thermal-engine-text-v2,decoded,53.0,,,49.0,-4.0,mapped-artifact
xiaomi,mgvi_64_armv82,thermal-cclassvideo-india.conf,devices/xiaomi/mgvi_64_armv82/thermal/thermal-cclassvideo-india.conf,thermal-engine-text,mi_thermald_aes,thermal-engine-text-v2,decoded,53.0,,,49.0,-4.0,mapped-artifact
xiaomi,mgvi_64_armv82,thermal-cclassvideo.conf,devices/xiaomi/mgvi_64_armv82/thermal/thermal-cclassvideo.conf,thermal-engine-text,mi_thermald_aes,thermal-engine-text-v2,decoded,53.0,,,49.0,-4.0,mapped-artifact
xiaomi,mgvi_64_armv82,thermal-cgame-gl.conf,devices/xiaomi/mgvi_64_armv82/thermal/thermal-cgame-gl.conf,thermal-engine-text,mi_thermald_aes,thermal-engine-text-v2,decoded,53.0,,,51.0,-2.0,mapped-artifact
xiaomi,mgvi_64_armv82,thermal-cgame-india.conf,devices/xiaomi/mgvi_64_armv82/thermal/thermal-cgame-india.conf,thermal-engine-text,mi_thermald_aes,thermal-engine-text-v2,decoded,53.0,,,51.0,-2.0,mapped-artifact
xiaomi,mgvi_64_armv82,thermal-cgame.conf,devices/xiaomi/mgvi_64_armv82/thermal/thermal-cgame.conf,thermal-engine-text,mi_thermald_aes,thermal-engine-text-v2,decoded,53.0,,,51.0,-2.0,mapped-artifact
xiaomi,mgvi_64_armv82,thermal-chg-only-gl.conf,devices/xiaomi/mgvi_64_armv82/thermal/thermal-chg-only-gl.conf,thermal-engine-text,plain,thermal-engine-text-v2,plain,48.0,,,51.0,3.0,mapped-artifact
xiaomi,mgvi_64_armv82,thermal-chg-only-india.conf,devices/xiaomi/mgvi_64_armv82/thermal/thermal-chg-only-india.conf,thermal-engine-text,plain,thermal-engine-text-v2,plain,48.0,,,51.0,3.0,mapped-artifact
xiaomi,mgvi_64_armv82,thermal-chg-only.conf,devices/xiaomi/mgvi_64_armv82/thermal/thermal-chg-only.conf,thermal-engine-text,plain,thermal-engine-text-v2,plain,48.0,,,51.0,3.0,mapped-artifact
xiaomi,mgvi_64_armv82,thermal-class0-gl.conf,devices/xiaomi/mgvi_64_armv82/thermal/thermal-class0-gl.conf,thermal-engine-text,mi_thermald_aes,thermal-engine-text-v2,decoded,53.0,,,51.0,-2.0,mapped-artifact
xiaomi,mgvi_64_armv82,thermal-class0-india.conf,devices/xiaomi/mgvi_64_armv82/thermal/thermal-class0-india.conf,thermal-engine-text,mi_thermald_aes,thermal-engine-text-v2,decoded,53.0,,,51.0,-2.0,mapped-artifact
xiaomi,mgvi_64_armv82,thermal-class0.conf,devices/xiaomi/mgvi_64_armv82/thermal/thermal-class0.conf,thermal-engine-text,mi_thermald_aes,thermal-engine-text-v2,decoded,53.0,,,51.0,-2.0,mapped-artifact
xiaomi,mgvi_64_armv82,thermal-demo-gl.conf,devices/xiaomi/mgvi_64_armv82/thermal/thermal-demo-gl.conf,thermal-engine-text,mi_thermald_aes,thermal-engine-text-v2,decoded,53.0,,,51.0,-2.0,mapped-artifact
xiaomi,mgvi_64_armv82,thermal-demo-ind-4k.conf,devices/xiaomi/mgvi_64_armv82/thermal/thermal-demo-ind-4k.conf,thermal-engine-text,mi_thermald_aes,thermal-engine-text-v2,decoded,53.0,,,51.0,-2.0,mapped-artifact
xiaomi,mgvi_64_armv82,thermal-demo-ind-camera.conf,devices/xiaomi/mgvi_64_armv82/thermal/thermal-demo-ind-camera.conf,thermal-engine-text,mi_thermald_aes,thermal-engine-text-v2,decoded,53.0,,,51.0,-2.0,mapped-artifact
xiaomi,mgvi_64_armv82,thermal-demo-ind-cclassvideo.conf,devices/xiaomi/mgvi_64_armv82/thermal/thermal-demo-ind-cclassvideo.conf,thermal-engine-text,mi_thermald_aes,thermal-engine-text-v2,decoded,53.0,,,49.0,-4.0,mapped-artifact
xiaomi,mgvi_64_armv82,thermal-demo-ind-cgame.conf,devices/xiaomi/mgvi_64_armv82/thermal/thermal-demo-ind-cgame.conf,thermal-engine-text,mi_thermald_aes,thermal-engine-text-v2,decoded,53.0,,,50.0,-3.0,mapped-artifact
xiaomi,mgvi_64_armv82,thermal-demo-ind-chg-only.conf,devices/xiaomi/mgvi_64_armv82/thermal/thermal-demo-ind-chg-only.conf,thermal-engine-text,plain,thermal-engine-text-v2,plain,48.0,,,51.0,3.0,mapped-artifact
xiaomi,mgvi_64_armv82,thermal-demo-ind-class0.conf,devices/xiaomi/mgvi_64_armv82/thermal/thermal-demo-ind-class0.conf,thermal-engine-text,mi_thermald_aes,thermal-engine-text-v2,decoded,53.0,,,51.0,-2.0,mapped-artifact
xiaomi,mgvi_64_armv82,thermal-demo-ind-demo.conf,devices/xiaomi/mgvi_64_armv82/thermal/thermal-demo-ind-demo.conf,thermal-engine-text,mi_thermald_aes,thermal-engine-text-v2,decoded,53.0,,,51.0,-2.0,mapped-artifact
xiaomi,mgvi_64_armv82,thermal-demo-ind-dolbyvision.conf,devices/xiaomi/mgvi_64_armv82/thermal/thermal-demo-ind-dolbyvision.conf,thermal-engine-text,mi_thermald_aes,thermal-engine-text-v2,decoded,53.0,,,49.0,-4.0,mapped-artifact
xiaomi,mgvi_64_armv82,thermal-demo-ind-highfps.conf,devices/xiaomi/mgvi_64_armv82/thermal/thermal-demo-ind-highfps.conf,thermal-engine-text,mi_thermald_aes,thermal-engine-text-v2,decoded,53.0,,,49.0,-4.0,mapped-artifact
xiaomi,mgvi_64_armv82,thermal-demo-ind-hp-mgame.conf,devices/xiaomi/mgvi_64_armv82/thermal/thermal-demo-ind-hp-mgame.conf,thermal-engine-text,mi_thermald_aes,thermal-engine-text-v2,decoded,51.0,,,50.0,-1.0,mapped-artifact
xiaomi,mgvi_64_armv82,thermal-demo-ind-hp-normal.conf,devices/xiaomi/mgvi_64_armv82/thermal/thermal-demo-ind-hp-normal.conf,thermal-engine-text,mi_thermald_aes,thermal-engine-text-v2,decoded,51.0,,,51.0,0.0,mapped-artifact
xiaomi,mgvi_64_armv82,thermal-demo-ind-huanji.conf,devices/xiaomi/mgvi_64_armv82/thermal/thermal-demo-ind-huanji.conf,thermal-engine-text,mi_thermald_aes,thermal-engine-text-v2,decoded,53.0,,,51.0,-2.0,mapped-artifact
xiaomi,mgvi_64_armv82,thermal-demo-ind-mgame.conf,devices/xiaomi/mgvi_64_armv82/thermal/thermal-demo-ind-mgame.conf,thermal-engine-text,mi_thermald_aes,thermal-engine-text-v2,decoded,53.0,,,50.5,-2.5,mapped-artifact
xiaomi,mgvi_64_armv82,thermal-demo-ind-navigation.conf,devices/xiaomi/mgvi_64_armv82/thermal/thermal-demo-ind-navigation.conf,thermal-engine-text,mi_thermald_aes,thermal-engine-text-v2,decoded,53.0,,,51.0,-2.0,mapped-artifact
xiaomi,mgvi_64_armv82,thermal-demo-ind-nolimits.conf,devices/xiaomi/mgvi_64_armv82/thermal/thermal-demo-ind-nolimits.conf,thermal-engine-text,mi_thermald_aes,thermal-engine-text-v2,decoded,53.0,,,,,mapped-artifact
xiaomi,mgvi_64_armv82,thermal-demo-ind-normal.conf,devices/xiaomi/mgvi_64_armv82/thermal/thermal-demo-ind-normal.conf,thermal-engine-text,mi_thermald_aes,thermal-engine-text-v2,decoded,53.0,,,51.0,-2.0,mapped-artifact
xiaomi,mgvi_64_armv82,thermal-demo-ind-per-class0.conf,devices/xiaomi/mgvi_64_armv82/thermal/thermal-demo-ind-per-class0.conf,thermal-engine-text,mi_thermald_aes,thermal-engine-text-v2,decoded,53.0,,,51.0,-2.0,mapped-artifact
xiaomi,mgvi_64_armv82,thermal-demo-ind-per-normal.conf,devices/xiaomi/mgvi_64_armv82/thermal/thermal-demo-ind-per-normal.conf,thermal-engine-text,mi_thermald_aes,thermal-engine-text-v2,decoded,53.0,,,51.0,-2.0,mapped-artifact
xiaomi,mgvi_64_armv82,thermal-demo-ind-per-video.conf,devices/xiaomi/mgvi_64_armv82/thermal/thermal-demo-ind-per-video.conf,thermal-engine-text,mi_thermald_aes,thermal-engine-text-v2,decoded,53.0,,,50.0,-3.0,mapped-artifact
xiaomi,mgvi_64_armv82,thermal-demo-ind-phone.conf,devices/xiaomi/mgvi_64_armv82/thermal/thermal-demo-ind-phone.conf,thermal-engine-text,mi_thermald_aes,thermal-engine-text-v2,decoded,53.0,,,48.0,-5.0,mapped-artifact
xiaomi,mgvi_64_armv82,thermal-demo-ind-tgame.conf,devices/xiaomi/mgvi_64_armv82/thermal/thermal-demo-ind-tgame.conf,thermal-engine-text,mi_thermald_aes,thermal-engine-text-v2,decoded,53.0,,,50.5,-2.5,mapped-artifact
xiaomi,mgvi_64_armv82,thermal-demo-ind-toutiao.conf,devices/xiaomi/mgvi_64_armv82/thermal/thermal-demo-ind-toutiao.conf,thermal-engine-text,mi_thermald_aes,thermal-engine-text-v2,decoded,53.0,,,51.0,-2.0,mapped-artifact
xiaomi,mgvi_64_armv82,thermal-demo-ind-video.conf,devices/xiaomi/mgvi_64_armv82/thermal/thermal-demo-ind-video.conf,thermal-engine-text,mi_thermald_aes,thermal-engine-text-v2,decoded,53.0,,,51.0,-2.0,mapped-artifact
xiaomi,mgvi_64_armv82,thermal-demo-ind-videochat.conf,devices/xiaomi/mgvi_64_armv82/thermal/thermal-demo-ind-videochat.conf,thermal-engine-text,mi_thermald_aes,thermal-engine-text-v2,decoded,51.0,,,51.0,0.0,mapped-artifact
xiaomi,mgvi_64_armv82,thermal-demo-india.conf,devices/xiaomi/mgvi_64_armv82/thermal/thermal-demo-india.conf,thermal-engine-text,mi_thermald_aes,thermal-engine-text-v2,decoded,53.0,,,51.0,-2.0,mapped-artifact
xiaomi,mgvi_64_armv82,thermal-demo.conf,devices/xiaomi/mgvi_64_armv82/thermal/thermal-demo.conf,thermal-engine-text,mi_thermald_aes,thermal-engine-text-v2,decoded,53.0,,,51.0,-2.0,mapped-artifact
xiaomi,mgvi_64_armv82,thermal-dolbyvision-gl.conf,devices/xiaomi/mgvi_64_armv82/thermal/thermal-dolbyvision-gl.conf,thermal-engine-text,mi_thermald_aes,thermal-engine-text-v2,decoded,53.0,,,49.0,-4.0,mapped-artifact
xiaomi,mgvi_64_armv82,thermal-dolbyvision-india.conf,devices/xiaomi/mgvi_64_armv82/thermal/thermal-dolbyvision-india.conf,thermal-engine-text,mi_thermald_aes,thermal-engine-text-v2,decoded,53.0,,,49.0,-4.0,mapped-artifact
xiaomi,mgvi_64_armv82,thermal-dolbyvision.conf,devices/xiaomi/mgvi_64_armv82/thermal/thermal-dolbyvision.conf,thermal-engine-text,mi_thermald_aes,thermal-engine-text-v2,decoded,53.0,,,49.0,-4.0,mapped-artifact
xiaomi,mgvi_64_armv82,thermal-highfps-gl.conf,devices/xiaomi/mgvi_64_armv82/thermal/thermal-highfps-gl.conf,thermal-engine-text,mi_thermald_aes,thermal-engine-text-v2,decoded,53.0,,,49.0,-4.0,mapped-artifact
xiaomi,mgvi_64_armv82,thermal-highfps-india.conf,devices/xiaomi/mgvi_64_armv82/thermal/thermal-highfps-india.conf,thermal-engine-text,mi_thermald_aes,thermal-engine-text-v2,decoded,53.0,,,49.0,-4.0,mapped-artifact
xiaomi,mgvi_64_armv82,thermal-highfps.conf,devices/xiaomi/mgvi_64_armv82/thermal/thermal-highfps.conf,thermal-engine-text,mi_thermald_aes,thermal-engine-text-v2,decoded,53.0,,,49.0,-4.0,mapped-artifact
xiaomi,mgvi_64_armv82,thermal-hp-mgame-gl.conf,devices/xiaomi/mgvi_64_armv82/thermal/thermal-hp-mgame-gl.conf,thermal-engine-text,mi_thermald_aes,thermal-engine-text-v2,decoded,51.0,,,50.0,-1.0,mapped-artifact
xiaomi,mgvi_64_armv82,thermal-hp-mgame-india.conf,devices/xiaomi/mgvi_64_armv82/thermal/thermal-hp-mgame-india.conf,thermal-engine-text,mi_thermald_aes,thermal-engine-text-v2,decoded,51.0,,,50.0,-1.0,mapped-artifact
xiaomi,mgvi_64_armv82,thermal-hp-mgame.conf,devices/xiaomi/mgvi_64_armv82/thermal/thermal-hp-mgame.conf,thermal-engine-text,mi_thermald_aes,thermal-engine-text-v2,decoded,51.0,,,50.0,-1.0,mapped-artifact
xiaomi,mgvi_64_armv82,thermal-hp-normal-gl.conf,devices/xiaomi/mgvi_64_armv82/thermal/thermal-hp-normal-gl.conf,thermal-engine-text,mi_thermald_aes,thermal-engine-text-v2,decoded,51.0,,,51.0,0.0,mapped-artifact
xiaomi,mgvi_64_armv82,thermal-hp-normal-india.conf,devices/xiaomi/mgvi_64_armv82/thermal/thermal-hp-normal-india.conf,thermal-engine-text,mi_thermald_aes,thermal-engine-text-v2,decoded,51.0,,,51.0,0.0,mapped-artifact
xiaomi,mgvi_64_armv82,thermal-hp-normal.conf,devices/xiaomi/mgvi_64_armv82/thermal/thermal-hp-normal.conf,thermal-engine-text,mi_thermald_aes,thermal-engine-text-v2,decoded,51.0,,,51.0,0.0,mapped-artifact
xiaomi,mgvi_64_armv82,thermal-huanji-gl.conf,devices/xiaomi/mgvi_64_armv82/thermal/thermal-huanji-gl.conf,thermal-engine-text,mi_thermald_aes,thermal-engine-text-v2,decoded,53.0,,,51.0,-2.0,mapped-artifact
xiaomi,mgvi_64_armv82,thermal-huanji-india.conf,devices/xiaomi/mgvi_64_armv82/thermal/thermal-huanji-india.conf,thermal-engine-text,mi_thermald_aes,thermal-engine-text-v2,decoded,53.0,,,51.0,-2.0,mapped-artifact
xiaomi,mgvi_64_armv82,thermal-huanji.conf,devices/xiaomi/mgvi_64_armv82/thermal/thermal-huanji.conf,thermal-engine-text,mi_thermald_aes,thermal-engine-text-v2,decoded,53.0,,,51.0,-2.0,mapped-artifact
xiaomi,mgvi_64_armv82,thermal-map-cn.conf,devices/xiaomi/mgvi_64_armv82/thermal/thermal-map-cn.conf,thermal-engine-text,mi_thermald_aes,thermal-engine-text-v2,decoded,,,,,,mapped-artifact
xiaomi,mgvi_64_armv82,thermal-map-gl.conf,devices/xiaomi/mgvi_64_armv82/thermal/thermal-map-gl.conf,thermal-engine-text,mi_thermald_aes,thermal-engine-text-v2,decoded,,,,,,mapped-artifact
xiaomi,mgvi_64_armv82,thermal-map-india.conf,devices/xiaomi/mgvi_64_armv82/thermal/thermal-map-india.conf,thermal-engine-text,mi_thermald_aes,thermal-engine-text-v2,decoded,,,,,,mapped-artifact
xiaomi,mgvi_64_armv82,thermal-mgame-gl.conf,devices/xiaomi/mgvi_64_armv82/thermal/thermal-mgame-gl.conf,thermal-engine-text,mi_thermald_aes,thermal-engine-text-v2,decoded,53.0,,,50.5,-2.5,mapped-artifact
xiaomi,mgvi_64_armv82,thermal-mgame-india.conf,devices/xiaomi/mgvi_64_armv82/thermal/thermal-mgame-india.conf,thermal-engine-text,mi_thermald_aes,thermal-engine-text-v2,decoded,53.0,,,50.5,-2.5,mapped-artifact
xiaomi,mgvi_64_armv82,thermal-mgame.conf,devices/xiaomi/mgvi_64_armv82/thermal/thermal-mgame.conf,thermal-engine-text,mi_thermald_aes,thermal-engine-text-v2,decoded,53.0,,,50.5,-2.5,mapped-artifact
xiaomi,mgvi_64_armv82,thermal-navigation-gl.conf,devices/xiaomi/mgvi_64_armv82/thermal/thermal-navigation-gl.conf,thermal-engine-text,mi_thermald_aes,thermal-engine-text-v2,decoded,53.0,,,51.0,-2.0,mapped-artifact
xiaomi,mgvi_64_armv82,thermal-navigation-india.conf,devices/xiaomi/mgvi_64_armv82/thermal/thermal-navigation-india.conf,thermal-engine-text,mi_thermald_aes,thermal-engine-text-v2,decoded,53.0,,,51.0,-2.0,mapped-artifact
xiaomi,mgvi_64_armv82,thermal-navigation.conf,devices/xiaomi/mgvi_64_armv82/thermal/thermal-navigation.conf,thermal-engine-text,mi_thermald_aes,thermal-engine-text-v2,decoded,53.0,,,51.0,-2.0,mapped-artifact
xiaomi,mgvi_64_armv82,thermal-nolimits-gl.conf,devices/xiaomi/mgvi_64_armv82/thermal/thermal-nolimits-gl.conf,thermal-engine-text,mi_thermald_aes,thermal-engine-text-v2,decoded,53.0,,,,,mapped-artifact
xiaomi,mgvi_64_armv82,thermal-nolimits-india.conf,devices/xiaomi/mgvi_64_armv82/thermal/thermal-nolimits-india.conf,thermal-engine-text,mi_thermald_aes,thermal-engine-text-v2,decoded,53.0,,,,,mapped-artifact
xiaomi,mgvi_64_armv82,thermal-nolimits.conf,devices/xiaomi/mgvi_64_armv82/thermal/thermal-nolimits.conf,thermal-engine-text,mi_thermald_aes,thermal-engine-text-v2,decoded,53.0,,,,,mapped-artifact
xiaomi,mgvi_64_armv82,thermal-normal-gl.conf,devices/xiaomi/mgvi_64_armv82/thermal/thermal-normal-gl.conf,thermal-engine-text,mi_thermald_aes,thermal-engine-text-v2,decoded,53.0,,,51.0,-2.0,mapped-artifact
xiaomi,mgvi_64_armv82,thermal-normal-india.conf,devices/xiaomi/mgvi_64_armv82/thermal/thermal-normal-india.conf,thermal-engine-text,mi_thermald_aes,thermal-engine-text-v2,decoded,53.0,,,51.0,-2.0,mapped-artifact
xiaomi,mgvi_64_armv82,thermal-normal.conf,devices/xiaomi/mgvi_64_armv82/thermal/thermal-normal.conf,thermal-engine-text,mi_thermald_aes,thermal-engine-text-v2,decoded,53.0,,,51.0,-2.0,mapped-artifact
xiaomi,mgvi_64_armv82,thermal-per-class0-gl.conf,devices/xiaomi/mgvi_64_armv82/thermal/thermal-per-class0-gl.conf,thermal-engine-text,mi_thermald_aes,thermal-engine-text-v2,decoded,53.0,,,51.0,-2.0,mapped-artifact
xiaomi,mgvi_64_armv82,thermal-per-class0-india.conf,devices/xiaomi/mgvi_64_armv82/thermal/thermal-per-class0-india.conf,thermal-engine-text,mi_thermald_aes,thermal-engine-text-v2,decoded,53.0,,,51.0,-2.0,mapped-artifact
xiaomi,mgvi_64_armv82,thermal-per-class0.conf,devices/xiaomi/mgvi_64_armv82/thermal/thermal-per-class0.conf,thermal-engine-text,mi_thermald_aes,thermal-engine-text-v2,decoded,53.0,,,51.0,-2.0,mapped-artifact
xiaomi,mgvi_64_armv82,thermal-per-normal-gl.conf,devices/xiaomi/mgvi_64_armv82/thermal/thermal-per-normal-gl.conf,thermal-engine-text,mi_thermald_aes,thermal-engine-text-v2,decoded,53.0,,,51.0,-2.0,mapped-artifact
xiaomi,mgvi_64_armv82,thermal-per-normal-india.conf,devices/xiaomi/mgvi_64_armv82/thermal/thermal-per-normal-india.conf,thermal-engine-text,mi_thermald_aes,thermal-engine-text-v2,decoded,53.0,,,51.0,-2.0,mapped-artifact
xiaomi,mgvi_64_armv82,thermal-per-normal.conf,devices/xiaomi/mgvi_64_armv82/thermal/thermal-per-normal.conf,thermal-engine-text,mi_thermald_aes,thermal-engine-text-v2,decoded,53.0,,,51.0,-2.0,mapped-artifact
xiaomi,mgvi_64_armv82,thermal-per-video-gl.conf,devices/xiaomi/mgvi_64_armv82/thermal/thermal-per-video-gl.conf,thermal-engine-text,mi_thermald_aes,thermal-engine-text-v2,decoded,53.0,,,50.0,-3.0,mapped-artifact
xiaomi,mgvi_64_armv82,thermal-per-video-india.conf,devices/xiaomi/mgvi_64_armv82/thermal/thermal-per-video-india.conf,thermal-engine-text,mi_thermald_aes,thermal-engine-text-v2,decoded,53.0,,,50.0,-3.0,mapped-artifact
xiaomi,mgvi_64_armv82,thermal-per-video.conf,devices/xiaomi/mgvi_64_armv82/thermal/thermal-per-video.conf,thermal-engine-text,mi_thermald_aes,thermal-engine-text-v2,decoded,53.0,,,50.0,-3.0,mapped-artifact
xiaomi,mgvi_64_armv82,thermal-phone-gl.conf,devices/xiaomi/mgvi_64_armv82/thermal/thermal-phone-gl.conf,thermal-engine-text,mi_thermald_aes,thermal-engine-text-v2,decoded,53.0,,,48.0,-5.0,mapped-artifact
xiaomi,mgvi_64_armv82,thermal-phone-india.conf,devices/xiaomi/mgvi_64_armv82/thermal/thermal-phone-india.conf,thermal-engine-text,mi_thermald_aes,thermal-engine-text-v2,decoded,53.0,,,48.0,-5.0,mapped-artifact
xiaomi,mgvi_64_armv82,thermal-phone.conf,devices/xiaomi/mgvi_64_armv82/thermal/thermal-phone.conf,thermal-engine-text,mi_thermald_aes,thermal-engine-text-v2,decoded,53.0,,,48.0,-5.0,mapped-artifact
xiaomi,mgvi_64_armv82,thermal-region-map.conf,devices/xiaomi/mgvi_64_armv82/thermal/thermal-region-map.conf,text,mi_thermald_aes,,decoded,,,,,,mapped-artifact
xiaomi,mgvi_64_armv82,thermal-tgame-gl.conf,devices/xiaomi/mgvi_64_armv82/thermal/thermal-tgame-gl.conf,thermal-engine-text,mi_thermald_aes,thermal-engine-text-v2,decoded,53.0,,,50.5,-2.5,mapped-artifact
xiaomi,mgvi_64_armv82,thermal-tgame-india.conf,devices/xiaomi/mgvi_64_armv82/thermal/thermal-tgame-india.conf,thermal-engine-text,mi_thermald_aes,thermal-engine-text-v2,decoded,53.0,,,50.5,-2.5,mapped-artifact
xiaomi,mgvi_64_armv82,thermal-tgame.conf,devices/xiaomi/mgvi_64_armv82/thermal/thermal-tgame.conf,thermal-engine-text,mi_thermald_aes,thermal-engine-text-v2,decoded,53.0,,,50.5,-2.5,mapped-artifact
xiaomi,mgvi_64_armv82,thermal-toutiao-gl.conf,devices/xiaomi/mgvi_64_armv82/thermal/thermal-toutiao-gl.conf,thermal-engine-text,mi_thermald_aes,thermal-engine-text-v2,decoded,53.0,,,51.0,-2.0,mapped-artifact
xiaomi,mgvi_64_armv82,thermal-toutiao-india.conf,devices/xiaomi/mgvi_64_armv82/thermal/thermal-toutiao-india.conf,thermal-engine-text,mi_thermald_aes,thermal-engine-text-v2,decoded,53.0,,,51.0,-2.0,mapped-artifact
xiaomi,mgvi_64_armv82,thermal-toutiao.conf,devices/xiaomi/mgvi_64_armv82/thermal/thermal-toutiao.conf,thermal-engine-text,mi_thermald_aes,thermal-engine-text-v2,decoded,53.0,,,51.0,-2.0,mapped-artifact
xiaomi,mgvi_64_armv82,thermal-video-gl.conf,devices/xiaomi/mgvi_64_armv82/thermal/thermal-video-gl.conf,thermal-engine-text,mi_thermald_aes,thermal-engine-text-v2,decoded,53.0,,,51.0,-2.0,mapped-artifact
xiaomi,mgvi_64_armv82,thermal-video-india.conf,devices/xiaomi/mgvi_64_armv82/thermal/thermal-video-india.conf,thermal-engine-text,mi_thermald_aes,thermal-engine-text-v2,decoded,53.0,,,51.0,-2.0,mapped-artifact
xiaomi,mgvi_64_armv82,thermal-video.conf,devices/xiaomi/mgvi_64_armv82/thermal/thermal-video.conf,thermal-engine-text,mi_thermald_aes,thermal-engine-text-v2,decoded,53.0,,,51.0,-2.0,mapped-artifact
xiaomi,mgvi_64_armv82,thermal-videochat-gl.conf,devices/xiaomi/mgvi_64_armv82/thermal/thermal-videochat-gl.conf,thermal-engine-text,mi_thermald_aes,thermal-engine-text-v2,decoded,51.0,,,51.0,0.0,mapped-artifact
xiaomi,mgvi_64_armv82,thermal-videochat-india.conf,devices/xiaomi/mgvi_64_armv82/thermal/thermal-videochat-india.conf,thermal-engine-text,mi_thermald_aes,thermal-engine-text-v2,decoded,51.0,,,51.0,0.0,mapped-artifact
xiaomi,mgvi_64_armv82,thermal-videochat.conf,devices/xiaomi/mgvi_64_armv82/thermal/thermal-videochat.conf,thermal-engine-text,mi_thermald_aes,thermal-engine-text-v2,decoded,53.0,,,51.0,-2.0,mapped-artifact
xiaomi,mgvi_64_armv82,thermalbreakboostconfig.xml,devices/xiaomi/mgvi_64_armv82/thermal/thermalbreakboostconfig.xml,xml,plain,,plain,,,,,,mapped-artifact
xiaomi,mgvi_64_armv82,thermald-devices.conf,devices/xiaomi/mgvi_64_armv82/thermal/thermald-devices.conf,thermal-engine-text,plain,thermal-engine-text-v2,plain,,,,,,mapped-artifact
xiaomi,mgvi_t_64_64only_isp_wifi_armv82,index.tsv,devices/xiaomi/mgvi_t_64_64only_isp_wifi_armv82/thermal/index.tsv,text,plain,,plain,,,,,,mapped-artifact
xiaomi,mgvi_t_64_64only_isp_wifi_armv82,thermal-4k.conf,devices/xiaomi/mgvi_t_64_64only_isp_wifi_armv82/thermal/thermal-4k.conf,thermal-engine-text,mi_thermald_aes,thermal-engine-text-v2,decoded,95.0,,,51.0,-44.0,mapped-artifact
xiaomi,mgvi_t_64_64only_isp_wifi_armv82,thermal-8k.conf,devices/xiaomi/mgvi_t_64_64only_isp_wifi_armv82/thermal/thermal-8k.conf,thermal-engine-text,mi_thermald_aes,thermal-engine-text-v2,decoded,95.0,,,51.0,-44.0,mapped-artifact
xiaomi,mgvi_t_64_64only_isp_wifi_armv82,thermal-arvr.conf,devices/xiaomi/mgvi_t_64_64only_isp_wifi_armv82/thermal/thermal-arvr.conf,thermal-engine-text,mi_thermald_aes,thermal-engine-text-v2,decoded,65.0,,,49.0,-16.0,mapped-artifact
xiaomi,mgvi_t_64_64only_isp_wifi_armv82,thermal-camera.conf,devices/xiaomi/mgvi_t_64_64only_isp_wifi_armv82/thermal/thermal-camera.conf,thermal-engine-text,mi_thermald_aes,thermal-engine-text-v2,decoded,95.0,,,51.0,-44.0,mapped-artifact
xiaomi,mgvi_t_64_64only_isp_wifi_armv82,thermal-cclassvideo.conf,devices/xiaomi/mgvi_t_64_64only_isp_wifi_armv82/thermal/thermal-cclassvideo.conf,thermal-engine-text,mi_thermald_aes,thermal-engine-text-v2,decoded,65.0,,,51.0,-14.0,mapped-artifact
xiaomi,mgvi_t_64_64only_isp_wifi_armv82,thermal-cgame.conf,devices/xiaomi/mgvi_t_64_64only_isp_wifi_armv82/thermal/thermal-cgame.conf,thermal-engine-text,mi_thermald_aes,thermal-engine-text-v2,decoded,65.0,,,51.0,-14.0,mapped-artifact
xiaomi,mgvi_t_64_64only_isp_wifi_armv82,thermal-chg-only.conf,devices/xiaomi/mgvi_t_64_64only_isp_wifi_armv82/thermal/thermal-chg-only.conf,thermal-engine-text,plain,thermal-engine-text-v2,plain,48.0,,,51.0,3.0,mapped-artifact
xiaomi,mgvi_t_64_64only_isp_wifi_armv82,thermal-class0.conf,devices/xiaomi/mgvi_t_64_64only_isp_wifi_armv82/thermal/thermal-class0.conf,thermal-engine-text,mi_thermald_aes,thermal-engine-text-v2,decoded,65.0,,,51.0,-14.0,mapped-artifact
xiaomi,mgvi_t_64_64only_isp_wifi_armv82,thermal-danmu.conf,devices/xiaomi/mgvi_t_64_64only_isp_wifi_armv82/thermal/thermal-danmu.conf,thermal-engine-text,mi_thermald_aes,thermal-engine-text-v2,decoded,65.0,,,51.0,-14.0,mapped-artifact
xiaomi,mgvi_t_64_64only_isp_wifi_armv82,thermal-highfps.conf,devices/xiaomi/mgvi_t_64_64only_isp_wifi_armv82/thermal/thermal-highfps.conf,thermal-engine-text,mi_thermald_aes,thermal-engine-text-v2,decoded,65.0,,,51.0,-14.0,mapped-artifact
xiaomi,mgvi_t_64_64only_isp_wifi_armv82,thermal-hp-mgame.conf,devices/xiaomi/mgvi_t_64_64only_isp_wifi_armv82/thermal/thermal-hp-mgame.conf,thermal-engine-text,mi_thermald_aes,thermal-engine-text-v2,decoded,60.0,,,50.0,-10.0,mapped-artifact
xiaomi,mgvi_t_64_64only_isp_wifi_armv82,thermal-hp-normal.conf,devices/xiaomi/mgvi_t_64_64only_isp_wifi_armv82/thermal/thermal-hp-normal.conf,thermal-engine-text,mi_thermald_aes,thermal-engine-text-v2,decoded,58.0,,,51.0,-7.0,mapped-artifact
xiaomi,mgvi_t_64_64only_isp_wifi_armv82,thermal-huanji.conf,devices/xiaomi/mgvi_t_64_64only_isp_wifi_armv82/thermal/thermal-huanji.conf,thermal-engine-text,mi_thermald_aes,thermal-engine-text-v2,decoded,65.0,,,51.0,-14.0,mapped-artifact
xiaomi,mgvi_t_64_64only_isp_wifi_armv82,thermal-map.conf,devices/xiaomi/mgvi_t_64_64only_isp_wifi_armv82/thermal/thermal-map.conf,thermal-engine-text,mi_thermald_aes,thermal-engine-text-v2,decoded,,,,,,mapped-artifact
xiaomi,mgvi_t_64_64only_isp_wifi_armv82,thermal-mgame.conf,devices/xiaomi/mgvi_t_64_64only_isp_wifi_armv82/thermal/thermal-mgame.conf,thermal-engine-text,mi_thermald_aes,thermal-engine-text-v2,decoded,65.0,,,51.0,-14.0,mapped-artifact
xiaomi,mgvi_t_64_64only_isp_wifi_armv82,thermal-navigation.conf,devices/xiaomi/mgvi_t_64_64only_isp_wifi_armv82/thermal/thermal-navigation.conf,thermal-engine-text,mi_thermald_aes,thermal-engine-text-v2,decoded,65.0,,,51.0,-14.0,mapped-artifact
xiaomi,mgvi_t_64_64only_isp_wifi_armv82,thermal-nolimits.conf,devices/xiaomi/mgvi_t_64_64only_isp_wifi_armv82/thermal/thermal-nolimits.conf,thermal-engine-text,mi_thermald_aes,thermal-engine-text-v2,decoded,65.0,,,,,mapped-artifact
xiaomi,mgvi_t_64_64only_isp_wifi_armv82,thermal-normal.conf,devices/xiaomi/mgvi_t_64_64only_isp_wifi_armv82/thermal/thermal-normal.conf,thermal-engine-text,mi_thermald_aes,thermal-engine-text-v2,decoded,65.0,,,51.0,-14.0,mapped-artifact
xiaomi,mgvi_t_64_64only_isp_wifi_armv82,thermal-per-class0.conf,devices/xiaomi/mgvi_t_64_64only_isp_wifi_armv82/thermal/thermal-per-class0.conf,thermal-engine-text,mi_thermald_aes,thermal-engine-text-v2,decoded,65.0,,,51.0,-14.0,mapped-artifact
xiaomi,mgvi_t_64_64only_isp_wifi_armv82,thermal-per-normal.conf,devices/xiaomi/mgvi_t_64_64only_isp_wifi_armv82/thermal/thermal-per-normal.conf,thermal-engine-text,mi_thermald_aes,thermal-engine-text-v2,decoded,65.0,,,51.0,-14.0,mapped-artifact
xiaomi,mgvi_t_64_64only_isp_wifi_armv82,thermal-per-video.conf,devices/xiaomi/mgvi_t_64_64only_isp_wifi_armv82/thermal/thermal-per-video.conf,thermal-engine-text,mi_thermald_aes,thermal-engine-text-v2,decoded,65.0,,,51.0,-14.0,mapped-artifact
xiaomi,mgvi_t_64_64only_isp_wifi_armv82,thermal-phone.conf,devices/xiaomi/mgvi_t_64_64only_isp_wifi_armv82/thermal/thermal-phone.conf,thermal-engine-text,mi_thermald_aes,thermal-engine-text-v2,decoded,65.0,,,51.0,-14.0,mapped-artifact
xiaomi,mgvi_t_64_64only_isp_wifi_armv82,thermal-tgame.conf,devices/xiaomi/mgvi_t_64_64only_isp_wifi_armv82/thermal/thermal-tgame.conf,thermal-engine-text,mi_thermald_aes,thermal-engine-text-v2,decoded,65.0,,,51.0,-14.0,mapped-artifact
xiaomi,mgvi_t_64_64only_isp_wifi_armv82,thermal-video.conf,devices/xiaomi/mgvi_t_64_64only_isp_wifi_armv82/thermal/thermal-video.conf,thermal-engine-text,mi_thermald_aes,thermal-engine-text-v2,decoded,65.0,,,51.0,-14.0,mapped-artifact
xiaomi,mgvi_t_64_64only_isp_wifi_armv82,thermal-videochat.conf,devices/xiaomi/mgvi_t_64_64only_isp_wifi_armv82/thermal/thermal-videochat.conf,thermal-engine-text,mi_thermald_aes,thermal-engine-text-v2,decoded,65.0,,,51.0,-14.0,mapped-artifact
xiaomi,mgvi_t_64_64only_isp_wifi_armv82,thermal-xingtie.conf,devices/xiaomi/mgvi_t_64_64only_isp_wifi_armv82/thermal/thermal-xingtie.conf,thermal-engine-text,mi_thermald_aes,thermal-engine-text-v2,decoded,65.0,,,51.0,-14.0,mapped-artifact
xiaomi,mgvi_t_64_64only_isp_wifi_armv82,thermal-yuanshen.conf,devices/xiaomi/mgvi_t_64_64only_isp_wifi_armv82/thermal/thermal-yuanshen.conf,thermal-engine-text,mi_thermald_aes,thermal-engine-text-v2,decoded,65.0,,,51.0,-14.0,mapped-artifact
xiaomi,mgvi_t_64_64only_isp_wifi_armv82,thermalbreakboostconfig.xml,devices/xiaomi/mgvi_t_64_64only_isp_wifi_armv82/thermal/thermalbreakboostconfig.xml,xml,plain,,plain,,,,,,mapped-artifact
xiaomi,mgvi_t_64_64only_isp_wifi_armv82,thermald-devices.conf,devices/xiaomi/mgvi_t_64_64only_isp_wifi_armv82/thermal/thermald-devices.conf,thermal-engine-text,plain,thermal-engine-text-v2,plain,,,,,,mapped-artifact
xiaomi,mido,index.tsv,devices/xiaomi/mido/thermal/index.tsv,text,plain,,plain,,,,,,mapped-artifact
xiaomi,mido,thermal-engine.conf,devices/xiaomi/mido/thermal/thermal-engine.conf,thermal-engine-text,plain,thermal-engine-text-v2,plain,70.0,,,,,mapped-artifact
xiaomi,mihal,index.tsv,devices/xiaomi/mihal/thermal/index.tsv,text,plain,,plain,,,,,,mapped-artifact
xiaomi,mihal,thermal-4k.conf,devices/xiaomi/mihal/thermal/thermal-4k.conf,thermal-engine-text,mi_thermald_aes,thermal-engine-text-v2,decoded,60.0,,,51.0,-9.0,mapped-artifact
xiaomi,mihal,thermal-camera.conf,devices/xiaomi/mihal/thermal/thermal-camera.conf,thermal-engine-text,mi_thermald_aes,thermal-engine-text-v2,decoded,60.0,,,51.0,-9.0,mapped-artifact
xiaomi,mihal,thermal-chg-only.conf,devices/xiaomi/mihal/thermal/thermal-chg-only.conf,thermal-engine-text,plain,thermal-engine-text-v2,plain,60.0,,,51.0,-9.0,mapped-artifact
xiaomi,mihal,thermal-class0.conf,devices/xiaomi/mihal/thermal/thermal-class0.conf,thermal-engine-text,mi_thermald_aes,thermal-engine-text-v2,decoded,60.0,,,52.0,-8.0,mapped-artifact
xiaomi,mihal,thermal-global-4k.conf,devices/xiaomi/mihal/thermal/thermal-global-4k.conf,thermal-engine-text,mi_thermald_aes,thermal-engine-text-v2,decoded,60.0,,,51.0,-9.0,mapped-artifact
xiaomi,mihal,thermal-global-camera.conf,devices/xiaomi/mihal/thermal/thermal-global-camera.conf,thermal-engine-text,mi_thermald_aes,thermal-engine-text-v2,decoded,60.0,,,51.0,-9.0,mapped-artifact
xiaomi,mihal,thermal-global-class0.conf,devices/xiaomi/mihal/thermal/thermal-global-class0.conf,thermal-engine-text,mi_thermald_aes,thermal-engine-text-v2,decoded,60.0,,,52.0,-8.0,mapped-artifact
xiaomi,mihal,thermal-global-huanji.conf,devices/xiaomi/mihal/thermal/thermal-global-huanji.conf,thermal-engine-text,mi_thermald_aes,thermal-engine-text-v2,decoded,60.0,,,51.0,-9.0,mapped-artifact
xiaomi,mihal,thermal-global-mgame.conf,devices/xiaomi/mihal/thermal/thermal-global-mgame.conf,thermal-engine-text,mi_thermald_aes,thermal-engine-text-v2,decoded,60.0,,,51.0,-9.0,mapped-artifact
xiaomi,mihal,thermal-global-navigation.conf,devices/xiaomi/mihal/thermal/thermal-global-navigation.conf,thermal-engine-text,mi_thermald_aes,thermal-engine-text-v2,decoded,60.0,,,51.0,-9.0,mapped-artifact
xiaomi,mihal,thermal-global-nolimits.conf,devices/xiaomi/mihal/thermal/thermal-global-nolimits.conf,thermal-engine-text,mi_thermald_aes,thermal-engine-text-v2,decoded,60.0,,,19.0,-41.0,mapped-artifact
xiaomi,mihal,thermal-global-normal.conf,devices/xiaomi/mihal/thermal/thermal-global-normal.conf,thermal-engine-text,mi_thermald_aes,thermal-engine-text-v2,decoded,60.0,,,52.0,-8.0,mapped-artifact
xiaomi,mihal,thermal-global-per-camera.conf,devices/xiaomi/mihal/thermal/thermal-global-per-camera.conf,thermal-engine-text,mi_thermald_aes,thermal-engine-text-v2,decoded,60.0,,,51.0,-9.0,mapped-artifact
xiaomi,mihal,thermal-global-per-class0.conf,devices/xiaomi/mihal/thermal/thermal-global-per-class0.conf,thermal-engine-text,mi_thermald_aes,thermal-engine-text-v2,decoded,60.0,,,52.0,-8.0,mapped-artifact
xiaomi,mihal,thermal-global-per-navigation.conf,devices/xiaomi/mihal/thermal/thermal-global-per-navigation.conf,thermal-engine-text,mi_thermald_aes,thermal-engine-text-v2,decoded,60.0,,,51.0,-9.0,mapped-artifact
xiaomi,mihal,thermal-global-per-normal.conf,devices/xiaomi/mihal/thermal/thermal-global-per-normal.conf,thermal-engine-text,mi_thermald_aes,thermal-engine-text-v2,decoded,60.0,,,52.0,-8.0,mapped-artifact
xiaomi,mihal,thermal-global-per-video.conf,devices/xiaomi/mihal/thermal/thermal-global-per-video.conf,thermal-engine-text,mi_thermald_aes,thermal-engine-text-v2,decoded,60.0,,,52.0,-8.0,mapped-artifact
xiaomi,mihal,thermal-global-phone.conf,devices/xiaomi/mihal/thermal/thermal-global-phone.conf,thermal-engine-text,mi_thermald_aes,thermal-engine-text-v2,decoded,60.0,,,51.0,-9.0,mapped-artifact
xiaomi,mihal,thermal-global-tgame.conf,devices/xiaomi/mihal/thermal/thermal-global-tgame.conf,thermal-engine-text,mi_thermald_aes,thermal-engine-text-v2,decoded,60.0,,,52.0,-8.0,mapped-artifact
xiaomi,mihal,thermal-global-video.conf,devices/xiaomi/mihal/thermal/thermal-global-video.conf,thermal-engine-text,mi_thermald_aes,thermal-engine-text-v2,decoded,60.0,,,52.0,-8.0,mapped-artifact
xiaomi,mihal,thermal-global-videochat.conf,devices/xiaomi/mihal/thermal/thermal-global-videochat.conf,thermal-engine-text,mi_thermald_aes,thermal-engine-text-v2,decoded,60.0,,,51.0,-9.0,mapped-artifact
xiaomi,mihal,thermal-hp-mgame.conf,devices/xiaomi/mihal/thermal/thermal-hp-mgame.conf,thermal-engine-text,mi_thermald_aes,thermal-engine-text-v2,decoded,60.0,,,51.0,-9.0,mapped-artifact
xiaomi,mihal,thermal-hp-normal.conf,devices/xiaomi/mihal/thermal/thermal-hp-normal.conf,thermal-engine-text,mi_thermald_aes,thermal-engine-text-v2,decoded,60.0,,,52.0,-8.0,mapped-artifact
xiaomi,mihal,thermal-huanji.conf,devices/xiaomi/mihal/thermal/thermal-huanji.conf,thermal-engine-text,mi_thermald_aes,thermal-engine-text-v2,decoded,60.0,,,51.0,-9.0,mapped-artifact
xiaomi,mihal,thermal-india-4k.conf,devices/xiaomi/mihal/thermal/thermal-india-4k.conf,thermal-engine-text,mi_thermald_aes,thermal-engine-text-v2,decoded,60.0,,,51.0,-9.0,mapped-artifact
xiaomi,mihal,thermal-india-camera.conf,devices/xiaomi/mihal/thermal/thermal-india-camera.conf,thermal-engine-text,mi_thermald_aes,thermal-engine-text-v2,decoded,60.0,,,51.0,-9.0,mapped-artifact
xiaomi,mihal,thermal-india-class0.conf,devices/xiaomi/mihal/thermal/thermal-india-class0.conf,thermal-engine-text,mi_thermald_aes,thermal-engine-text-v2,decoded,60.0,,,52.0,-8.0,mapped-artifact
xiaomi,mihal,thermal-india-huanji.conf,devices/xiaomi/mihal/thermal/thermal-india-huanji.conf,thermal-engine-text,mi_thermald_aes,thermal-engine-text-v2,decoded,60.0,,,46.0,-14.0,mapped-artifact
xiaomi,mihal,thermal-india-mgame.conf,devices/xiaomi/mihal/thermal/thermal-india-mgame.conf,thermal-engine-text,mi_thermald_aes,thermal-engine-text-v2,decoded,60.0,,,49.0,-11.0,mapped-artifact
xiaomi,mihal,thermal-india-navigation.conf,devices/xiaomi/mihal/thermal/thermal-india-navigation.conf,thermal-engine-text,mi_thermald_aes,thermal-engine-text-v2,decoded,60.0,,,50.0,-10.0,mapped-artifact
xiaomi,mihal,thermal-india-nolimits.conf,devices/xiaomi/mihal/thermal/thermal-india-nolimits.conf,thermal-engine-text,mi_thermald_aes,thermal-engine-text-v2,decoded,60.0,,,19.0,-41.0,mapped-artifact
xiaomi,mihal,thermal-india-normal.conf,devices/xiaomi/mihal/thermal/thermal-india-normal.conf,thermal-engine-text,mi_thermald_aes,thermal-engine-text-v2,decoded,60.0,,,52.0,-8.0,mapped-artifact
xiaomi,mihal,thermal-india-per-camera.conf,devices/xiaomi/mihal/thermal/thermal-india-per-camera.conf,thermal-engine-text,mi_thermald_aes,thermal-engine-text-v2,decoded,60.0,,,51.0,-9.0,mapped-artifact
xiaomi,mihal,thermal-india-per-class0.conf,devices/xiaomi/mihal/thermal/thermal-india-per-class0.conf,thermal-engine-text,mi_thermald_aes,thermal-engine-text-v2,decoded,60.0,,,52.0,-8.0,mapped-artifact
xiaomi,mihal,thermal-india-per-navigation.conf,devices/xiaomi/mihal/thermal/thermal-india-per-navigation.conf,thermal-engine-text,mi_thermald_aes,thermal-engine-text-v2,decoded,60.0,,,50.0,-10.0,mapped-artifact
xiaomi,mihal,thermal-india-per-normal.conf,devices/xiaomi/mihal/thermal/thermal-india-per-normal.conf,thermal-engine-text,mi_thermald_aes,thermal-engine-text-v2,decoded,60.0,,,52.0,-8.0,mapped-artifact
xiaomi,mihal,thermal-india-per-video.conf,devices/xiaomi/mihal/thermal/thermal-india-per-video.conf,thermal-engine-text,mi_thermald_aes,thermal-engine-text-v2,decoded,60.0,,,52.0,-8.0,mapped-artifact
xiaomi,mihal,thermal-india-phone.conf,devices/xiaomi/mihal/thermal/thermal-india-phone.conf,thermal-engine-text,mi_thermald_aes,thermal-engine-text-v2,decoded,60.0,,,49.0,-11.0,mapped-artifact
xiaomi,mihal,thermal-india-tgame.conf,devices/xiaomi/mihal/thermal/thermal-india-tgame.conf,thermal-engine-text,mi_thermald_aes,thermal-engine-text-v2,decoded,60.0,,,52.0,-8.0,mapped-artifact
xiaomi,mihal,thermal-india-video.conf,devices/xiaomi/mihal/thermal/thermal-india-video.conf,thermal-engine-text,mi_thermald_aes,thermal-engine-text-v2,decoded,60.0,,,52.0,-8.0,mapped-artifact
xiaomi,mihal,thermal-india-videochat.conf,devices/xiaomi/mihal/thermal/thermal-india-videochat.conf,thermal-engine-text,mi_thermald_aes,thermal-engine-text-v2,decoded,60.0,,,,,mapped-artifact
xiaomi,mihal,thermal-l16u-4k.conf,devices/xiaomi/mihal/thermal/thermal-l16u-4k.conf,thermal-engine-text,mi_thermald_aes,thermal-engine-text-v2,decoded,60.0,,,51.0,-9.0,mapped-artifact
xiaomi,mihal,thermal-l16u-camera.conf,devices/xiaomi/mihal/thermal/thermal-l16u-camera.conf,thermal-engine-text,mi_thermald_aes,thermal-engine-text-v2,decoded,60.0,,,51.0,-9.0,mapped-artifact
xiaomi,mihal,thermal-l16u-class0.conf,devices/xiaomi/mihal/thermal/thermal-l16u-class0.conf,thermal-engine-text,mi_thermald_aes,thermal-engine-text-v2,decoded,60.0,,,52.0,-8.0,mapped-artifact
xiaomi,mihal,thermal-l16u-huanji.conf,devices/xiaomi/mihal/thermal/thermal-l16u-huanji.conf,thermal-engine-text,mi_thermald_aes,thermal-engine-text-v2,decoded,60.0,,,51.0,-9.0,mapped-artifact
xiaomi,mihal,thermal-l16u-mgame.conf,devices/xiaomi/mihal/thermal/thermal-l16u-mgame.conf,thermal-engine-text,mi_thermald_aes,thermal-engine-text-v2,decoded,60.0,,,51.0,-9.0,mapped-artifact
xiaomi,mihal,thermal-l16u-navigation.conf,devices/xiaomi/mihal/thermal/thermal-l16u-navigation.conf,thermal-engine-text,mi_thermald_aes,thermal-engine-text-v2,decoded,60.0,,,51.0,-9.0,mapped-artifact
xiaomi,mihal,thermal-l16u-nolimits.conf,devices/xiaomi/mihal/thermal/thermal-l16u-nolimits.conf,thermal-engine-text,mi_thermald_aes,thermal-engine-text-v2,decoded,60.0,,,19.0,-41.0,mapped-artifact
xiaomi,mihal,thermal-l16u-normal.conf,devices/xiaomi/mihal/thermal/thermal-l16u-normal.conf,thermal-engine-text,mi_thermald_aes,thermal-engine-text-v2,decoded,60.0,,,52.0,-8.0,mapped-artifact
xiaomi,mihal,thermal-l16u-per-camera.conf,devices/xiaomi/mihal/thermal/thermal-l16u-per-camera.conf,thermal-engine-text,mi_thermald_aes,thermal-engine-text-v2,decoded,60.0,,,52.0,-8.0,mapped-artifact
xiaomi,mihal,thermal-l16u-per-class0.conf,devices/xiaomi/mihal/thermal/thermal-l16u-per-class0.conf,thermal-engine-text,mi_thermald_aes,thermal-engine-text-v2,decoded,60.0,,,52.0,-8.0,mapped-artifact
xiaomi,mihal,thermal-l16u-per-huanji.conf,devices/xiaomi/mihal/thermal/thermal-l16u-per-huanji.conf,thermal-engine-text,mi_thermald_aes,thermal-engine-text-v2,decoded,60.0,,,51.0,-9.0,mapped-artifact
xiaomi,mihal,thermal-l16u-per-navigation.conf,devices/xiaomi/mihal/thermal/thermal-l16u-per-navigation.conf,thermal-engine-text,mi_thermald_aes,thermal-engine-text-v2,decoded,60.0,,,51.0,-9.0,mapped-artifact
xiaomi,mihal,thermal-l16u-per-normal.conf,devices/xiaomi/mihal/thermal/thermal-l16u-per-normal.conf,thermal-engine-text,mi_thermald_aes,thermal-engine-text-v2,decoded,60.0,,,52.0,-8.0,mapped-artifact
xiaomi,mihal,thermal-l16u-per-video.conf,devices/xiaomi/mihal/thermal/thermal-l16u-per-video.conf,thermal-engine-text,mi_thermald_aes,thermal-engine-text-v2,decoded,60.0,,,52.0,-8.0,mapped-artifact
xiaomi,mihal,thermal-l16u-phone.conf,devices/xiaomi/mihal/thermal/thermal-l16u-phone.conf,thermal-engine-text,mi_thermald_aes,thermal-engine-text-v2,decoded,60.0,,,51.0,-9.0,mapped-artifact
xiaomi,mihal,thermal-l16u-tgame.conf,devices/xiaomi/mihal/thermal/thermal-l16u-tgame.conf,thermal-engine-text,mi_thermald_aes,thermal-engine-text-v2,decoded,60.0,,,52.0,-8.0,mapped-artifact
xiaomi,mihal,thermal-l16u-video.conf,devices/xiaomi/mihal/thermal/thermal-l16u-video.conf,thermal-engine-text,mi_thermald_aes,thermal-engine-text-v2,decoded,60.0,,,52.0,-8.0,mapped-artifact
xiaomi,mihal,thermal-l16u-videochat.conf,devices/xiaomi/mihal/thermal/thermal-l16u-videochat.conf,thermal-engine-text,mi_thermald_aes,thermal-engine-text-v2,decoded,60.0,,,51.0,-9.0,mapped-artifact
xiaomi,mihal,thermal-map-global.conf,devices/xiaomi/mihal/thermal/thermal-map-global.conf,thermal-engine-text,mi_thermald_aes,thermal-engine-text-v2,decoded,,,,,,mapped-artifact
xiaomi,mihal,thermal-map-india.conf,devices/xiaomi/mihal/thermal/thermal-map-india.conf,thermal-engine-text,mi_thermald_aes,thermal-engine-text-v2,decoded,,,,,,mapped-artifact
xiaomi,mihal,thermal-map-l16u-cn.conf,devices/xiaomi/mihal/thermal/thermal-map-l16u-cn.conf,thermal-engine-text,mi_thermald_aes,thermal-engine-text-v2,decoded,,,,,,mapped-artifact
xiaomi,mihal,thermal-map.conf,devices/xiaomi/mihal/thermal/thermal-map.conf,thermal-engine-text,mi_thermald_aes,thermal-engine-text-v2,decoded,,,,,,mapped-artifact
xiaomi,mihal,thermal-mgame.conf,devices/xiaomi/mihal/thermal/thermal-mgame.conf,thermal-engine-text,mi_thermald_aes,thermal-engine-text-v2,decoded,60.0,,,51.0,-9.0,mapped-artifact
xiaomi,mihal,thermal-navigation.conf,devices/xiaomi/mihal/thermal/thermal-navigation.conf,thermal-engine-text,mi_thermald_aes,thermal-engine-text-v2,decoded,60.0,,,52.0,-8.0,mapped-artifact
xiaomi,mihal,thermal-nolimits.conf,devices/xiaomi/mihal/thermal/thermal-nolimits.conf,thermal-engine-text,mi_thermald_aes,thermal-engine-text-v2,decoded,60.0,,,19.0,-41.0,mapped-artifact
xiaomi,mihal,thermal-normal.conf,devices/xiaomi/mihal/thermal/thermal-normal.conf,thermal-engine-text,mi_thermald_aes,thermal-engine-text-v2,decoded,60.0,,,52.0,-8.0,mapped-artifact
xiaomi,mihal,thermal-per-camera.conf,devices/xiaomi/mihal/thermal/thermal-per-camera.conf,thermal-engine-text,mi_thermald_aes,thermal-engine-text-v2,decoded,60.0,,,51.0,-9.0,mapped-artifact
xiaomi,mihal,thermal-per-class0.conf,devices/xiaomi/mihal/thermal/thermal-per-class0.conf,thermal-engine-text,mi_thermald_aes,thermal-engine-text-v2,decoded,60.0,,,52.0,-8.0,mapped-artifact
xiaomi,mihal,thermal-per-huanji.conf,devices/xiaomi/mihal/thermal/thermal-per-huanji.conf,thermal-engine-text,mi_thermald_aes,thermal-engine-text-v2,decoded,60.0,,,51.0,-9.0,mapped-artifact
xiaomi,mihal,thermal-per-navigation.conf,devices/xiaomi/mihal/thermal/thermal-per-navigation.conf,thermal-engine-text,mi_thermald_aes,thermal-engine-text-v2,decoded,60.0,,,52.0,-8.0,mapped-artifact
xiaomi,mihal,thermal-per-normal.conf,devices/xiaomi/mihal/thermal/thermal-per-normal.conf,thermal-engine-text,mi_thermald_aes,thermal-engine-text-v2,decoded,60.0,,,52.0,-8.0,mapped-artifact
xiaomi,mihal,thermal-per-video.conf,devices/xiaomi/mihal/thermal/thermal-per-video.conf,thermal-engine-text,mi_thermald_aes,thermal-engine-text-v2,decoded,60.0,,,52.0,-8.0,mapped-artifact
xiaomi,mihal,thermal-phone.conf,devices/xiaomi/mihal/thermal/thermal-phone.conf,thermal-engine-text,mi_thermald_aes,thermal-engine-text-v2,decoded,60.0,,,52.0,-8.0,mapped-artifact
xiaomi,mihal,thermal-region-map.conf,devices/xiaomi/mihal/thermal/thermal-region-map.conf,text,mi_thermald_aes,,decoded,,,,,,mapped-artifact
xiaomi,mihal,thermal-tgame.conf,devices/xiaomi/mihal/thermal/thermal-tgame.conf,thermal-engine-text,mi_thermald_aes,thermal-engine-text-v2,decoded,60.0,,,52.0,-8.0,mapped-artifact
xiaomi,mihal,thermal-video.conf,devices/xiaomi/mihal/thermal/thermal-video.conf,thermal-engine-text,mi_thermald_aes,thermal-engine-text-v2,decoded,60.0,,,52.0,-8.0,mapped-artifact
xiaomi,mihal,thermal-videochat.conf,devices/xiaomi/mihal/thermal/thermal-videochat.conf,thermal-engine-text,mi_thermald_aes,thermal-engine-text-v2,decoded,60.0,,,51.0,-9.0,mapped-artifact
xiaomi,mihal,thermalbreakboostconfig.xml,devices/xiaomi/mihal/thermal/thermalbreakboostconfig.xml,xml,plain,,plain,,,,,,mapped-artifact
xiaomi,mihal,thermald-devices.conf,devices/xiaomi/mihal/thermal/thermald-devices.conf,thermal-engine-text,plain,thermal-engine-text-v2,plain,,,,,,mapped-artifact
xiaomi,miproduct,index.tsv,devices/xiaomi/miproduct/thermal/index.tsv,text,plain,,plain,,,,,,mapped-artifact
xiaomi,miproduct,thermal-arvr.conf,devices/xiaomi/miproduct/thermal/thermal-arvr.conf,thermal-engine-text,mi_thermald_aes,thermal-engine-text-v2,decoded,53.0,,,51.0,-2.0,mapped-artifact
xiaomi,miproduct,thermal-camera.conf,devices/xiaomi/miproduct/thermal/thermal-camera.conf,thermal-engine-text,mi_thermald_aes,thermal-engine-text-v2,decoded,53.0,,,52.0,-1.0,mapped-artifact
xiaomi,miproduct,thermal-cclassvideo.conf,devices/xiaomi/miproduct/thermal/thermal-cclassvideo.conf,thermal-engine-text,mi_thermald_aes,thermal-engine-text-v2,decoded,53.0,,,52.0,-1.0,mapped-artifact
xiaomi,miproduct,thermal-cgame.conf,devices/xiaomi/miproduct/thermal/thermal-cgame.conf,thermal-engine-text,mi_thermald_aes,thermal-engine-text-v2,decoded,53.0,,,51.0,-2.0,mapped-artifact
xiaomi,miproduct,thermal-chg-only.conf,devices/xiaomi/miproduct/thermal/thermal-chg-only.conf,thermal-engine-text,plain,thermal-engine-text-v2,plain,49.0,,,52.0,3.0,mapped-artifact
xiaomi,miproduct,thermal-class0.conf,devices/xiaomi/miproduct/thermal/thermal-class0.conf,thermal-engine-text,mi_thermald_aes,thermal-engine-text-v2,decoded,53.0,,,52.0,-1.0,mapped-artifact
xiaomi,miproduct,thermal-hp-mgame.conf,devices/xiaomi/miproduct/thermal/thermal-hp-mgame.conf,thermal-engine-text,mi_thermald_aes,thermal-engine-text-v2,decoded,51.0,,,51.0,0.0,mapped-artifact
xiaomi,miproduct,thermal-hp-normal.conf,devices/xiaomi/miproduct/thermal/thermal-hp-normal.conf,thermal-engine-text,mi_thermald_aes,thermal-engine-text-v2,decoded,51.0,,,51.0,0.0,mapped-artifact
xiaomi,miproduct,thermal-huanji.conf,devices/xiaomi/miproduct/thermal/thermal-huanji.conf,thermal-engine-text,mi_thermald_aes,thermal-engine-text-v2,decoded,53.0,,,52.0,-1.0,mapped-artifact
xiaomi,miproduct,thermal-in-arvr.conf,devices/xiaomi/miproduct/thermal/thermal-in-arvr.conf,thermal-engine-text,mi_thermald_aes,thermal-engine-text-v2,decoded,53.0,,,51.0,-2.0,mapped-artifact
xiaomi,miproduct,thermal-in-camera.conf,devices/xiaomi/miproduct/thermal/thermal-in-camera.conf,thermal-engine-text,mi_thermald_aes,thermal-engine-text-v2,decoded,53.0,,,52.0,-1.0,mapped-artifact
xiaomi,miproduct,thermal-in-cclassvideo.conf,devices/xiaomi/miproduct/thermal/thermal-in-cclassvideo.conf,thermal-engine-text,mi_thermald_aes,thermal-engine-text-v2,decoded,53.0,,,52.0,-1.0,mapped-artifact
xiaomi,miproduct,thermal-in-cgame.conf,devices/xiaomi/miproduct/thermal/thermal-in-cgame.conf,thermal-engine-text,mi_thermald_aes,thermal-engine-text-v2,decoded,53.0,,,51.0,-2.0,mapped-artifact
xiaomi,miproduct,thermal-in-chg-only.conf,devices/xiaomi/miproduct/thermal/thermal-in-chg-only.conf,thermal-engine-text,plain,thermal-engine-text-v2,plain,49.0,,,52.0,3.0,mapped-artifact
xiaomi,miproduct,thermal-in-class0.conf,devices/xiaomi/miproduct/thermal/thermal-in-class0.conf,thermal-engine-text,mi_thermald_aes,thermal-engine-text-v2,decoded,53.0,,,52.0,-1.0,mapped-artifact
xiaomi,miproduct,thermal-in-hp-mgame.conf,devices/xiaomi/miproduct/thermal/thermal-in-hp-mgame.conf,thermal-engine-text,mi_thermald_aes,thermal-engine-text-v2,decoded,51.0,,,51.0,0.0,mapped-artifact
xiaomi,miproduct,thermal-in-hp-normal.conf,devices/xiaomi/miproduct/thermal/thermal-in-hp-normal.conf,thermal-engine-text,mi_thermald_aes,thermal-engine-text-v2,decoded,51.0,,,51.0,0.0,mapped-artifact
xiaomi,miproduct,thermal-in-huanji.conf,devices/xiaomi/miproduct/thermal/thermal-in-huanji.conf,thermal-engine-text,mi_thermald_aes,thermal-engine-text-v2,decoded,53.0,,,52.0,-1.0,mapped-artifact
xiaomi,miproduct,thermal-in-mgame.conf,devices/xiaomi/miproduct/thermal/thermal-in-mgame.conf,thermal-engine-text,mi_thermald_aes,thermal-engine-text-v2,decoded,53.0,,,50.0,-3.0,mapped-artifact
xiaomi,miproduct,thermal-in-navigation.conf,devices/xiaomi/miproduct/thermal/thermal-in-navigation.conf,thermal-engine-text,mi_thermald_aes,thermal-engine-text-v2,decoded,53.0,,,49.0,-4.0,mapped-artifact
xiaomi,miproduct,thermal-in-nolimits.conf,devices/xiaomi/miproduct/thermal/thermal-in-nolimits.conf,thermal-engine-text,mi_thermald_aes,thermal-engine-text-v2,decoded,53.0,,,,,mapped-artifact
xiaomi,miproduct,thermal-in-normal.conf,devices/xiaomi/miproduct/thermal/thermal-in-normal.conf,thermal-engine-text,mi_thermald_aes,thermal-engine-text-v2,decoded,53.0,,,52.0,-1.0,mapped-artifact
xiaomi,miproduct,thermal-in-phone.conf,devices/xiaomi/miproduct/thermal/thermal-in-phone.conf,thermal-engine-text,mi_thermald_aes,thermal-engine-text-v2,decoded,53.0,,,52.0,-1.0,mapped-artifact
xiaomi,miproduct,thermal-in-tgame.conf,devices/xiaomi/miproduct/thermal/thermal-in-tgame.conf,thermal-engine-text,mi_thermald_aes,thermal-engine-text-v2,decoded,53.0,,,50.0,-3.0,mapped-artifact
xiaomi,miproduct,thermal-in-video.conf,devices/xiaomi/miproduct/thermal/thermal-in-video.conf,thermal-engine-text,mi_thermald_aes,thermal-engine-text-v2,decoded,53.0,,,52.0,-1.0,mapped-artifact
xiaomi,miproduct,thermal-in-videochat.conf,devices/xiaomi/miproduct/thermal/thermal-in-videochat.conf,thermal-engine-text,mi_thermald_aes,thermal-engine-text-v2,decoded,53.0,,,52.0,-1.0,mapped-artifact
xiaomi,miproduct,thermal-livestream.conf,devices/xiaomi/miproduct/thermal/thermal-livestream.conf,thermal-engine-text,mi_thermald_aes,thermal-engine-text-v2,decoded,53.0,,,51.0,-2.0,mapped-artifact
xiaomi,miproduct,thermal-map-india.conf,devices/xiaomi/miproduct/thermal/thermal-map-india.conf,thermal-engine-text,mi_thermald_aes,thermal-engine-text-v2,decoded,,,,,,mapped-artifact
xiaomi,miproduct,thermal-map.conf,devices/xiaomi/miproduct/thermal/thermal-map.conf,thermal-engine-text,mi_thermald_aes,thermal-engine-text-v2,decoded,,,,,,mapped-artifact
xiaomi,miproduct,thermal-mgame.conf,devices/xiaomi/miproduct/thermal/thermal-mgame.conf,thermal-engine-text,mi_thermald_aes,thermal-engine-text-v2,decoded,53.0,,,51.0,-2.0,mapped-artifact
xiaomi,miproduct,thermal-navigation.conf,devices/xiaomi/miproduct/thermal/thermal-navigation.conf,thermal-engine-text,mi_thermald_aes,thermal-engine-text-v2,decoded,53.0,,,49.0,-4.0,mapped-artifact
xiaomi,miproduct,thermal-nolimits.conf,devices/xiaomi/miproduct/thermal/thermal-nolimits.conf,thermal-engine-text,mi_thermald_aes,thermal-engine-text-v2,decoded,53.0,,,,,mapped-artifact
xiaomi,miproduct,thermal-normal.conf,devices/xiaomi/miproduct/thermal/thermal-normal.conf,thermal-engine-text,mi_thermald_aes,thermal-engine-text-v2,decoded,53.0,,,52.0,-1.0,mapped-artifact
xiaomi,miproduct,thermal-phone.conf,devices/xiaomi/miproduct/thermal/thermal-phone.conf,thermal-engine-text,mi_thermald_aes,thermal-engine-text-v2,decoded,53.0,,,52.0,-1.0,mapped-artifact
xiaomi,miproduct,thermal-region-map.conf,devices/xiaomi/miproduct/thermal/thermal-region-map.conf,text,mi_thermald_aes,,decoded,,,,,,mapped-artifact
xiaomi,miproduct,thermal-tgame.conf,devices/xiaomi/miproduct/thermal/thermal-tgame.conf,thermal-engine-text,mi_thermald_aes,thermal-engine-text-v2,decoded,53.0,,,51.0,-2.0,mapped-artifact
xiaomi,miproduct,thermal-video.conf,devices/xiaomi/miproduct/thermal/thermal-video.conf,thermal-engine-text,mi_thermald_aes,thermal-engine-text-v2,decoded,53.0,,,52.0,-1.0,mapped-artifact
xiaomi,miproduct,thermal-videochat.conf,devices/xiaomi/miproduct/thermal/thermal-videochat.conf,thermal-engine-text,mi_thermald_aes,thermal-engine-text-v2,decoded,53.0,,,52.0,-1.0,mapped-artifact
xiaomi,miproduct,thermald-devices.conf,devices/xiaomi/miproduct/thermal/thermald-devices.conf,thermal-engine-text,plain,thermal-engine-text-v2,plain,,,,,,mapped-artifact
xiaomi,missi,index.tsv,devices/xiaomi/missi/thermal/index.tsv,text,plain,,plain,,,,,,mapped-artifact
xiaomi,missi,thermal.conf,devices/xiaomi/missi/thermal/thermal.conf,opaque-binary,unknown,,opaque,,,,,,mapped-artifact
xiaomi,mivendor,index.tsv,devices/xiaomi/mivendor/thermal/index.tsv,text,plain,,plain,,,,,,mapped-artifact
xiaomi,mivendor,thermal-4k.conf,devices/xiaomi/mivendor/thermal/thermal-4k.conf,thermal-engine-text,mi_thermald_aes,thermal-engine-text-v2,decoded,95.0,,,52.0,-43.0,mapped-artifact
xiaomi,mivendor,thermal-arvr.conf,devices/xiaomi/mivendor/thermal/thermal-arvr.conf,thermal-engine-text,mi_thermald_aes,thermal-engine-text-v2,decoded,65.0,,,50.0,-15.0,mapped-artifact
xiaomi,mivendor,thermal-boost.conf,devices/xiaomi/mivendor/thermal/thermal-boost.conf,opaque-binary,unknown,,opaque,,,,,,mapped-artifact
xiaomi,mivendor,thermal-camera.conf,devices/xiaomi/mivendor/thermal/thermal-camera.conf,thermal-engine-text,mi_thermald_aes,thermal-engine-text-v2,decoded,95.0,,,52.0,-43.0,mapped-artifact
xiaomi,mivendor,thermal-cclassvideo.conf,devices/xiaomi/mivendor/thermal/thermal-cclassvideo.conf,thermal-engine-text,mi_thermald_aes,thermal-engine-text-v2,decoded,65.0,,,52.0,-13.0,mapped-artifact
xiaomi,mivendor,thermal-cgame.conf,devices/xiaomi/mivendor/thermal/thermal-cgame.conf,thermal-engine-text,mi_thermald_aes,thermal-engine-text-v2,decoded,65.0,,,52.0,-13.0,mapped-artifact
xiaomi,mivendor,thermal-charge.conf,devices/xiaomi/mivendor/thermal/thermal-charge.conf,thermal-engine-text,mi_thermald_aes,thermal-engine-text-v2,decoded,99.0,,,52.0,-47.0,mapped-artifact
xiaomi,mivendor,thermal-chg-only.conf,devices/xiaomi/mivendor/thermal/thermal-chg-only.conf,thermal-engine-text,plain,thermal-engine-text-v2,plain,53.0,,,52.0,-1.0,mapped-artifact
xiaomi,mivendor,thermal-class0.conf,devices/xiaomi/mivendor/thermal/thermal-class0.conf,thermal-engine-text,mi_thermald_aes,thermal-engine-text-v2,decoded,65.0,,,52.0,-13.0,mapped-artifact
xiaomi,mivendor,thermal-danmu.conf,devices/xiaomi/mivendor/thermal/thermal-danmu.conf,thermal-engine-text,mi_thermald_aes,thermal-engine-text-v2,decoded,65.0,,,52.0,-13.0,mapped-artifact
xiaomi,mivendor,thermal-engine.conf,devices/xiaomi/mivendor/thermal/thermal-engine.conf,text,plain,,plain,,,,,,mapped-artifact
xiaomi,mivendor,thermal-gl-4k.conf,devices/xiaomi/mivendor/thermal/thermal-gl-4k.conf,thermal-engine-text,mi_thermald_aes,thermal-engine-text-v2,decoded,95.0,,,52.0,-43.0,mapped-artifact
xiaomi,mivendor,thermal-gl-arvr.conf,devices/xiaomi/mivendor/thermal/thermal-gl-arvr.conf,thermal-engine-text,mi_thermald_aes,thermal-engine-text-v2,decoded,65.0,,,50.0,-15.0,mapped-artifact
xiaomi,mivendor,thermal-gl-camera.conf,devices/xiaomi/mivendor/thermal/thermal-gl-camera.conf,thermal-engine-text,mi_thermald_aes,thermal-engine-text-v2,decoded,95.0,,,52.0,-43.0,mapped-artifact
xiaomi,mivendor,thermal-gl-cclassvideo.conf,devices/xiaomi/mivendor/thermal/thermal-gl-cclassvideo.conf,thermal-engine-text,mi_thermald_aes,thermal-engine-text-v2,decoded,65.0,,,52.0,-13.0,mapped-artifact
xiaomi,mivendor,thermal-gl-cgame.conf,devices/xiaomi/mivendor/thermal/thermal-gl-cgame.conf,thermal-engine-text,mi_thermald_aes,thermal-engine-text-v2,decoded,65.0,,,52.0,-13.0,mapped-artifact
xiaomi,mivendor,thermal-gl-chg-only.conf,devices/xiaomi/mivendor/thermal/thermal-gl-chg-only.conf,thermal-engine-text,plain,thermal-engine-text-v2,plain,53.0,,,52.0,-1.0,mapped-artifact
xiaomi,mivendor,thermal-gl-class0.conf,devices/xiaomi/mivendor/thermal/thermal-gl-class0.conf,thermal-engine-text,mi_thermald_aes,thermal-engine-text-v2,decoded,65.0,,,52.0,-13.0,mapped-artifact
xiaomi,mivendor,thermal-gl-danmu.conf,devices/xiaomi/mivendor/thermal/thermal-gl-danmu.conf,thermal-engine-text,mi_thermald_aes,thermal-engine-text-v2,decoded,65.0,,,52.0,-13.0,mapped-artifact
xiaomi,mivendor,thermal-gl-highfps.conf,devices/xiaomi/mivendor/thermal/thermal-gl-highfps.conf,thermal-engine-text,mi_thermald_aes,thermal-engine-text-v2,decoded,65.0,,,52.0,-13.0,mapped-artifact
xiaomi,mivendor,thermal-gl-hp-mgame.conf,devices/xiaomi/mivendor/thermal/thermal-gl-hp-mgame.conf,thermal-engine-text,mi_thermald_aes,thermal-engine-text-v2,decoded,65.0,,,52.0,-13.0,mapped-artifact
xiaomi,mivendor,thermal-gl-hp-normal.conf,devices/xiaomi/mivendor/thermal/thermal-gl-hp-normal.conf,thermal-engine-text,mi_thermald_aes,thermal-engine-text-v2,decoded,65.0,,,52.0,-13.0,mapped-artifact
xiaomi,mivendor,thermal-gl-huanji.conf,devices/xiaomi/mivendor/thermal/thermal-gl-huanji.conf,thermal-engine-text,mi_thermald_aes,thermal-engine-text-v2,decoded,65.0,,,50.0,-15.0,mapped-artifact
xiaomi,mivendor,thermal-gl-mgame.conf,devices/xiaomi/mivendor/thermal/thermal-gl-mgame.conf,thermal-engine-text,mi_thermald_aes,thermal-engine-text-v2,decoded,65.0,,,52.0,-13.0,mapped-artifact
xiaomi,mivendor,thermal-gl-navigation.conf,devices/xiaomi/mivendor/thermal/thermal-gl-navigation.conf,thermal-engine-text,mi_thermald_aes,thermal-engine-text-v2,decoded,65.0,,,51.0,-14.0,mapped-artifact
xiaomi,mivendor,thermal-gl-nolimits.conf,devices/xiaomi/mivendor/thermal/thermal-gl-nolimits.conf,thermal-engine-text,mi_thermald_aes,thermal-engine-text-v2,decoded,65.0,,,52.0,-13.0,mapped-artifact
xiaomi,mivendor,thermal-gl-normal.conf,devices/xiaomi/mivendor/thermal/thermal-gl-normal.conf,thermal-engine-text,mi_thermald_aes,thermal-engine-text-v2,decoded,65.0,,,52.0,-13.0,mapped-artifact
xiaomi,mivendor,thermal-gl-per-class0.conf,devices/xiaomi/mivendor/thermal/thermal-gl-per-class0.conf,thermal-engine-text,mi_thermald_aes,thermal-engine-text-v2,decoded,65.0,,,52.0,-13.0,mapped-artifact
xiaomi,mivendor,thermal-gl-per-normal.conf,devices/xiaomi/mivendor/thermal/thermal-gl-per-normal.conf,thermal-engine-text,mi_thermald_aes,thermal-engine-text-v2,decoded,65.0,,,52.0,-13.0,mapped-artifact
xiaomi,mivendor,thermal-gl-per-video.conf,devices/xiaomi/mivendor/thermal/thermal-gl-per-video.conf,thermal-engine-text,mi_thermald_aes,thermal-engine-text-v2,decoded,65.0,,,52.0,-13.0,mapped-artifact
xiaomi,mivendor,thermal-gl-phone.conf,devices/xiaomi/mivendor/thermal/thermal-gl-phone.conf,thermal-engine-text,mi_thermald_aes,thermal-engine-text-v2,decoded,65.0,,,51.0,-14.0,mapped-artifact
xiaomi,mivendor,thermal-gl-recharge.conf,devices/xiaomi/mivendor/thermal/thermal-gl-recharge.conf,thermal-engine-text,mi_thermald_aes,thermal-engine-text-v2,decoded,65.0,,,52.0,-13.0,mapped-artifact
xiaomi,mivendor,thermal-gl-tgame.conf,devices/xiaomi/mivendor/thermal/thermal-gl-tgame.conf,thermal-engine-text,mi_thermald_aes,thermal-engine-text-v2,decoded,65.0,,,52.0,-13.0,mapped-artifact
xiaomi,mivendor,thermal-gl-video.conf,devices/xiaomi/mivendor/thermal/thermal-gl-video.conf,thermal-engine-text,mi_thermald_aes,thermal-engine-text-v2,decoded,65.0,,,52.0,-13.0,mapped-artifact
xiaomi,mivendor,thermal-gl-videochat.conf,devices/xiaomi/mivendor/thermal/thermal-gl-videochat.conf,thermal-engine-text,mi_thermald_aes,thermal-engine-text-v2,decoded,65.0,,,52.0,-13.0,mapped-artifact
xiaomi,mivendor,thermal-gl-xingtie.conf,devices/xiaomi/mivendor/thermal/thermal-gl-xingtie.conf,thermal-engine-text,mi_thermald_aes,thermal-engine-text-v2,decoded,65.0,,,52.0,-13.0,mapped-artifact
xiaomi,mivendor,thermal-gl-yuanshen.conf,devices/xiaomi/mivendor/thermal/thermal-gl-yuanshen.conf,thermal-engine-text,mi_thermald_aes,thermal-engine-text-v2,decoded,65.0,,,52.0,-13.0,mapped-artifact
xiaomi,mivendor,thermal-highfps.conf,devices/xiaomi/mivendor/thermal/thermal-highfps.conf,thermal-engine-text,mi_thermald_aes,thermal-engine-text-v2,decoded,65.0,,,52.0,-13.0,mapped-artifact
xiaomi,mivendor,thermal-hp-mgame.conf,devices/xiaomi/mivendor/thermal/thermal-hp-mgame.conf,thermal-engine-text,mi_thermald_aes,thermal-engine-text-v2,decoded,65.0,,,52.0,-13.0,mapped-artifact
xiaomi,mivendor,thermal-hp-normal.conf,devices/xiaomi/mivendor/thermal/thermal-hp-normal.conf,thermal-engine-text,mi_thermald_aes,thermal-engine-text-v2,decoded,65.0,,,52.0,-13.0,mapped-artifact
xiaomi,mivendor,thermal-huanji.conf,devices/xiaomi/mivendor/thermal/thermal-huanji.conf,thermal-engine-text,mi_thermald_aes,thermal-engine-text-v2,decoded,65.0,,,50.0,-15.0,mapped-artifact
xiaomi,mivendor,thermal-in-4k.conf,devices/xiaomi/mivendor/thermal/thermal-in-4k.conf,thermal-engine-text,mi_thermald_aes,thermal-engine-text-v2,decoded,95.0,,,52.0,-43.0,mapped-artifact
xiaomi,mivendor,thermal-in-arvr.conf,devices/xiaomi/mivendor/thermal/thermal-in-arvr.conf,thermal-engine-text,mi_thermald_aes,thermal-engine-text-v2,decoded,65.0,,,50.0,-15.0,mapped-artifact
xiaomi,mivendor,thermal-in-camera.conf,devices/xiaomi/mivendor/thermal/thermal-in-camera.conf,thermal-engine-text,mi_thermald_aes,thermal-engine-text-v2,decoded,95.0,,,52.0,-43.0,mapped-artifact
xiaomi,mivendor,thermal-in-cclassvideo.conf,devices/xiaomi/mivendor/thermal/thermal-in-cclassvideo.conf,thermal-engine-text,mi_thermald_aes,thermal-engine-text-v2,decoded,65.0,,,52.0,-13.0,mapped-artifact
xiaomi,mivendor,thermal-in-cgame.conf,devices/xiaomi/mivendor/thermal/thermal-in-cgame.conf,thermal-engine-text,mi_thermald_aes,thermal-engine-text-v2,decoded,65.0,,,52.0,-13.0,mapped-artifact
xiaomi,mivendor,thermal-in-chg-only.conf,devices/xiaomi/mivendor/thermal/thermal-in-chg-only.conf,thermal-engine-text,plain,thermal-engine-text-v2,plain,53.0,,,52.0,-1.0,mapped-artifact
xiaomi,mivendor,thermal-in-class0.conf,devices/xiaomi/mivendor/thermal/thermal-in-class0.conf,thermal-engine-text,mi_thermald_aes,thermal-engine-text-v2,decoded,65.0,,,52.0,-13.0,mapped-artifact
xiaomi,mivendor,thermal-in-danmu.conf,devices/xiaomi/mivendor/thermal/thermal-in-danmu.conf,thermal-engine-text,mi_thermald_aes,thermal-engine-text-v2,decoded,65.0,,,52.0,-13.0,mapped-artifact
xiaomi,mivendor,thermal-in-demo-4k.conf,devices/xiaomi/mivendor/thermal/thermal-in-demo-4k.conf,thermal-engine-text,mi_thermald_aes,thermal-engine-text-v2,decoded,95.0,,,52.0,-43.0,mapped-artifact
xiaomi,mivendor,thermal-in-demo-arvr.conf,devices/xiaomi/mivendor/thermal/thermal-in-demo-arvr.conf,thermal-engine-text,mi_thermald_aes,thermal-engine-text-v2,decoded,65.0,,,50.0,-15.0,mapped-artifact
xiaomi,mivendor,thermal-in-demo-camera.conf,devices/xiaomi/mivendor/thermal/thermal-in-demo-camera.conf,thermal-engine-text,mi_thermald_aes,thermal-engine-text-v2,decoded,95.0,,,52.0,-43.0,mapped-artifact
xiaomi,mivendor,thermal-in-demo-cclassvideo.conf,devices/xiaomi/mivendor/thermal/thermal-in-demo-cclassvideo.conf,thermal-engine-text,mi_thermald_aes,thermal-engine-text-v2,decoded,65.0,,,52.0,-13.0,mapped-artifact
xiaomi,mivendor,thermal-in-demo-cgame.conf,devices/xiaomi/mivendor/thermal/thermal-in-demo-cgame.conf,thermal-engine-text,mi_thermald_aes,thermal-engine-text-v2,decoded,65.0,,,52.0,-13.0,mapped-artifact
xiaomi,mivendor,thermal-in-demo-chg-only.conf,devices/xiaomi/mivendor/thermal/thermal-in-demo-chg-only.conf,thermal-engine-text,plain,thermal-engine-text-v2,plain,53.0,,,52.0,-1.0,mapped-artifact
xiaomi,mivendor,thermal-in-demo-class0.conf,devices/xiaomi/mivendor/thermal/thermal-in-demo-class0.conf,thermal-engine-text,mi_thermald_aes,thermal-engine-text-v2,decoded,65.0,,,52.0,-13.0,mapped-artifact
xiaomi,mivendor,thermal-in-demo-danmu.conf,devices/xiaomi/mivendor/thermal/thermal-in-demo-danmu.conf,thermal-engine-text,mi_thermald_aes,thermal-engine-text-v2,decoded,65.0,,,52.0,-13.0,mapped-artifact
xiaomi,mivendor,thermal-in-demo-highfps.conf,devices/xiaomi/mivendor/thermal/thermal-in-demo-highfps.conf,thermal-engine-text,mi_thermald_aes,thermal-engine-text-v2,decoded,65.0,,,52.0,-13.0,mapped-artifact
xiaomi,mivendor,thermal-in-demo-hp-mgame.conf,devices/xiaomi/mivendor/thermal/thermal-in-demo-hp-mgame.conf,thermal-engine-text,mi_thermald_aes,thermal-engine-text-v2,decoded,65.0,,,52.0,-13.0,mapped-artifact
xiaomi,mivendor,thermal-in-demo-hp-normal.conf,devices/xiaomi/mivendor/thermal/thermal-in-demo-hp-normal.conf,thermal-engine-text,mi_thermald_aes,thermal-engine-text-v2,decoded,65.0,,,52.0,-13.0,mapped-artifact
xiaomi,mivendor,thermal-in-demo-huanji.conf,devices/xiaomi/mivendor/thermal/thermal-in-demo-huanji.conf,thermal-engine-text,mi_thermald_aes,thermal-engine-text-v2,decoded,65.0,,,50.0,-15.0,mapped-artifact
xiaomi,mivendor,thermal-in-demo-mgame.conf,devices/xiaomi/mivendor/thermal/thermal-in-demo-mgame.conf,thermal-engine-text,mi_thermald_aes,thermal-engine-text-v2,decoded,65.0,,,52.0,-13.0,mapped-artifact
xiaomi,mivendor,thermal-in-demo-navigation.conf,devices/xiaomi/mivendor/thermal/thermal-in-demo-navigation.conf,thermal-engine-text,mi_thermald_aes,thermal-engine-text-v2,decoded,65.0,,,51.0,-14.0,mapped-artifact
xiaomi,mivendor,thermal-in-demo-nolimits.conf,devices/xiaomi/mivendor/thermal/thermal-in-demo-nolimits.conf,thermal-engine-text,mi_thermald_aes,thermal-engine-text-v2,decoded,65.0,,,52.0,-13.0,mapped-artifact
xiaomi,mivendor,thermal-in-demo-normal.conf,devices/xiaomi/mivendor/thermal/thermal-in-demo-normal.conf,thermal-engine-text,mi_thermald_aes,thermal-engine-text-v2,decoded,65.0,,,52.0,-13.0,mapped-artifact
xiaomi,mivendor,thermal-in-demo-per-class0.conf,devices/xiaomi/mivendor/thermal/thermal-in-demo-per-class0.conf,thermal-engine-text,mi_thermald_aes,thermal-engine-text-v2,decoded,65.0,,,52.0,-13.0,mapped-artifact
xiaomi,mivendor,thermal-in-demo-per-normal.conf,devices/xiaomi/mivendor/thermal/thermal-in-demo-per-normal.conf,thermal-engine-text,mi_thermald_aes,thermal-engine-text-v2,decoded,65.0,,,52.0,-13.0,mapped-artifact
xiaomi,mivendor,thermal-in-demo-per-video.conf,devices/xiaomi/mivendor/thermal/thermal-in-demo-per-video.conf,thermal-engine-text,mi_thermald_aes,thermal-engine-text-v2,decoded,65.0,,,52.0,-13.0,mapped-artifact
xiaomi,mivendor,thermal-in-demo-phone.conf,devices/xiaomi/mivendor/thermal/thermal-in-demo-phone.conf,thermal-engine-text,mi_thermald_aes,thermal-engine-text-v2,decoded,65.0,,,51.0,-14.0,mapped-artifact
xiaomi,mivendor,thermal-in-demo-tgame.conf,devices/xiaomi/mivendor/thermal/thermal-in-demo-tgame.conf,thermal-engine-text,mi_thermald_aes,thermal-engine-text-v2,decoded,65.0,,,52.0,-13.0,mapped-artifact
xiaomi,mivendor,thermal-in-demo-video.conf,devices/xiaomi/mivendor/thermal/thermal-in-demo-video.conf,thermal-engine-text,mi_thermald_aes,thermal-engine-text-v2,decoded,65.0,,,52.0,-13.0,mapped-artifact
xiaomi,mivendor,thermal-in-demo-videochat.conf,devices/xiaomi/mivendor/thermal/thermal-in-demo-videochat.conf,thermal-engine-text,mi_thermald_aes,thermal-engine-text-v2,decoded,65.0,,,52.0,-13.0,mapped-artifact
xiaomi,mivendor,thermal-in-demo-xingtie.conf,devices/xiaomi/mivendor/thermal/thermal-in-demo-xingtie.conf,thermal-engine-text,mi_thermald_aes,thermal-engine-text-v2,decoded,65.0,,,52.0,-13.0,mapped-artifact
xiaomi,mivendor,thermal-in-demo-yuanshen.conf,devices/xiaomi/mivendor/thermal/thermal-in-demo-yuanshen.conf,thermal-engine-text,mi_thermald_aes,thermal-engine-text-v2,decoded,65.0,,,52.0,-13.0,mapped-artifact
xiaomi,mivendor,thermal-in-highfps.conf,devices/xiaomi/mivendor/thermal/thermal-in-highfps.conf,thermal-engine-text,mi_thermald_aes,thermal-engine-text-v2,decoded,65.0,,,52.0,-13.0,mapped-artifact
xiaomi,mivendor,thermal-in-hp-mgame.conf,devices/xiaomi/mivendor/thermal/thermal-in-hp-mgame.conf,thermal-engine-text,mi_thermald_aes,thermal-engine-text-v2,decoded,65.0,,,52.0,-13.0,mapped-artifact
xiaomi,mivendor,thermal-in-hp-normal.conf,devices/xiaomi/mivendor/thermal/thermal-in-hp-normal.conf,thermal-engine-text,mi_thermald_aes,thermal-engine-text-v2,decoded,65.0,,,52.0,-13.0,mapped-artifact
xiaomi,mivendor,thermal-in-huanji.conf,devices/xiaomi/mivendor/thermal/thermal-in-huanji.conf,thermal-engine-text,mi_thermald_aes,thermal-engine-text-v2,decoded,65.0,,,50.0,-15.0,mapped-artifact
xiaomi,mivendor,thermal-in-mgame.conf,devices/xiaomi/mivendor/thermal/thermal-in-mgame.conf,thermal-engine-text,mi_thermald_aes,thermal-engine-text-v2,decoded,65.0,,,52.0,-13.0,mapped-artifact
xiaomi,mivendor,thermal-in-navigation.conf,devices/xiaomi/mivendor/thermal/thermal-in-navigation.conf,thermal-engine-text,mi_thermald_aes,thermal-engine-text-v2,decoded,65.0,,,51.0,-14.0,mapped-artifact
xiaomi,mivendor,thermal-in-nolimits.conf,devices/xiaomi/mivendor/thermal/thermal-in-nolimits.conf,thermal-engine-text,mi_thermald_aes,thermal-engine-text-v2,decoded,65.0,,,52.0,-13.0,mapped-artifact
xiaomi,mivendor,thermal-in-normal.conf,devices/xiaomi/mivendor/thermal/thermal-in-normal.conf,thermal-engine-text,mi_thermald_aes,thermal-engine-text-v2,decoded,65.0,,,52.0,-13.0,mapped-artifact
xiaomi,mivendor,thermal-in-per-class0.conf,devices/xiaomi/mivendor/thermal/thermal-in-per-class0.conf,thermal-engine-text,mi_thermald_aes,thermal-engine-text-v2,decoded,65.0,,,52.0,-13.0,mapped-artifact
xiaomi,mivendor,thermal-in-per-normal.conf,devices/xiaomi/mivendor/thermal/thermal-in-per-normal.conf,thermal-engine-text,mi_thermald_aes,thermal-engine-text-v2,decoded,65.0,,,52.0,-13.0,mapped-artifact
xiaomi,mivendor,thermal-in-per-video.conf,devices/xiaomi/mivendor/thermal/thermal-in-per-video.conf,thermal-engine-text,mi_thermald_aes,thermal-engine-text-v2,decoded,65.0,,,52.0,-13.0,mapped-artifact
xiaomi,mivendor,thermal-in-phone.conf,devices/xiaomi/mivendor/thermal/thermal-in-phone.conf,thermal-engine-text,mi_thermald_aes,thermal-engine-text-v2,decoded,65.0,,,51.0,-14.0,mapped-artifact
xiaomi,mivendor,thermal-in-recharge.conf,devices/xiaomi/mivendor/thermal/thermal-in-recharge.conf,thermal-engine-text,mi_thermald_aes,thermal-engine-text-v2,decoded,65.0,,,52.0,-13.0,mapped-artifact
xiaomi,mivendor,thermal-in-tgame.conf,devices/xiaomi/mivendor/thermal/thermal-in-tgame.conf,thermal-engine-text,mi_thermald_aes,thermal-engine-text-v2,decoded,65.0,,,52.0,-13.0,mapped-artifact
xiaomi,mivendor,thermal-in-video.conf,devices/xiaomi/mivendor/thermal/thermal-in-video.conf,thermal-engine-text,mi_thermald_aes,thermal-engine-text-v2,decoded,65.0,,,52.0,-13.0,mapped-artifact
xiaomi,mivendor,thermal-in-videochat.conf,devices/xiaomi/mivendor/thermal/thermal-in-videochat.conf,thermal-engine-text,mi_thermald_aes,thermal-engine-text-v2,decoded,65.0,,,52.0,-13.0,mapped-artifact
xiaomi,mivendor,thermal-in-xingtie.conf,devices/xiaomi/mivendor/thermal/thermal-in-xingtie.conf,thermal-engine-text,mi_thermald_aes,thermal-engine-text-v2,decoded,65.0,,,52.0,-13.0,mapped-artifact
xiaomi,mivendor,thermal-in-yuanshen.conf,devices/xiaomi/mivendor/thermal/thermal-in-yuanshen.conf,thermal-engine-text,mi_thermald_aes,thermal-engine-text-v2,decoded,65.0,,,52.0,-13.0,mapped-artifact
xiaomi,mivendor,thermal-map-global.conf,devices/xiaomi/mivendor/thermal/thermal-map-global.conf,thermal-engine-text,mi_thermald_aes,thermal-engine-text-v2,decoded,,,,,,mapped-artifact
xiaomi,mivendor,thermal-map-india.conf,devices/xiaomi/mivendor/thermal/thermal-map-india.conf,thermal-engine-text,mi_thermald_aes,thermal-engine-text-v2,decoded,,,,,,mapped-artifact
xiaomi,mivendor,thermal-map.conf,devices/xiaomi/mivendor/thermal/thermal-map.conf,thermal-engine-text,mi_thermald_aes,thermal-engine-text-v2,decoded,,,,,,mapped-artifact
xiaomi,mivendor,thermal-mgame.conf,devices/xiaomi/mivendor/thermal/thermal-mgame.conf,thermal-engine-text,mi_thermald_aes,thermal-engine-text-v2,decoded,65.0,,,52.0,-13.0,mapped-artifact
xiaomi,mivendor,thermal-navigation.conf,devices/xiaomi/mivendor/thermal/thermal-navigation.conf,thermal-engine-text,mi_thermald_aes,thermal-engine-text-v2,decoded,65.0,,,51.0,-14.0,mapped-artifact
xiaomi,mivendor,thermal-nolimits.conf,devices/xiaomi/mivendor/thermal/thermal-nolimits.conf,thermal-engine-text,mi_thermald_aes,thermal-engine-text-v2,decoded,65.0,,,52.0,-13.0,mapped-artifact
xiaomi,mivendor,thermal-normal.conf,devices/xiaomi/mivendor/thermal/thermal-normal.conf,thermal-engine-text,mi_thermald_aes,thermal-engine-text-v2,decoded,65.0,,,52.0,-13.0,mapped-artifact
xiaomi,mivendor,thermal-per-class0.conf,devices/xiaomi/mivendor/thermal/thermal-per-class0.conf,thermal-engine-text,mi_thermald_aes,thermal-engine-text-v2,decoded,65.0,,,52.0,-13.0,mapped-artifact
xiaomi,mivendor,thermal-per-normal.conf,devices/xiaomi/mivendor/thermal/thermal-per-normal.conf,thermal-engine-text,mi_thermald_aes,thermal-engine-text-v2,decoded,65.0,,,52.0,-13.0,mapped-artifact
xiaomi,mivendor,thermal-per-video.conf,devices/xiaomi/mivendor/thermal/thermal-per-video.conf,thermal-engine-text,mi_thermald_aes,thermal-engine-text-v2,decoded,65.0,,,52.0,-13.0,mapped-artifact
xiaomi,mivendor,thermal-phone.conf,devices/xiaomi/mivendor/thermal/thermal-phone.conf,thermal-engine-text,mi_thermald_aes,thermal-engine-text-v2,decoded,65.0,,,51.0,-14.0,mapped-artifact
xiaomi,mivendor,thermal-recharge.conf,devices/xiaomi/mivendor/thermal/thermal-recharge.conf,thermal-engine-text,mi_thermald_aes,thermal-engine-text-v2,decoded,65.0,,,52.0,-13.0,mapped-artifact
xiaomi,mivendor,thermal-region-map.conf,devices/xiaomi/mivendor/thermal/thermal-region-map.conf,text,mi_thermald_aes,,decoded,,,,,,mapped-artifact
xiaomi,mivendor,thermal-tgame.conf,devices/xiaomi/mivendor/thermal/thermal-tgame.conf,thermal-engine-text,mi_thermald_aes,thermal-engine-text-v2,decoded,65.0,,,52.0,-13.0,mapped-artifact
xiaomi,mivendor,thermal-video.conf,devices/xiaomi/mivendor/thermal/thermal-video.conf,thermal-engine-text,mi_thermald_aes,thermal-engine-text-v2,decoded,65.0,,,52.0,-13.0,mapped-artifact
xiaomi,mivendor,thermal-videochat.conf,devices/xiaomi/mivendor/thermal/thermal-videochat.conf,thermal-engine-text,mi_thermald_aes,thermal-engine-text-v2,decoded,65.0,,,52.0,-13.0,mapped-artifact
xiaomi,mivendor,thermal-xingtie.conf,devices/xiaomi/mivendor/thermal/thermal-xingtie.conf,thermal-engine-text,mi_thermald_aes,thermal-engine-text-v2,decoded,65.0,,,52.0,-13.0,mapped-artifact
xiaomi,mivendor,thermal-yuanshen.conf,devices/xiaomi/mivendor/thermal/thermal-yuanshen.conf,thermal-engine-text,mi_thermald_aes,thermal-engine-text-v2,decoded,65.0,,,52.0,-13.0,mapped-artifact
xiaomi,mivendor,thermalbreakboostconfig.xml,devices/xiaomi/mivendor/thermal/thermalbreakboostconfig.xml,xml,plain,,plain,,,,,,mapped-artifact
xiaomi,mivendor,thermald-devices.conf,devices/xiaomi/mivendor/thermal/thermald-devices.conf,thermal-engine-text,plain,thermal-engine-text-v2,plain,,,,,,mapped-artifact
xiaomi,mojito,index.tsv,devices/xiaomi/mojito/thermal/index.tsv,text,plain,,plain,,,,,,mapped-artifact
xiaomi,mojito,thermal-4k.conf,devices/xiaomi/mojito/thermal/thermal-4k.conf,thermal-engine-text,mi_thermald_aes,thermal-engine-text-v2,decoded,60.0,,,,,mapped-artifact
xiaomi,mojito,thermal-arvr.conf,devices/xiaomi/mojito/thermal/thermal-arvr.conf,thermal-engine-text,mi_thermald_aes,thermal-engine-text-v2,decoded,62.0,,,55.0,-7.0,mapped-artifact
xiaomi,mojito,thermal-camera.conf,devices/xiaomi/mojito/thermal/thermal-camera.conf,thermal-engine-text,mi_thermald_aes,thermal-engine-text-v2,decoded,61.0,,,55.0,-6.0,mapped-artifact
xiaomi,mojito,thermal-camera2.conf,devices/xiaomi/mojito/thermal/thermal-camera2.conf,thermal-engine-text,mi_thermald_aes,thermal-engine-text-v2,decoded,61.0,,,55.0,-6.0,mapped-artifact
xiaomi,mojito,thermal-chg-only.conf,devices/xiaomi/mojito/thermal/thermal-chg-only.conf,thermal-engine-text,plain,thermal-engine-text-v2,plain,60.0,,,,,mapped-artifact
xiaomi,mojito,thermal-engine.conf,devices/xiaomi/mojito/thermal/thermal-engine.conf,text,plain,,plain,,,,,,mapped-artifact
xiaomi,mojito,thermal-map.conf,devices/xiaomi/mojito/thermal/thermal-map.conf,thermal-engine-text,mi_thermald_aes,thermal-engine-text-v2,decoded,,,,,,mapped-artifact
xiaomi,mojito,thermal-mgame.conf,devices/xiaomi/mojito/thermal/thermal-mgame.conf,thermal-engine-text,mi_thermald_aes,thermal-engine-text-v2,decoded,61.0,,,52.0,-9.0,mapped-artifact
xiaomi,mojito,thermal-nolimits.conf,devices/xiaomi/mojito/thermal/thermal-nolimits.conf,thermal-engine-text,mi_thermald_aes,thermal-engine-text-v2,decoded,61.0,,,,,mapped-artifact
xiaomi,mojito,thermal-normal.conf,devices/xiaomi/mojito/thermal/thermal-normal.conf,thermal-engine-text,mi_thermald_aes,thermal-engine-text-v2,decoded,61.0,,,52.0,-9.0,mapped-artifact
xiaomi,mojito,thermal-phone.conf,devices/xiaomi/mojito/thermal/thermal-phone.conf,thermal-engine-text,mi_thermald_aes,thermal-engine-text-v2,decoded,61.0,,,54.0,-7.0,mapped-artifact
xiaomi,mojito,thermal-tgame.conf,devices/xiaomi/mojito/thermal/thermal-tgame.conf,thermal-engine-text,mi_thermald_aes,thermal-engine-text-v2,decoded,61.0,,,54.0,-7.0,mapped-artifact
xiaomi,mojito,thermald-devices.conf,devices/xiaomi/mojito/thermal/thermald-devices.conf,thermal-engine-text,plain,thermal-engine-text-v2,plain,,,,,,mapped-artifact
xiaomi,mona,index.tsv,devices/xiaomi/mona/thermal/index.tsv,text,plain,,plain,,,,,,mapped-artifact
xiaomi,mona,thermal-4k.conf,devices/xiaomi/mona/thermal/thermal-4k.conf,thermal-engine-text,mi_thermald_aes,thermal-engine-text-v2,decoded,53.0,,,,,mapped-artifact
xiaomi,mona,thermal-8k.conf,devices/xiaomi/mona/thermal/thermal-8k.conf,thermal-engine-text,mi_thermald_aes,thermal-engine-text-v2,decoded,53.0,,,,,mapped-artifact
xiaomi,mona,thermal-camera.conf,devices/xiaomi/mona/thermal/thermal-camera.conf,thermal-engine-text,mi_thermald_aes,thermal-engine-text-v2,decoded,53.0,,,,,mapped-artifact
xiaomi,mona,thermal-chg-only.conf,devices/xiaomi/mona/thermal/thermal-chg-only.conf,thermal-engine-text,plain,thermal-engine-text-v2,plain,60.0,,,51.0,-9.0,mapped-artifact
xiaomi,mona,thermal-class0.conf,devices/xiaomi/mona/thermal/thermal-class0.conf,thermal-engine-text,mi_thermald_aes,thermal-engine-text-v2,decoded,53.0,,,51.0,-2.0,mapped-artifact
xiaomi,mona,thermal-engine.conf,devices/xiaomi/mona/thermal/thermal-engine.conf,text,plain,,plain,,,,,,mapped-artifact
xiaomi,mona,thermal-huanji.conf,devices/xiaomi/mona/thermal/thermal-huanji.conf,thermal-engine-text,mi_thermald_aes,thermal-engine-text-v2,decoded,53.0,,,48.0,-5.0,mapped-artifact
xiaomi,mona,thermal-map.conf,devices/xiaomi/mona/thermal/thermal-map.conf,thermal-engine-text,mi_thermald_aes,thermal-engine-text-v2,decoded,,,,,,mapped-artifact
xiaomi,mona,thermal-mgame.conf,devices/xiaomi/mona/thermal/thermal-mgame.conf,thermal-engine-text,mi_thermald_aes,thermal-engine-text-v2,decoded,51.0,,,51.0,0.0,mapped-artifact
xiaomi,mona,thermal-navigation.conf,devices/xiaomi/mona/thermal/thermal-navigation.conf,thermal-engine-text,mi_thermald_aes,thermal-engine-text-v2,decoded,53.0,,,51.0,-2.0,mapped-artifact
xiaomi,mona,thermal-nolimits.conf,devices/xiaomi/mona/thermal/thermal-nolimits.conf,thermal-engine-text,mi_thermald_aes,thermal-engine-text-v2,decoded,56.0,,,,,mapped-artifact
xiaomi,mona,thermal-normal.conf,devices/xiaomi/mona/thermal/thermal-normal.conf,thermal-engine-text,mi_thermald_aes,thermal-engine-text-v2,decoded,53.0,,,51.0,-2.0,mapped-artifact
xiaomi,mona,thermal-phone.conf,devices/xiaomi/mona/thermal/thermal-phone.conf,thermal-engine-text,mi_thermald_aes,thermal-engine-text-v2,decoded,53.0,,,48.0,-5.0,mapped-artifact
xiaomi,mona,thermal-tgame.conf,devices/xiaomi/mona/thermal/thermal-tgame.conf,thermal-engine-text,mi_thermald_aes,thermal-engine-text-v2,decoded,51.0,,,51.0,0.0,mapped-artifact
xiaomi,mona,thermal-video.conf,devices/xiaomi/mona/thermal/thermal-video.conf,thermal-engine-text,mi_thermald_aes,thermal-engine-text-v2,decoded,53.0,,,51.0,-2.0,mapped-artifact
xiaomi,mona,thermal-videochat.conf,devices/xiaomi/mona/thermal/thermal-videochat.conf,thermal-engine-text,mi_thermald_aes,thermal-engine-text-v2,decoded,53.0,,,51.0,-2.0,mapped-artifact
xiaomi,mona,thermal-youtube.conf,devices/xiaomi/mona/thermal/thermal-youtube.conf,thermal-engine-text,mi_thermald_aes,thermal-engine-text-v2,decoded,53.0,,,51.0,-2.0,mapped-artifact
xiaomi,mona,thermald-devices.conf,devices/xiaomi/mona/thermal/thermald-devices.conf,thermal-engine-text,plain,thermal-engine-text-v2,plain,,,,,,mapped-artifact
xiaomi,mondrian,index.tsv,devices/xiaomi/mondrian/thermal/index.tsv,text,plain,,plain,,,,,,mapped-artifact
xiaomi,mondrian,thermal-4k.conf,devices/xiaomi/mondrian/thermal/thermal-4k.conf,thermal-engine-text,mi_thermald_aes,thermal-engine-text-v2,decoded,400.0,,,51.0,-349.0,mapped-artifact
xiaomi,mondrian,thermal-8k.conf,devices/xiaomi/mondrian/thermal/thermal-8k.conf,thermal-engine-text,mi_thermald_aes,thermal-engine-text-v2,decoded,400.0,,,51.0,-349.0,mapped-artifact
xiaomi,mondrian,thermal-arvr.conf,devices/xiaomi/mondrian/thermal/thermal-arvr.conf,thermal-engine-text,mi_thermald_aes,thermal-engine-text-v2,decoded,65.0,,,,,mapped-artifact
xiaomi,mondrian,thermal-camera.conf,devices/xiaomi/mondrian/thermal/thermal-camera.conf,thermal-engine-text,mi_thermald_aes,thermal-engine-text-v2,decoded,400.0,,,51.0,-349.0,mapped-artifact
xiaomi,mondrian,thermal-cclassvideo.conf,devices/xiaomi/mondrian/thermal/thermal-cclassvideo.conf,thermal-engine-text,mi_thermald_aes,thermal-engine-text-v2,decoded,370.0,,,51.0,-319.0,mapped-artifact
xiaomi,mondrian,thermal-cgame.conf,devices/xiaomi/mondrian/thermal/thermal-cgame.conf,thermal-engine-text,mi_thermald_aes,thermal-engine-text-v2,decoded,115.0,,,51.0,-64.0,mapped-artifact
xiaomi,mondrian,thermal-chg-only.conf,devices/xiaomi/mondrian/thermal/thermal-chg-only.conf,thermal-engine-text,plain,thermal-engine-text-v2,plain,100.0,,,51.0,-49.0,mapped-artifact
xiaomi,mondrian,thermal-class0.conf,devices/xiaomi/mondrian/thermal/thermal-class0.conf,thermal-engine-text,mi_thermald_aes,thermal-engine-text-v2,decoded,400.0,,,51.0,-349.0,mapped-artifact
xiaomi,mondrian,thermal-cmgame.conf,devices/xiaomi/mondrian/thermal/thermal-cmgame.conf,thermal-engine-text,mi_thermald_aes,thermal-engine-text-v2,decoded,115.0,,,51.0,-64.0,mapped-artifact
xiaomi,mondrian,thermal-cyuanshen.conf,devices/xiaomi/mondrian/thermal/thermal-cyuanshen.conf,thermal-engine-text,mi_thermald_aes,thermal-engine-text-v2,decoded,115.0,,,51.0,-64.0,mapped-artifact
xiaomi,mondrian,thermal-dolbyvision.conf,devices/xiaomi/mondrian/thermal/thermal-dolbyvision.conf,thermal-engine-text,mi_thermald_aes,thermal-engine-text-v2,decoded,400.0,,,51.0,-349.0,mapped-artifact
xiaomi,mondrian,thermal-engine.conf,devices/xiaomi/mondrian/thermal/thermal-engine.conf,text,plain,,plain,,,,,,mapped-artifact
xiaomi,mondrian,thermal-hp-mgame.conf,devices/xiaomi/mondrian/thermal/thermal-hp-mgame.conf,thermal-engine-text,mi_thermald_aes,thermal-engine-text-v2,decoded,115.0,,,51.0,-64.0,mapped-artifact
xiaomi,mondrian,thermal-hp-normal.conf,devices/xiaomi/mondrian/thermal/thermal-hp-normal.conf,thermal-engine-text,mi_thermald_aes,thermal-engine-text-v2,decoded,400.0,,,51.0,-349.0,mapped-artifact
xiaomi,mondrian,thermal-huanji.conf,devices/xiaomi/mondrian/thermal/thermal-huanji.conf,thermal-engine-text,mi_thermald_aes,thermal-engine-text-v2,decoded,115.0,,,51.0,-64.0,mapped-artifact
xiaomi,mondrian,thermal-l18a-map.conf,devices/xiaomi/mondrian/thermal/thermal-l18a-map.conf,thermal-engine-text,mi_thermald_aes,thermal-engine-text-v2,decoded,,,,,,mapped-artifact
xiaomi,mondrian,thermal-map-india.conf,devices/xiaomi/mondrian/thermal/thermal-map-india.conf,thermal-engine-text,mi_thermald_aes,thermal-engine-text-v2,decoded,,,,,,mapped-artifact
xiaomi,mondrian,thermal-map.conf,devices/xiaomi/mondrian/thermal/thermal-map.conf,thermal-engine-text,mi_thermald_aes,thermal-engine-text-v2,decoded,,,,,,mapped-artifact
xiaomi,mondrian,thermal-mgame.conf,devices/xiaomi/mondrian/thermal/thermal-mgame.conf,thermal-engine-text,mi_thermald_aes,thermal-engine-text-v2,decoded,115.0,,,51.0,-64.0,mapped-artifact
xiaomi,mondrian,thermal-navigation.conf,devices/xiaomi/mondrian/thermal/thermal-navigation.conf,thermal-engine-text,mi_thermald_aes,thermal-engine-text-v2,decoded,400.0,,,51.0,-349.0,mapped-artifact
xiaomi,mondrian,thermal-nolimits.conf,devices/xiaomi/mondrian/thermal/thermal-nolimits.conf,thermal-engine-text,mi_thermald_aes,thermal-engine-text-v2,decoded,65.0,,,,,mapped-artifact
xiaomi,mondrian,thermal-normal.conf,devices/xiaomi/mondrian/thermal/thermal-normal.conf,thermal-engine-text,mi_thermald_aes,thermal-engine-text-v2,decoded,400.0,,,51.0,-349.0,mapped-artifact
xiaomi,mondrian,thermal-per-cclassvideo.conf,devices/xiaomi/mondrian/thermal/thermal-per-cclassvideo.conf,thermal-engine-text,mi_thermald_aes,thermal-engine-text-v2,decoded,370.0,,,51.0,-319.0,mapped-artifact
xiaomi,mondrian,thermal-per-cgame.conf,devices/xiaomi/mondrian/thermal/thermal-per-cgame.conf,thermal-engine-text,mi_thermald_aes,thermal-engine-text-v2,decoded,115.0,,,51.0,-64.0,mapped-artifact
xiaomi,mondrian,thermal-per-class0.conf,devices/xiaomi/mondrian/thermal/thermal-per-class0.conf,thermal-engine-text,mi_thermald_aes,thermal-engine-text-v2,decoded,400.0,,,51.0,-349.0,mapped-artifact
xiaomi,mondrian,thermal-per-navigation.conf,devices/xiaomi/mondrian/thermal/thermal-per-navigation.conf,thermal-engine-text,mi_thermald_aes,thermal-engine-text-v2,decoded,115.0,,,51.0,-64.0,mapped-artifact
xiaomi,mondrian,thermal-per-normal.conf,devices/xiaomi/mondrian/thermal/thermal-per-normal.conf,thermal-engine-text,mi_thermald_aes,thermal-engine-text-v2,decoded,400.0,,,51.0,-349.0,mapped-artifact
xiaomi,mondrian,thermal-per-video.conf,devices/xiaomi/mondrian/thermal/thermal-per-video.conf,thermal-engine-text,mi_thermald_aes,thermal-engine-text-v2,decoded,400.0,,,51.0,-349.0,mapped-artifact
xiaomi,mondrian,thermal-phone.conf,devices/xiaomi/mondrian/thermal/thermal-phone.conf,thermal-engine-text,mi_thermald_aes,thermal-engine-text-v2,decoded,100.0,,,51.0,-49.0,mapped-artifact
xiaomi,mondrian,thermal-region-map.conf,devices/xiaomi/mondrian/thermal/thermal-region-map.conf,text,mi_thermald_aes,,decoded,,,,,,mapped-artifact
xiaomi,mondrian,thermal-tgame.conf,devices/xiaomi/mondrian/thermal/thermal-tgame.conf,thermal-engine-text,mi_thermald_aes,thermal-engine-text-v2,decoded,115.0,,,51.0,-64.0,mapped-artifact
xiaomi,mondrian,thermal-video.conf,devices/xiaomi/mondrian/thermal/thermal-video.conf,thermal-engine-text,mi_thermald_aes,thermal-engine-text-v2,decoded,400.0,,,51.0,-349.0,mapped-artifact
xiaomi,mondrian,thermal-videochat.conf,devices/xiaomi/mondrian/thermal/thermal-videochat.conf,thermal-engine-text,mi_thermald_aes,thermal-engine-text-v2,decoded,400.0,,,51.0,-349.0,mapped-artifact
xiaomi,mondrian,thermal-yuanshen.conf,devices/xiaomi/mondrian/thermal/thermal-yuanshen.conf,thermal-engine-text,mi_thermald_aes,thermal-engine-text-v2,decoded,115.0,,,51.0,-64.0,mapped-artifact
xiaomi,mondrian,thermald-devices.conf,devices/xiaomi/mondrian/thermal/thermald-devices.conf,thermal-engine-text,plain,thermal-engine-text-v2,plain,,,,,,mapped-artifact
xiaomi,monet,index.tsv,devices/xiaomi/monet/thermal/index.tsv,text,plain,,plain,,,,,,mapped-artifact
xiaomi,monet,thermal-4k.conf,devices/xiaomi/monet/thermal/thermal-4k.conf,thermal-engine-text,mi_thermald_aes,thermal-engine-text-v2,decoded,60.0,,,54.0,-6.0,mapped-artifact
xiaomi,monet,thermal-arvr.conf,devices/xiaomi/monet/thermal/thermal-arvr.conf,thermal-engine-text,mi_thermald_aes,thermal-engine-text-v2,decoded,60.0,,,16.0,-44.0,mapped-artifact
xiaomi,monet,thermal-camera.conf,devices/xiaomi/monet/thermal/thermal-camera.conf,thermal-engine-text,mi_thermald_aes,thermal-engine-text-v2,decoded,60.0,,,54.0,-6.0,mapped-artifact
xiaomi,monet,thermal-chg-only.conf,devices/xiaomi/monet/thermal/thermal-chg-only.conf,thermal-engine-text,plain,thermal-engine-text-v2,plain,60.0,,,54.0,-6.0,mapped-artifact
xiaomi,monet,thermal-engine.conf,devices/xiaomi/monet/thermal/thermal-engine.conf,text,plain,,plain,,,,,,mapped-artifact
xiaomi,monet,thermal-map.conf,devices/xiaomi/monet/thermal/thermal-map.conf,thermal-engine-text,mi_thermald_aes,thermal-engine-text-v2,decoded,,,,,,mapped-artifact
xiaomi,monet,thermal-nolimits.conf,devices/xiaomi/monet/thermal/thermal-nolimits.conf,thermal-engine-text,mi_thermald_aes,thermal-engine-text-v2,decoded,60.0,,,53.0,-7.0,mapped-artifact
xiaomi,monet,thermal-normal.conf,devices/xiaomi/monet/thermal/thermal-normal.conf,thermal-engine-text,mi_thermald_aes,thermal-engine-text-v2,decoded,60.0,,,54.0,-6.0,mapped-artifact
xiaomi,monet,thermal-phone.conf,devices/xiaomi/monet/thermal/thermal-phone.conf,thermal-engine-text,mi_thermald_aes,thermal-engine-text-v2,decoded,60.0,,,53.0,-7.0,mapped-artifact
xiaomi,monet,thermal-tgame.conf,devices/xiaomi/monet/thermal/thermal-tgame.conf,thermal-engine-text,mi_thermald_aes,thermal-engine-text-v2,decoded,62.0,,,54.0,-8.0,mapped-artifact
xiaomi,monet,thermald-devices.conf,devices/xiaomi/monet/thermal/thermald-devices.conf,thermal-engine-text,plain,thermal-engine-text-v2,plain,,,,,,mapped-artifact
xiaomi,moon,index.tsv,devices/xiaomi/moon/thermal/index.tsv,text,plain,,plain,,,,,,mapped-artifact
xiaomi,moon,thermal-camera.conf,devices/xiaomi/moon/thermal/thermal-camera.conf,thermal-engine-text,mi_thermald_aes,thermal-engine-text-v2,decoded,53.0,,,47.5,-5.5,mapped-artifact
xiaomi,moon,thermal-cclassvideo.conf,devices/xiaomi/moon/thermal/thermal-cclassvideo.conf,thermal-engine-text,mi_thermald_aes,thermal-engine-text-v2,decoded,55.0,,,49.0,-6.0,mapped-artifact
xiaomi,moon,thermal-cgame.conf,devices/xiaomi/moon/thermal/thermal-cgame.conf,thermal-engine-text,mi_thermald_aes,thermal-engine-text-v2,decoded,55.0,,,49.0,-6.0,mapped-artifact
xiaomi,moon,thermal-chg-only.conf,devices/xiaomi/moon/thermal/thermal-chg-only.conf,thermal-engine-text,plain,thermal-engine-text-v2,plain,50.0,,,51.5,1.5,mapped-artifact
xiaomi,moon,thermal-class0.conf,devices/xiaomi/moon/thermal/thermal-class0.conf,thermal-engine-text,mi_thermald_aes,thermal-engine-text-v2,decoded,55.0,,,50.5,-4.5,mapped-artifact
xiaomi,moon,thermal-douyin.conf,devices/xiaomi/moon/thermal/thermal-douyin.conf,thermal-engine-text,mi_thermald_aes,thermal-engine-text-v2,decoded,55.0,,,47.0,-8.0,mapped-artifact
xiaomi,moon,thermal-hp-game.conf,devices/xiaomi/moon/thermal/thermal-hp-game.conf,thermal-engine-text,mi_thermald_aes,thermal-engine-text-v2,decoded,55.0,,,48.0,-7.0,mapped-artifact
xiaomi,moon,thermal-hp-normal.conf,devices/xiaomi/moon/thermal/thermal-hp-normal.conf,thermal-engine-text,mi_thermald_aes,thermal-engine-text-v2,decoded,55.0,,,48.0,-7.0,mapped-artifact
xiaomi,moon,thermal-huanji.conf,devices/xiaomi/moon/thermal/thermal-huanji.conf,thermal-engine-text,mi_thermald_aes,thermal-engine-text-v2,decoded,55.0,,,47.0,-8.0,mapped-artifact
xiaomi,moon,thermal-iqiyi.conf,devices/xiaomi/moon/thermal/thermal-iqiyi.conf,thermal-engine-text,mi_thermald_aes,thermal-engine-text-v2,decoded,55.0,,,47.0,-8.0,mapped-artifact
xiaomi,moon,thermal-map.conf,devices/xiaomi/moon/thermal/thermal-map.conf,thermal-engine-text,mi_thermald_aes,thermal-engine-text-v2,decoded,,,,,,mapped-artifact
xiaomi,moon,thermal-mgame.conf,devices/xiaomi/moon/thermal/thermal-mgame.conf,thermal-engine-text,mi_thermald_aes,thermal-engine-text-v2,decoded,55.0,,,50.0,-5.0,mapped-artifact
xiaomi,moon,thermal-navigation.conf,devices/xiaomi/moon/thermal/thermal-navigation.conf,thermal-engine-text,mi_thermald_aes,thermal-engine-text-v2,decoded,55.0,,,48.0,-7.0,mapped-artifact
xiaomi,moon,thermal-nolimits.conf,devices/xiaomi/moon/thermal/thermal-nolimits.conf,thermal-engine-text,mi_thermald_aes,thermal-engine-text-v2,decoded,55.0,,,47.0,-8.0,mapped-artifact
xiaomi,moon,thermal-normal.conf,devices/xiaomi/moon/thermal/thermal-normal.conf,thermal-engine-text,mi_thermald_aes,thermal-engine-text-v2,decoded,55.0,,,51.5,-3.5,mapped-artifact
xiaomi,moon,thermal-phone.conf,devices/xiaomi/moon/thermal/thermal-phone.conf,thermal-engine-text,mi_thermald_aes,thermal-engine-text-v2,decoded,55.0,,,48.0,-7.0,mapped-artifact
xiaomi,moon,thermal-pubg.conf,devices/xiaomi/moon/thermal/thermal-pubg.conf,thermal-engine-text,mi_thermald_aes,thermal-engine-text-v2,decoded,55.0,,,50.5,-4.5,mapped-artifact
xiaomi,moon,thermal-tgame.conf,devices/xiaomi/moon/thermal/thermal-tgame.conf,thermal-engine-text,mi_thermald_aes,thermal-engine-text-v2,decoded,55.0,,,50.5,-4.5,mapped-artifact
xiaomi,moon,thermal-video.conf,devices/xiaomi/moon/thermal/thermal-video.conf,thermal-engine-text,mi_thermald_aes,thermal-engine-text-v2,decoded,55.0,,,47.0,-8.0,mapped-artifact
xiaomi,moon,thermal-videochat.conf,devices/xiaomi/moon/thermal/thermal-videochat.conf,thermal-engine-text,mi_thermald_aes,thermal-engine-text-v2,decoded,55.0,,,47.0,-8.0,mapped-artifact
xiaomi,moon,thermalbreakboostconfig.xml,devices/xiaomi/moon/thermal/thermalbreakboostconfig.xml,xml,plain,,plain,,,,,,mapped-artifact
xiaomi,moon,thermald-devices.conf,devices/xiaomi/moon/thermal/thermald-devices.conf,thermal-engine-text,plain,thermal-engine-text-v2,plain,,,,,,mapped-artifact
xiaomi,moonstone,index.tsv,devices/xiaomi/moonstone/thermal/index.tsv,text,plain,,plain,,,,,,mapped-artifact
xiaomi,moonstone,thermal-arvr.conf,devices/xiaomi/moonstone/thermal/thermal-arvr.conf,thermal-engine-text,mi_thermald_aes,thermal-engine-text-v2,decoded,57.0,,,51.0,-6.0,mapped-artifact
xiaomi,moonstone,thermal-camera.conf,devices/xiaomi/moonstone/thermal/thermal-camera.conf,thermal-engine-text,mi_thermald_aes,thermal-engine-text-v2,decoded,55.0,,,47.0,-8.0,mapped-artifact
xiaomi,moonstone,thermal-chg-only.conf,devices/xiaomi/moonstone/thermal/thermal-chg-only.conf,thermal-engine-text,plain,thermal-engine-text-v2,plain,44.0,,,,,mapped-artifact
xiaomi,moonstone,thermal-class0.conf,devices/xiaomi/moonstone/thermal/thermal-class0.conf,thermal-engine-text,mi_thermald_aes,thermal-engine-text-v2,decoded,57.0,,,52.0,-5.0,mapped-artifact
xiaomi,moonstone,thermal-engine.conf,devices/xiaomi/moonstone/thermal/thermal-engine.conf,text,plain,,plain,,,,,,mapped-artifact
xiaomi,moonstone,thermal-map-india.conf,devices/xiaomi/moonstone/thermal/thermal-map-india.conf,thermal-engine-text,mi_thermald_aes,thermal-engine-text-v2,decoded,,,,,,mapped-artifact
xiaomi,moonstone,thermal-map.conf,devices/xiaomi/moonstone/thermal/thermal-map.conf,thermal-engine-text,mi_thermald_aes,thermal-engine-text-v2,decoded,,,,,,mapped-artifact
xiaomi,moonstone,thermal-mgame.conf,devices/xiaomi/moonstone/thermal/thermal-mgame.conf,thermal-engine-text,mi_thermald_aes,thermal-engine-text-v2,decoded,57.0,,,53.0,-4.0,mapped-artifact
xiaomi,moonstone,thermal-nolimits.conf,devices/xiaomi/moonstone/thermal/thermal-nolimits.conf,thermal-engine-text,mi_thermald_aes,thermal-engine-text-v2,decoded,56.0,,,53.0,-3.0,mapped-artifact
xiaomi,moonstone,thermal-normal-india.conf,devices/xiaomi/moonstone/thermal/thermal-normal-india.conf,thermal-engine-text,mi_thermald_aes,thermal-engine-text-v2,decoded,57.0,,,50.0,-7.0,mapped-artifact
xiaomi,moonstone,thermal-normal.conf,devices/xiaomi/moonstone/thermal/thermal-normal.conf,thermal-engine-text,mi_thermald_aes,thermal-engine-text-v2,decoded,57.0,,,50.0,-7.0,mapped-artifact
xiaomi,moonstone,thermal-phone.conf,devices/xiaomi/moonstone/thermal/thermal-phone.conf,thermal-engine-text,mi_thermald_aes,thermal-engine-text-v2,decoded,45.0,,,47.0,2.0,mapped-artifact
xiaomi,moonstone,thermal-region-map.conf,devices/xiaomi/moonstone/thermal/thermal-region-map.conf,text,mi_thermald_aes,,decoded,,,,,,mapped-artifact
xiaomi,moonstone,thermal-tgame.conf,devices/xiaomi/moonstone/thermal/thermal-tgame.conf,thermal-engine-text,mi_thermald_aes,thermal-engine-text-v2,decoded,57.0,,,53.0,-4.0,mapped-artifact
xiaomi,moonstone,thermal-video.conf,devices/xiaomi/moonstone/thermal/thermal-video.conf,thermal-engine-text,mi_thermald_aes,thermal-engine-text-v2,decoded,57.0,,,50.0,-7.0,mapped-artifact
xiaomi,moonstone,thermal-youtube.conf,devices/xiaomi/moonstone/thermal/thermal-youtube.conf,thermal-engine-text,mi_thermald_aes,thermal-engine-text-v2,decoded,57.0,,,51.0,-6.0,mapped-artifact
xiaomi,moonstone,thermald-devices.conf,devices/xiaomi/moonstone/thermal/thermald-devices.conf,thermal-engine-text,plain,thermal-engine-text-v2,plain,,,,,,mapped-artifact
xiaomi,munch,index.tsv,devices/xiaomi/munch/thermal/index.tsv,text,plain,,plain,,,,,,mapped-artifact
xiaomi,munch,thermal-4k.conf,devices/xiaomi/munch/thermal/thermal-4k.conf,thermal-engine-text,mi_thermald_aes,thermal-engine-text-v2,decoded,51.0,,,51.0,0.0,mapped-artifact
xiaomi,munch,thermal-8k.conf,devices/xiaomi/munch/thermal/thermal-8k.conf,thermal-engine-text,mi_thermald_aes,thermal-engine-text-v2,decoded,51.0,,,51.0,0.0,mapped-artifact
xiaomi,munch,thermal-camera.conf,devices/xiaomi/munch/thermal/thermal-camera.conf,thermal-engine-text,mi_thermald_aes,thermal-engine-text-v2,decoded,51.0,,,51.0,0.0,mapped-artifact
xiaomi,munch,thermal-chg-only.conf,devices/xiaomi/munch/thermal/thermal-chg-only.conf,thermal-engine-text,plain,thermal-engine-text-v2,plain,45.0,,,51.0,6.0,mapped-artifact
xiaomi,munch,thermal-class0.conf,devices/xiaomi/munch/thermal/thermal-class0.conf,thermal-engine-text,mi_thermald_aes,thermal-engine-text-v2,decoded,51.0,,,51.0,0.0,mapped-artifact
xiaomi,munch,thermal-engine.conf,devices/xiaomi/munch/thermal/thermal-engine.conf,text,plain,,plain,,,,,,mapped-artifact
xiaomi,munch,thermal-huanji.conf,devices/xiaomi/munch/thermal/thermal-huanji.conf,thermal-engine-text,mi_thermald_aes,thermal-engine-text-v2,decoded,51.0,,,49.0,-2.0,mapped-artifact
xiaomi,munch,thermal-map.conf,devices/xiaomi/munch/thermal/thermal-map.conf,thermal-engine-text,mi_thermald_aes,thermal-engine-text-v2,decoded,,,,,,mapped-artifact
xiaomi,munch,thermal-mgame.conf,devices/xiaomi/munch/thermal/thermal-mgame.conf,thermal-engine-text,mi_thermald_aes,thermal-engine-text-v2,decoded,51.0,,,51.0,0.0,mapped-artifact
xiaomi,munch,thermal-navigation.conf,devices/xiaomi/munch/thermal/thermal-navigation.conf,thermal-engine-text,mi_thermald_aes,thermal-engine-text-v2,decoded,51.0,,,51.0,0.0,mapped-artifact
xiaomi,munch,thermal-nolimits.conf,devices/xiaomi/munch/thermal/thermal-nolimits.conf,thermal-engine-text,mi_thermald_aes,thermal-engine-text-v2,decoded,51.0,,,,,mapped-artifact
xiaomi,munch,thermal-normal.conf,devices/xiaomi/munch/thermal/thermal-normal.conf,thermal-engine-text,mi_thermald_aes,thermal-engine-text-v2,decoded,51.0,,,51.0,0.0,mapped-artifact
xiaomi,munch,thermal-per-camera.conf,devices/xiaomi/munch/thermal/thermal-per-camera.conf,thermal-engine-text,mi_thermald_aes,thermal-engine-text-v2,decoded,51.0,,,51.0,0.0,mapped-artifact
xiaomi,munch,thermal-per-class0.conf,devices/xiaomi/munch/thermal/thermal-per-class0.conf,thermal-engine-text,mi_thermald_aes,thermal-engine-text-v2,decoded,51.0,,,51.0,0.0,mapped-artifact
xiaomi,munch,thermal-per-huanji.conf,devices/xiaomi/munch/thermal/thermal-per-huanji.conf,thermal-engine-text,mi_thermald_aes,thermal-engine-text-v2,decoded,51.0,,,49.0,-2.0,mapped-artifact
xiaomi,munch,thermal-per-navigation.conf,devices/xiaomi/munch/thermal/thermal-per-navigation.conf,thermal-engine-text,mi_thermald_aes,thermal-engine-text-v2,decoded,51.0,,,51.0,0.0,mapped-artifact
xiaomi,munch,thermal-per-normal.conf,devices/xiaomi/munch/thermal/thermal-per-normal.conf,thermal-engine-text,mi_thermald_aes,thermal-engine-text-v2,decoded,51.0,,,51.0,0.0,mapped-artifact
xiaomi,munch,thermal-per-video.conf,devices/xiaomi/munch/thermal/thermal-per-video.conf,thermal-engine-text,mi_thermald_aes,thermal-engine-text-v2,decoded,51.0,,,51.0,0.0,mapped-artifact
xiaomi,munch,thermal-per-videochat.conf,devices/xiaomi/munch/thermal/thermal-per-videochat.conf,thermal-engine-text,mi_thermald_aes,thermal-engine-text-v2,decoded,51.0,,,51.0,0.0,mapped-artifact
xiaomi,munch,thermal-phone.conf,devices/xiaomi/munch/thermal/thermal-phone.conf,thermal-engine-text,mi_thermald_aes,thermal-engine-text-v2,decoded,51.0,,,51.0,0.0,mapped-artifact
xiaomi,munch,thermal-tgame.conf,devices/xiaomi/munch/thermal/thermal-tgame.conf,thermal-engine-text,mi_thermald_aes,thermal-engine-text-v2,decoded,51.0,,,51.0,0.0,mapped-artifact
xiaomi,munch,thermal-video.conf,devices/xiaomi/munch/thermal/thermal-video.conf,thermal-engine-text,mi_thermald_aes,thermal-engine-text-v2,decoded,51.0,,,51.0,0.0,mapped-artifact
xiaomi,munch,thermal-videochat.conf,devices/xiaomi/munch/thermal/thermal-videochat.conf,thermal-engine-text,mi_thermald_aes,thermal-engine-text-v2,decoded,51.0,,,51.0,0.0,mapped-artifact
xiaomi,munch,thermald-devices.conf,devices/xiaomi/munch/thermal/thermald-devices.conf,thermal-engine-text,plain,thermal-engine-text-v2,plain,,,,,,mapped-artifact
xiaomi,nabu,index.tsv,devices/xiaomi/nabu/thermal/index.tsv,text,plain,,plain,,,,,,mapped-artifact
xiaomi,nabu,thermal-4k.conf,devices/xiaomi/nabu/thermal/thermal-4k.conf,thermal-engine-text,mi_thermald_aes,thermal-engine-text-v2,decoded,57.0,,,51.0,-6.0,mapped-artifact
xiaomi,nabu,thermal-camera.conf,devices/xiaomi/nabu/thermal/thermal-camera.conf,thermal-engine-text,mi_thermald_aes,thermal-engine-text-v2,decoded,57.0,,,51.0,-6.0,mapped-artifact
xiaomi,nabu,thermal-chg-only.conf,devices/xiaomi/nabu/thermal/thermal-chg-only.conf,thermal-engine-text,plain,thermal-engine-text-v2,plain,51.0,,,,,mapped-artifact
xiaomi,nabu,thermal-class0.conf,devices/xiaomi/nabu/thermal/thermal-class0.conf,thermal-engine-text,mi_thermald_aes,thermal-engine-text-v2,decoded,57.0,,,51.0,-6.0,mapped-artifact
xiaomi,nabu,thermal-engine.conf,devices/xiaomi/nabu/thermal/thermal-engine.conf,text,plain,,plain,,,,,,mapped-artifact
xiaomi,nabu,thermal-map.conf,devices/xiaomi/nabu/thermal/thermal-map.conf,thermal-engine-text,mi_thermald_aes,thermal-engine-text-v2,decoded,,,,,,mapped-artifact
xiaomi,nabu,thermal-mgame.conf,devices/xiaomi/nabu/thermal/thermal-mgame.conf,thermal-engine-text,mi_thermald_aes,thermal-engine-text-v2,decoded,57.0,,,51.0,-6.0,mapped-artifact
xiaomi,nabu,thermal-navigation.conf,devices/xiaomi/nabu/thermal/thermal-navigation.conf,thermal-engine-text,mi_thermald_aes,thermal-engine-text-v2,decoded,57.0,,,51.0,-6.0,mapped-artifact
xiaomi,nabu,thermal-nolimits.conf,devices/xiaomi/nabu/thermal/thermal-nolimits.conf,thermal-engine-text,mi_thermald_aes,thermal-engine-text-v2,decoded,52.0,,,,,mapped-artifact
xiaomi,nabu,thermal-normal.conf,devices/xiaomi/nabu/thermal/thermal-normal.conf,thermal-engine-text,mi_thermald_aes,thermal-engine-text-v2,decoded,57.0,,,51.0,-6.0,mapped-artifact
xiaomi,nabu,thermal-tgame.conf,devices/xiaomi/nabu/thermal/thermal-tgame.conf,thermal-engine-text,mi_thermald_aes,thermal-engine-text-v2,decoded,57.0,,,51.0,-6.0,mapped-artifact
xiaomi,nabu,thermal-video.conf,devices/xiaomi/nabu/thermal/thermal-video.conf,thermal-engine-text,mi_thermald_aes,thermal-engine-text-v2,decoded,57.0,,,51.0,-6.0,mapped-artifact
xiaomi,nabu,thermald-devices.conf,devices/xiaomi/nabu/thermal/thermald-devices.conf,thermal-engine-text,plain,thermal-engine-text-v2,plain,,,,,,mapped-artifact
xiaomi,natrium,index.tsv,devices/xiaomi/natrium/thermal/index.tsv,text,plain,,plain,,,,,,mapped-artifact
xiaomi,natrium,thermal-engine-8996-game.conf,devices/xiaomi/natrium/thermal/thermal-engine-8996-game.conf,thermal-engine-text,mi_thermald_aes,thermal-engine-text-v2,decoded,91.0,,,,,mapped-artifact
xiaomi,natrium,thermal-engine-8996-high.conf,devices/xiaomi/natrium/thermal/thermal-engine-8996-high.conf,thermal-engine-text,mi_thermald_aes,thermal-engine-text-v2,decoded,91.0,,,,,mapped-artifact
xiaomi,natrium,thermal-engine-8996-map.conf,devices/xiaomi/natrium/thermal/thermal-engine-8996-map.conf,thermal-engine-text,mi_thermald_aes,thermal-engine-text-v2,decoded,,,,,,mapped-artifact
xiaomi,natrium,thermal-engine-8996.conf,devices/xiaomi/natrium/thermal/thermal-engine-8996.conf,thermal-engine-text,mi_thermald_aes,thermal-engine-text-v2,decoded,91.0,,,,,mapped-artifact
xiaomi,nitrogen,index.tsv,devices/xiaomi/nitrogen/thermal/index.tsv,text,plain,,plain,,,,,,mapped-artifact
xiaomi,nitrogen,thermal-engine-sdm660-camera.conf,devices/xiaomi/nitrogen/thermal/thermal-engine-sdm660-camera.conf,thermal-engine-text,mi_thermald_aes,thermal-engine-text-v2,decoded,60.0,,,,,mapped-artifact
xiaomi,nitrogen,thermal-engine-sdm660-high.conf,devices/xiaomi/nitrogen/thermal/thermal-engine-sdm660-high.conf,thermal-engine-text,mi_thermald_aes,thermal-engine-text-v2,decoded,61.0,,,,,mapped-artifact
xiaomi,nitrogen,thermal-engine-sdm660-map.conf,devices/xiaomi/nitrogen/thermal/thermal-engine-sdm660-map.conf,thermal-engine-text,mi_thermald_aes,thermal-engine-text-v2,decoded,,,,,,mapped-artifact
xiaomi,nitrogen,thermal-engine-sdm660-nolimits.conf,devices/xiaomi/nitrogen/thermal/thermal-engine-sdm660-nolimits.conf,thermal-engine-text,mi_thermald_aes,thermal-engine-text-v2,decoded,60.0,,,,,mapped-artifact
xiaomi,nitrogen,thermal-engine-sdm660-pubgmhd.conf,devices/xiaomi/nitrogen/thermal/thermal-engine-sdm660-pubgmhd.conf,thermal-engine-text,mi_thermald_aes,thermal-engine-text-v2,decoded,60.0,,,,,mapped-artifact
xiaomi,nitrogen,thermal-engine-sdm660-sgame.conf,devices/xiaomi/nitrogen/thermal/thermal-engine-sdm660-sgame.conf,thermal-engine-text,mi_thermald_aes,thermal-engine-text-v2,decoded,60.0,,,,,mapped-artifact
xiaomi,nitrogen,thermal-engine-sdm660.conf,devices/xiaomi/nitrogen/thermal/thermal-engine-sdm660.conf,thermal-engine-text,mi_thermald_aes,thermal-engine-text-v2,decoded,61.0,,,,,mapped-artifact
xiaomi,nitrogen,thermal-engine.conf,devices/xiaomi/nitrogen/thermal/thermal-engine.conf,text,plain,,plain,,,,,,mapped-artifact
xiaomi,odin,index.tsv,devices/xiaomi/odin/thermal/index.tsv,text,plain,,plain,,,,,,mapped-artifact
xiaomi,odin,thermal-4k.conf,devices/xiaomi/odin/thermal/thermal-4k.conf,thermal-engine-text,mi_thermald_aes,thermal-engine-text-v2,decoded,69.0,,,51.0,-18.0,mapped-artifact
xiaomi,odin,thermal-8k.conf,devices/xiaomi/odin/thermal/thermal-8k.conf,thermal-engine-text,mi_thermald_aes,thermal-engine-text-v2,decoded,69.0,,,51.0,-18.0,mapped-artifact
xiaomi,odin,thermal-camera.conf,devices/xiaomi/odin/thermal/thermal-camera.conf,thermal-engine-text,mi_thermald_aes,thermal-engine-text-v2,decoded,69.0,,,51.0,-18.0,mapped-artifact
xiaomi,odin,thermal-chg-only.conf,devices/xiaomi/odin/thermal/thermal-chg-only.conf,thermal-engine-text,plain,thermal-engine-text-v2,plain,48.0,,,51.0,3.0,mapped-artifact
xiaomi,odin,thermal-class0.conf,devices/xiaomi/odin/thermal/thermal-class0.conf,thermal-engine-text,mi_thermald_aes,thermal-engine-text-v2,decoded,69.0,,,51.0,-18.0,mapped-artifact
xiaomi,odin,thermal-engine.conf,devices/xiaomi/odin/thermal/thermal-engine.conf,text,plain,,plain,,,,,,mapped-artifact
xiaomi,odin,thermal-huanji.conf,devices/xiaomi/odin/thermal/thermal-huanji.conf,thermal-engine-text,mi_thermald_aes,thermal-engine-text-v2,decoded,69.0,,,51.0,-18.0,mapped-artifact
xiaomi,odin,thermal-map.conf,devices/xiaomi/odin/thermal/thermal-map.conf,thermal-engine-text,mi_thermald_aes,thermal-engine-text-v2,decoded,,,,,,mapped-artifact
xiaomi,odin,thermal-mgame.conf,devices/xiaomi/odin/thermal/thermal-mgame.conf,thermal-engine-text,mi_thermald_aes,thermal-engine-text-v2,decoded,69.0,,,51.0,-18.0,mapped-artifact
xiaomi,odin,thermal-navigation.conf,devices/xiaomi/odin/thermal/thermal-navigation.conf,thermal-engine-text,mi_thermald_aes,thermal-engine-text-v2,decoded,69.0,,,51.0,-18.0,mapped-artifact
xiaomi,odin,thermal-nolimits.conf,devices/xiaomi/odin/thermal/thermal-nolimits.conf,thermal-engine-text,mi_thermald_aes,thermal-engine-text-v2,decoded,52.0,,,,,mapped-artifact
xiaomi,odin,thermal-normal.conf,devices/xiaomi/odin/thermal/thermal-normal.conf,thermal-engine-text,mi_thermald_aes,thermal-engine-text-v2,decoded,69.0,,,51.0,-18.0,mapped-artifact
xiaomi,odin,thermal-per-camera.conf,devices/xiaomi/odin/thermal/thermal-per-camera.conf,thermal-engine-text,mi_thermald_aes,thermal-engine-text-v2,decoded,69.0,,,51.0,-18.0,mapped-artifact
xiaomi,odin,thermal-per-class0.conf,devices/xiaomi/odin/thermal/thermal-per-class0.conf,thermal-engine-text,mi_thermald_aes,thermal-engine-text-v2,decoded,69.0,,,51.0,-18.0,mapped-artifact
xiaomi,odin,thermal-per-huanji.conf,devices/xiaomi/odin/thermal/thermal-per-huanji.conf,thermal-engine-text,mi_thermald_aes,thermal-engine-text-v2,decoded,69.0,,,51.0,-18.0,mapped-artifact
xiaomi,odin,thermal-per-navigation.conf,devices/xiaomi/odin/thermal/thermal-per-navigation.conf,thermal-engine-text,mi_thermald_aes,thermal-engine-text-v2,decoded,69.0,,,51.0,-18.0,mapped-artifact
xiaomi,odin,thermal-per-normal.conf,devices/xiaomi/odin/thermal/thermal-per-normal.conf,thermal-engine-text,mi_thermald_aes,thermal-engine-text-v2,decoded,69.0,,,51.0,-18.0,mapped-artifact
xiaomi,odin,thermal-per-video.conf,devices/xiaomi/odin/thermal/thermal-per-video.conf,thermal-engine-text,mi_thermald_aes,thermal-engine-text-v2,decoded,69.0,,,51.0,-18.0,mapped-artifact
xiaomi,odin,thermal-phone.conf,devices/xiaomi/odin/thermal/thermal-phone.conf,thermal-engine-text,mi_thermald_aes,thermal-engine-text-v2,decoded,69.0,,,51.0,-18.0,mapped-artifact
xiaomi,odin,thermal-tgame.conf,devices/xiaomi/odin/thermal/thermal-tgame.conf,thermal-engine-text,mi_thermald_aes,thermal-engine-text-v2,decoded,69.0,,,51.0,-18.0,mapped-artifact
xiaomi,odin,thermal-video.conf,devices/xiaomi/odin/thermal/thermal-video.conf,thermal-engine-text,mi_thermald_aes,thermal-engine-text-v2,decoded,69.0,,,51.0,-18.0,mapped-artifact
xiaomi,odin,thermald-devices.conf,devices/xiaomi/odin/thermal/thermald-devices.conf,thermal-engine-text,plain,thermal-engine-text-v2,plain,,,,,,mapped-artifact
xiaomi,olive,index.tsv,devices/xiaomi/olive/thermal/index.tsv,text,plain,,plain,,,,,,mapped-artifact
xiaomi,olive,thermal-engine-camera.conf,devices/xiaomi/olive/thermal/thermal-engine-camera.conf,thermal-engine-text,plain,thermal-engine-text-v2,plain,57.0,,,52.0,-5.0,mapped-artifact
xiaomi,olive,thermal-engine-high.conf,devices/xiaomi/olive/thermal/thermal-engine-high.conf,thermal-engine-text,plain,thermal-engine-text-v2,plain,70.0,,,52.0,-18.0,mapped-artifact
xiaomi,olive,thermal-engine-map.conf,devices/xiaomi/olive/thermal/thermal-engine-map.conf,thermal-engine-text,plain,thermal-engine-text-v2,plain,,,,,,mapped-artifact
xiaomi,olive,thermal-engine-nolimits.conf,devices/xiaomi/olive/thermal/thermal-engine-nolimits.conf,thermal-engine-text,plain,thermal-engine-text-v2,plain,70.0,,,,,mapped-artifact
xiaomi,olive,thermal-engine-normal.conf,devices/xiaomi/olive/thermal/thermal-engine-normal.conf,thermal-engine-text,plain,thermal-engine-text-v2,plain,70.0,,,52.0,-18.0,mapped-artifact
xiaomi,olive,thermal-engine-sgame.conf,devices/xiaomi/olive/thermal/thermal-engine-sgame.conf,thermal-engine-text,plain,thermal-engine-text-v2,plain,70.0,,,52.0,-18.0,mapped-artifact
xiaomi,olive,thermal-engine.conf,devices/xiaomi/olive/thermal/thermal-engine.conf,text,plain,,plain,,,,,,mapped-artifact
xiaomi,olivelite,index.tsv,devices/xiaomi/olivelite/thermal/index.tsv,text,plain,,plain,,,,,,mapped-artifact
xiaomi,olivelite,thermal-engine-camera.conf,devices/xiaomi/olivelite/thermal/thermal-engine-camera.conf,thermal-engine-text,plain,thermal-engine-text-v2,plain,57.0,,,52.0,-5.0,mapped-artifact
xiaomi,olivelite,thermal-engine-high.conf,devices/xiaomi/olivelite/thermal/thermal-engine-high.conf,thermal-engine-text,plain,thermal-engine-text-v2,plain,70.0,,,52.0,-18.0,mapped-artifact
xiaomi,olivelite,thermal-engine-map.conf,devices/xiaomi/olivelite/thermal/thermal-engine-map.conf,thermal-engine-text,plain,thermal-engine-text-v2,plain,,,,,,mapped-artifact
xiaomi,olivelite,thermal-engine-nolimits.conf,devices/xiaomi/olivelite/thermal/thermal-engine-nolimits.conf,thermal-engine-text,plain,thermal-engine-text-v2,plain,70.0,,,,,mapped-artifact
xiaomi,olivelite,thermal-engine-normal.conf,devices/xiaomi/olivelite/thermal/thermal-engine-normal.conf,thermal-engine-text,plain,thermal-engine-text-v2,plain,70.0,,,52.0,-18.0,mapped-artifact
xiaomi,olivelite,thermal-engine-sgame.conf,devices/xiaomi/olivelite/thermal/thermal-engine-sgame.conf,thermal-engine-text,plain,thermal-engine-text-v2,plain,70.0,,,52.0,-18.0,mapped-artifact
xiaomi,olivelite,thermal-engine.conf,devices/xiaomi/olivelite/thermal/thermal-engine.conf,text,plain,,plain,,,,,,mapped-artifact
xiaomi,olivewood,index.tsv,devices/xiaomi/olivewood/thermal/index.tsv,text,plain,,plain,,,,,,mapped-artifact
xiaomi,olivewood,thermal-engine-camera.conf,devices/xiaomi/olivewood/thermal/thermal-engine-camera.conf,thermal-engine-text,plain,thermal-engine-text-v2,plain,57.0,,,52.0,-5.0,mapped-artifact
xiaomi,olivewood,thermal-engine-high.conf,devices/xiaomi/olivewood/thermal/thermal-engine-high.conf,thermal-engine-text,plain,thermal-engine-text-v2,plain,70.0,,,52.0,-18.0,mapped-artifact
xiaomi,olivewood,thermal-engine-map.conf,devices/xiaomi/olivewood/thermal/thermal-engine-map.conf,thermal-engine-text,plain,thermal-engine-text-v2,plain,,,,,,mapped-artifact
xiaomi,olivewood,thermal-engine-nolimits.conf,devices/xiaomi/olivewood/thermal/thermal-engine-nolimits.conf,thermal-engine-text,plain,thermal-engine-text-v2,plain,70.0,,,,,mapped-artifact
xiaomi,olivewood,thermal-engine-normal.conf,devices/xiaomi/olivewood/thermal/thermal-engine-normal.conf,thermal-engine-text,plain,thermal-engine-text-v2,plain,70.0,,,52.0,-18.0,mapped-artifact
xiaomi,olivewood,thermal-engine-sgame.conf,devices/xiaomi/olivewood/thermal/thermal-engine-sgame.conf,thermal-engine-text,plain,thermal-engine-text-v2,plain,70.0,,,52.0,-18.0,mapped-artifact
xiaomi,olivewood,thermal-engine.conf,devices/xiaomi/olivewood/thermal/thermal-engine.conf,text,plain,,plain,,,,,,mapped-artifact
xiaomi,onc,index.tsv,devices/xiaomi/onc/thermal/index.tsv,text,plain,,plain,,,,,,mapped-artifact
xiaomi,onc,thermal-engine-map.conf,devices/xiaomi/onc/thermal/thermal-engine-map.conf,thermal-engine-text,plain,thermal-engine-text-v2,plain,,,,,,mapped-artifact
xiaomi,onc,thermal-engine-normal.conf,devices/xiaomi/onc/thermal/thermal-engine-normal.conf,thermal-engine-text,plain,thermal-engine-text-v2,plain,90.0,,,55.0,-35.0,mapped-artifact
xiaomi,onc,thermal-engine-video.conf,devices/xiaomi/onc/thermal/thermal-engine-video.conf,thermal-engine-text,plain,thermal-engine-text-v2,plain,90.0,,,55.0,-35.0,mapped-artifact
xiaomi,onc,thermal-engine.conf,devices/xiaomi/onc/thermal/thermal-engine.conf,text,plain,,plain,,,,,,mapped-artifact
xiaomi,opal,index.tsv,devices/xiaomi/opal/thermal/index.tsv,text,plain,,plain,,,,,,mapped-artifact
xiaomi,opal,thermal-arvr.conf,devices/xiaomi/opal/thermal/thermal-arvr.conf,thermal-engine-text,mi_thermald_aes,thermal-engine-text-v2,decoded,60.0,,,53.0,-7.0,mapped-artifact
xiaomi,opal,thermal-camera.conf,devices/xiaomi/opal/thermal/thermal-camera.conf,thermal-engine-text,mi_thermald_aes,thermal-engine-text-v2,decoded,68.0,,,53.0,-15.0,mapped-artifact
xiaomi,opal,thermal-chg-only.conf,devices/xiaomi/opal/thermal/thermal-chg-only.conf,thermal-engine-text,mi_thermald_aes,thermal-engine-text-v2,decoded,50.0,,,55.0,5.0,mapped-artifact
xiaomi,opal,thermal-class0.conf,devices/xiaomi/opal/thermal/thermal-class0.conf,thermal-engine-text,mi_thermald_aes,thermal-engine-text-v2,decoded,60.0,,,53.0,-7.0,mapped-artifact
xiaomi,opal,thermal-map.conf,devices/xiaomi/opal/thermal/thermal-map.conf,thermal-engine-text,mi_thermald_aes,thermal-engine-text-v2,decoded,,,,,,mapped-artifact
xiaomi,opal,thermal-mgame.conf,devices/xiaomi/opal/thermal/thermal-mgame.conf,thermal-engine-text,mi_thermald_aes,thermal-engine-text-v2,decoded,60.0,,,53.0,-7.0,mapped-artifact
xiaomi,opal,thermal-navigation.conf,devices/xiaomi/opal/thermal/thermal-navigation.conf,thermal-engine-text,mi_thermald_aes,thermal-engine-text-v2,decoded,60.0,,,53.0,-7.0,mapped-artifact
xiaomi,opal,thermal-nolimits.conf,devices/xiaomi/opal/thermal/thermal-nolimits.conf,thermal-engine-text,mi_thermald_aes,thermal-engine-text-v2,decoded,68.0,,,,,mapped-artifact
xiaomi,opal,thermal-normal.conf,devices/xiaomi/opal/thermal/thermal-normal.conf,thermal-engine-text,mi_thermald_aes,thermal-engine-text-v2,decoded,60.0,,,55.0,-5.0,mapped-artifact
xiaomi,opal,thermal-phone.conf,devices/xiaomi/opal/thermal/thermal-phone.conf,thermal-engine-text,mi_thermald_aes,thermal-engine-text-v2,decoded,60.0,,,55.0,-5.0,mapped-artifact
xiaomi,opal,thermal-tgame.conf,devices/xiaomi/opal/thermal/thermal-tgame.conf,thermal-engine-text,mi_thermald_aes,thermal-engine-text-v2,decoded,60.0,,,53.0,-7.0,mapped-artifact
xiaomi,opal,thermal-video.conf,devices/xiaomi/opal/thermal/thermal-video.conf,thermal-engine-text,mi_thermald_aes,thermal-engine-text-v2,decoded,60.0,,,53.0,-7.0,mapped-artifact
xiaomi,opal,thermal-youtube.conf,devices/xiaomi/opal/thermal/thermal-youtube.conf,thermal-engine-text,mi_thermald_aes,thermal-engine-text-v2,decoded,60.0,,,53.0,-7.0,mapped-artifact
xiaomi,opal,thermald-devices.conf,devices/xiaomi/opal/thermal/thermald-devices.conf,thermal-engine-text,plain,thermal-engine-text-v2,plain,,,,,,mapped-artifact
xiaomi,perseus,index.tsv,devices/xiaomi/perseus/thermal/index.tsv,text,plain,,plain,,,,,,mapped-artifact
xiaomi,perseus,thermal-engine-sdm845-arvr.conf,devices/xiaomi/perseus/thermal/thermal-engine-sdm845-arvr.conf,thermal-engine-text,mi_thermald_aes,thermal-engine-text-v2,decoded,60.0,,,,,mapped-artifact
xiaomi,perseus,thermal-engine-sdm845-camera.conf,devices/xiaomi/perseus/thermal/thermal-engine-sdm845-camera.conf,thermal-engine-text,mi_thermald_aes,thermal-engine-text-v2,decoded,60.0,,,,,mapped-artifact
xiaomi,perseus,thermal-engine-sdm845-class0.conf,devices/xiaomi/perseus/thermal/thermal-engine-sdm845-class0.conf,thermal-engine-text,mi_thermald_aes,thermal-engine-text-v2,decoded,60.0,,,,,mapped-artifact
xiaomi,perseus,thermal-engine-sdm845-extreme.conf,devices/xiaomi/perseus/thermal/thermal-engine-sdm845-extreme.conf,thermal-engine-text,mi_thermald_aes,thermal-engine-text-v2,decoded,100.0,,,,,mapped-artifact
xiaomi,perseus,thermal-engine-sdm845-high.conf,devices/xiaomi/perseus/thermal/thermal-engine-sdm845-high.conf,thermal-engine-text,mi_thermald_aes,thermal-engine-text-v2,decoded,61.0,,,,,mapped-artifact
xiaomi,perseus,thermal-engine-sdm845-map.conf,devices/xiaomi/perseus/thermal/thermal-engine-sdm845-map.conf,thermal-engine-text,mi_thermald_aes,thermal-engine-text-v2,decoded,,,,,,mapped-artifact
xiaomi,perseus,thermal-engine-sdm845-nolimits.conf,devices/xiaomi/perseus/thermal/thermal-engine-sdm845-nolimits.conf,thermal-engine-text,mi_thermald_aes,thermal-engine-text-v2,decoded,60.0,,,,,mapped-artifact
xiaomi,perseus,thermal-engine-sdm845-phone.conf,devices/xiaomi/perseus/thermal/thermal-engine-sdm845-phone.conf,thermal-engine-text,mi_thermald_aes,thermal-engine-text-v2,decoded,60.0,,,,,mapped-artifact
xiaomi,perseus,thermal-engine-sdm845-pubgmhd.conf,devices/xiaomi/perseus/thermal/thermal-engine-sdm845-pubgmhd.conf,thermal-engine-text,mi_thermald_aes,thermal-engine-text-v2,decoded,60.0,,,,,mapped-artifact
xiaomi,perseus,thermal-engine-sdm845-sgame.conf,devices/xiaomi/perseus/thermal/thermal-engine-sdm845-sgame.conf,thermal-engine-text,mi_thermald_aes,thermal-engine-text-v2,decoded,60.0,,,,,mapped-artifact
xiaomi,perseus,thermal-engine-sdm845-tgame.conf,devices/xiaomi/perseus/thermal/thermal-engine-sdm845-tgame.conf,thermal-engine-text,mi_thermald_aes,thermal-engine-text-v2,decoded,60.0,,,,,mapped-artifact
xiaomi,perseus,thermal-engine-sdm845.conf,devices/xiaomi/perseus/thermal/thermal-engine-sdm845.conf,thermal-engine-text,mi_thermald_aes,thermal-engine-text-v2,decoded,61.0,,,,,mapped-artifact
xiaomi,perseus,thermal-engine.conf,devices/xiaomi/perseus/thermal/thermal-engine.conf,text,plain,,plain,,,,,,mapped-artifact
xiaomi,phoenix,index.tsv,devices/xiaomi/phoenix/thermal/index.tsv,text,plain,,plain,,,,,,mapped-artifact
xiaomi,phoenix,thermal-4k.conf,devices/xiaomi/phoenix/thermal/thermal-4k.conf,thermal-engine-text,mi_thermald_aes,thermal-engine-text-v2,decoded,60.0,,,54.0,-6.0,mapped-artifact
xiaomi,phoenix,thermal-arvr.conf,devices/xiaomi/phoenix/thermal/thermal-arvr.conf,thermal-engine-text,mi_thermald_aes,thermal-engine-text-v2,decoded,60.0,,,16.0,-44.0,mapped-artifact
xiaomi,phoenix,thermal-camera.conf,devices/xiaomi/phoenix/thermal/thermal-camera.conf,thermal-engine-text,mi_thermald_aes,thermal-engine-text-v2,decoded,60.0,,,54.0,-6.0,mapped-artifact
xiaomi,phoenix,thermal-chg-only.conf,devices/xiaomi/phoenix/thermal/thermal-chg-only.conf,thermal-engine-text,plain,thermal-engine-text-v2,plain,60.0,,,54.0,-6.0,mapped-artifact
xiaomi,phoenix,thermal-engine.conf,devices/xiaomi/phoenix/thermal/thermal-engine.conf,text,plain,,plain,,,,,,mapped-artifact
xiaomi,phoenix,thermal-map.conf,devices/xiaomi/phoenix/thermal/thermal-map.conf,thermal-engine-text,mi_thermald_aes,thermal-engine-text-v2,decoded,,,,,,mapped-artifact
xiaomi,phoenix,thermal-nolimits.conf,devices/xiaomi/phoenix/thermal/thermal-nolimits.conf,thermal-engine-text,mi_thermald_aes,thermal-engine-text-v2,decoded,60.0,,,53.0,-7.0,mapped-artifact
xiaomi,phoenix,thermal-normal.conf,devices/xiaomi/phoenix/thermal/thermal-normal.conf,thermal-engine-text,mi_thermald_aes,thermal-engine-text-v2,decoded,60.0,,,54.0,-6.0,mapped-artifact
xiaomi,phoenix,thermal-phone.conf,devices/xiaomi/phoenix/thermal/thermal-phone.conf,thermal-engine-text,mi_thermald_aes,thermal-engine-text-v2,decoded,60.0,,,53.0,-7.0,mapped-artifact
xiaomi,phoenix,thermal-tgame.conf,devices/xiaomi/phoenix/thermal/thermal-tgame.conf,thermal-engine-text,mi_thermald_aes,thermal-engine-text-v2,decoded,62.0,,,54.0,-8.0,mapped-artifact
xiaomi,phoenix,thermald-devices.conf,devices/xiaomi/phoenix/thermal/thermald-devices.conf,thermal-engine-text,plain,thermal-engine-text-v2,plain,,,,,,mapped-artifact
xiaomi,phoenixin,index.tsv,devices/xiaomi/phoenixin/thermal/index.tsv,text,plain,,plain,,,,,,mapped-artifact
xiaomi,phoenixin,thermal-4k.conf,devices/xiaomi/phoenixin/thermal/thermal-4k.conf,thermal-engine-text,mi_thermald_aes,thermal-engine-text-v2,decoded,60.0,,,54.0,-6.0,mapped-artifact
xiaomi,phoenixin,thermal-arvr.conf,devices/xiaomi/phoenixin/thermal/thermal-arvr.conf,thermal-engine-text,mi_thermald_aes,thermal-engine-text-v2,decoded,60.0,,,16.0,-44.0,mapped-artifact
xiaomi,phoenixin,thermal-camera.conf,devices/xiaomi/phoenixin/thermal/thermal-camera.conf,thermal-engine-text,mi_thermald_aes,thermal-engine-text-v2,decoded,60.0,,,54.0,-6.0,mapped-artifact
xiaomi,phoenixin,thermal-chg-only.conf,devices/xiaomi/phoenixin/thermal/thermal-chg-only.conf,thermal-engine-text,plain,thermal-engine-text-v2,plain,60.0,,,54.0,-6.0,mapped-artifact
xiaomi,phoenixin,thermal-engine.conf,devices/xiaomi/phoenixin/thermal/thermal-engine.conf,text,plain,,plain,,,,,,mapped-artifact
xiaomi,phoenixin,thermal-map.conf,devices/xiaomi/phoenixin/thermal/thermal-map.conf,thermal-engine-text,mi_thermald_aes,thermal-engine-text-v2,decoded,,,,,,mapped-artifact
xiaomi,phoenixin,thermal-nolimits.conf,devices/xiaomi/phoenixin/thermal/thermal-nolimits.conf,thermal-engine-text,mi_thermald_aes,thermal-engine-text-v2,decoded,60.0,,,53.0,-7.0,mapped-artifact
xiaomi,phoenixin,thermal-normal.conf,devices/xiaomi/phoenixin/thermal/thermal-normal.conf,thermal-engine-text,mi_thermald_aes,thermal-engine-text-v2,decoded,60.0,,,54.0,-6.0,mapped-artifact
xiaomi,phoenixin,thermal-phone.conf,devices/xiaomi/phoenixin/thermal/thermal-phone.conf,thermal-engine-text,mi_thermald_aes,thermal-engine-text-v2,decoded,60.0,,,53.0,-7.0,mapped-artifact
xiaomi,phoenixin,thermal-tgame.conf,devices/xiaomi/phoenixin/thermal/thermal-tgame.conf,thermal-engine-text,mi_thermald_aes,thermal-engine-text-v2,decoded,62.0,,,54.0,-8.0,mapped-artifact
xiaomi,phoenixin,thermald-devices.conf,devices/xiaomi/phoenixin/thermal/thermald-devices.conf,thermal-engine-text,plain,thermal-engine-text-v2,plain,,,,,,mapped-artifact
xiaomi,picasso,index.tsv,devices/xiaomi/picasso/thermal/index.tsv,text,plain,,plain,,,,,,mapped-artifact
xiaomi,picasso,thermal-4k.conf,devices/xiaomi/picasso/thermal/thermal-4k.conf,thermal-engine-text,mi_thermald_aes,thermal-engine-text-v2,decoded,60.0,,,54.0,-6.0,mapped-artifact
xiaomi,picasso,thermal-arvr.conf,devices/xiaomi/picasso/thermal/thermal-arvr.conf,thermal-engine-text,mi_thermald_aes,thermal-engine-text-v2,decoded,60.0,,,16.0,-44.0,mapped-artifact
xiaomi,picasso,thermal-camera.conf,devices/xiaomi/picasso/thermal/thermal-camera.conf,thermal-engine-text,mi_thermald_aes,thermal-engine-text-v2,decoded,60.0,,,54.0,-6.0,mapped-artifact
xiaomi,picasso,thermal-chg-only.conf,devices/xiaomi/picasso/thermal/thermal-chg-only.conf,thermal-engine-text,plain,thermal-engine-text-v2,plain,60.0,,,54.0,-6.0,mapped-artifact
xiaomi,picasso,thermal-engine.conf,devices/xiaomi/picasso/thermal/thermal-engine.conf,text,plain,,plain,,,,,,mapped-artifact
xiaomi,picasso,thermal-map.conf,devices/xiaomi/picasso/thermal/thermal-map.conf,thermal-engine-text,mi_thermald_aes,thermal-engine-text-v2,decoded,,,,,,mapped-artifact
xiaomi,picasso,thermal-nolimits.conf,devices/xiaomi/picasso/thermal/thermal-nolimits.conf,thermal-engine-text,mi_thermald_aes,thermal-engine-text-v2,decoded,60.0,,,54.0,-6.0,mapped-artifact
xiaomi,picasso,thermal-normal.conf,devices/xiaomi/picasso/thermal/thermal-normal.conf,thermal-engine-text,mi_thermald_aes,thermal-engine-text-v2,decoded,60.0,,,54.0,-6.0,mapped-artifact
xiaomi,picasso,thermal-phone.conf,devices/xiaomi/picasso/thermal/thermal-phone.conf,thermal-engine-text,mi_thermald_aes,thermal-engine-text-v2,decoded,60.0,,,53.0,-7.0,mapped-artifact
xiaomi,picasso,thermal-tgame.conf,devices/xiaomi/picasso/thermal/thermal-tgame.conf,thermal-engine-text,mi_thermald_aes,thermal-engine-text-v2,decoded,62.0,,,54.0,-8.0,mapped-artifact
xiaomi,picasso,thermal-youtube.conf,devices/xiaomi/picasso/thermal/thermal-youtube.conf,thermal-engine-text,mi_thermald_aes,thermal-engine-text-v2,decoded,60.0,,,54.0,-6.0,mapped-artifact
xiaomi,picasso,thermald-devices.conf,devices/xiaomi/picasso/thermal/thermald-devices.conf,thermal-engine-text,plain,thermal-engine-text-v2,plain,,,,,,mapped-artifact
xiaomi,pine,index.tsv,devices/xiaomi/pine/thermal/index.tsv,text,plain,,plain,,,,,,mapped-artifact
xiaomi,pine,thermal-engine-camera.conf,devices/xiaomi/pine/thermal/thermal-engine-camera.conf,thermal-engine-text,plain,thermal-engine-text-v2,plain,57.0,,,52.0,-5.0,mapped-artifact
xiaomi,pine,thermal-engine-high.conf,devices/xiaomi/pine/thermal/thermal-engine-high.conf,thermal-engine-text,plain,thermal-engine-text-v2,plain,70.0,,,52.0,-18.0,mapped-artifact
xiaomi,pine,thermal-engine-map.conf,devices/xiaomi/pine/thermal/thermal-engine-map.conf,thermal-engine-text,plain,thermal-engine-text-v2,plain,,,,,,mapped-artifact
xiaomi,pine,thermal-engine-nolimits.conf,devices/xiaomi/pine/thermal/thermal-engine-nolimits.conf,thermal-engine-text,plain,thermal-engine-text-v2,plain,70.0,,,,,mapped-artifact
xiaomi,pine,thermal-engine-normal.conf,devices/xiaomi/pine/thermal/thermal-engine-normal.conf,thermal-engine-text,plain,thermal-engine-text-v2,plain,70.0,,,52.0,-18.0,mapped-artifact
xiaomi,pine,thermal-engine-sgame.conf,devices/xiaomi/pine/thermal/thermal-engine-sgame.conf,thermal-engine-text,plain,thermal-engine-text-v2,plain,70.0,,,52.0,-18.0,mapped-artifact
xiaomi,pine,thermal-engine.conf,devices/xiaomi/pine/thermal/thermal-engine.conf,text,plain,,plain,,,,,,mapped-artifact
xiaomi,pipa,index.tsv,devices/xiaomi/pipa/thermal/index.tsv,text,plain,,plain,,,,,,mapped-artifact
xiaomi,pipa,thermal-4k.conf,devices/xiaomi/pipa/thermal/thermal-4k.conf,thermal-engine-text,mi_thermald_aes,thermal-engine-text-v2,decoded,65.0,,,53.0,-12.0,mapped-artifact
xiaomi,pipa,thermal-camera.conf,devices/xiaomi/pipa/thermal/thermal-camera.conf,thermal-engine-text,mi_thermald_aes,thermal-engine-text-v2,decoded,65.0,,,53.0,-12.0,mapped-artifact
xiaomi,pipa,thermal-cclassvideo.conf,devices/xiaomi/pipa/thermal/thermal-cclassvideo.conf,thermal-engine-text,mi_thermald_aes,thermal-engine-text-v2,decoded,65.0,,,53.0,-12.0,mapped-artifact
xiaomi,pipa,thermal-cgame.conf,devices/xiaomi/pipa/thermal/thermal-cgame.conf,thermal-engine-text,mi_thermald_aes,thermal-engine-text-v2,decoded,65.0,,,52.0,-13.0,mapped-artifact
xiaomi,pipa,thermal-chg-only.conf,devices/xiaomi/pipa/thermal/thermal-chg-only.conf,thermal-engine-text,plain,thermal-engine-text-v2,plain,45.0,,,51.0,6.0,mapped-artifact
xiaomi,pipa,thermal-class0.conf,devices/xiaomi/pipa/thermal/thermal-class0.conf,thermal-engine-text,mi_thermald_aes,thermal-engine-text-v2,decoded,65.0,,,53.0,-12.0,mapped-artifact
xiaomi,pipa,thermal-engine.conf,devices/xiaomi/pipa/thermal/thermal-engine.conf,text,plain,,plain,,,,,,mapped-artifact
xiaomi,pipa,thermal-global-4k.conf,devices/xiaomi/pipa/thermal/thermal-global-4k.conf,thermal-engine-text,mi_thermald_aes,thermal-engine-text-v2,decoded,65.0,,,53.0,-12.0,mapped-artifact
xiaomi,pipa,thermal-global-camera.conf,devices/xiaomi/pipa/thermal/thermal-global-camera.conf,thermal-engine-text,mi_thermald_aes,thermal-engine-text-v2,decoded,65.0,,,53.0,-12.0,mapped-artifact
xiaomi,pipa,thermal-global-chg-only.conf,devices/xiaomi/pipa/thermal/thermal-global-chg-only.conf,thermal-engine-text,plain,thermal-engine-text-v2,plain,45.0,,,,,mapped-artifact
xiaomi,pipa,thermal-global-class0.conf,devices/xiaomi/pipa/thermal/thermal-global-class0.conf,thermal-engine-text,mi_thermald_aes,thermal-engine-text-v2,decoded,65.0,,,53.0,-12.0,mapped-artifact
xiaomi,pipa,thermal-global-hp-mgame.conf,devices/xiaomi/pipa/thermal/thermal-global-hp-mgame.conf,thermal-engine-text,mi_thermald_aes,thermal-engine-text-v2,decoded,63.0,,,52.0,-11.0,mapped-artifact
xiaomi,pipa,thermal-global-hp-normal.conf,devices/xiaomi/pipa/thermal/thermal-global-hp-normal.conf,thermal-engine-text,mi_thermald_aes,thermal-engine-text-v2,decoded,63.0,,,53.0,-10.0,mapped-artifact
xiaomi,pipa,thermal-global-huanji.conf,devices/xiaomi/pipa/thermal/thermal-global-huanji.conf,thermal-engine-text,mi_thermald_aes,thermal-engine-text-v2,decoded,65.0,,,51.0,-14.0,mapped-artifact
xiaomi,pipa,thermal-global-mgame.conf,devices/xiaomi/pipa/thermal/thermal-global-mgame.conf,thermal-engine-text,mi_thermald_aes,thermal-engine-text-v2,decoded,65.0,,,52.0,-13.0,mapped-artifact
xiaomi,pipa,thermal-global-nolimits.conf,devices/xiaomi/pipa/thermal/thermal-global-nolimits.conf,thermal-engine-text,mi_thermald_aes,thermal-engine-text-v2,decoded,53.0,,,53.0,0.0,mapped-artifact
xiaomi,pipa,thermal-global-normal.conf,devices/xiaomi/pipa/thermal/thermal-global-normal.conf,thermal-engine-text,mi_thermald_aes,thermal-engine-text-v2,decoded,65.0,,,53.0,-12.0,mapped-artifact
xiaomi,pipa,thermal-global-tgame.conf,devices/xiaomi/pipa/thermal/thermal-global-tgame.conf,thermal-engine-text,mi_thermald_aes,thermal-engine-text-v2,decoded,65.0,,,53.0,-12.0,mapped-artifact
xiaomi,pipa,thermal-global-video.conf,devices/xiaomi/pipa/thermal/thermal-global-video.conf,thermal-engine-text,mi_thermald_aes,thermal-engine-text-v2,decoded,65.0,,,53.0,-12.0,mapped-artifact
xiaomi,pipa,thermal-global-videochat.conf,devices/xiaomi/pipa/thermal/thermal-global-videochat.conf,thermal-engine-text,mi_thermald_aes,thermal-engine-text-v2,decoded,65.0,,,53.0,-12.0,mapped-artifact
xiaomi,pipa,thermal-huanji.conf,devices/xiaomi/pipa/thermal/thermal-huanji.conf,thermal-engine-text,mi_thermald_aes,thermal-engine-text-v2,decoded,65.0,,,51.0,-14.0,mapped-artifact
xiaomi,pipa,thermal-india-4k.conf,devices/xiaomi/pipa/thermal/thermal-india-4k.conf,thermal-engine-text,mi_thermald_aes,thermal-engine-text-v2,decoded,65.0,,,53.0,-12.0,mapped-artifact
xiaomi,pipa,thermal-india-camera.conf,devices/xiaomi/pipa/thermal/thermal-india-camera.conf,thermal-engine-text,mi_thermald_aes,thermal-engine-text-v2,decoded,65.0,,,53.0,-12.0,mapped-artifact
xiaomi,pipa,thermal-india-chg-only.conf,devices/xiaomi/pipa/thermal/thermal-india-chg-only.conf,thermal-engine-text,plain,thermal-engine-text-v2,plain,45.0,,,,,mapped-artifact
xiaomi,pipa,thermal-india-class0.conf,devices/xiaomi/pipa/thermal/thermal-india-class0.conf,thermal-engine-text,mi_thermald_aes,thermal-engine-text-v2,decoded,65.0,,,53.0,-12.0,mapped-artifact
xiaomi,pipa,thermal-india-huanji.conf,devices/xiaomi/pipa/thermal/thermal-india-huanji.conf,thermal-engine-text,mi_thermald_aes,thermal-engine-text-v2,decoded,65.0,,,50.0,-15.0,mapped-artifact
xiaomi,pipa,thermal-india-mgame.conf,devices/xiaomi/pipa/thermal/thermal-india-mgame.conf,thermal-engine-text,mi_thermald_aes,thermal-engine-text-v2,decoded,65.0,,,52.0,-13.0,mapped-artifact
xiaomi,pipa,thermal-india-nolimits.conf,devices/xiaomi/pipa/thermal/thermal-india-nolimits.conf,thermal-engine-text,mi_thermald_aes,thermal-engine-text-v2,decoded,54.0,,,,,mapped-artifact
xiaomi,pipa,thermal-india-normal.conf,devices/xiaomi/pipa/thermal/thermal-india-normal.conf,thermal-engine-text,mi_thermald_aes,thermal-engine-text-v2,decoded,65.0,,,53.0,-12.0,mapped-artifact
xiaomi,pipa,thermal-india-tgame.conf,devices/xiaomi/pipa/thermal/thermal-india-tgame.conf,thermal-engine-text,mi_thermald_aes,thermal-engine-text-v2,decoded,65.0,,,53.0,-12.0,mapped-artifact
xiaomi,pipa,thermal-india-video.conf,devices/xiaomi/pipa/thermal/thermal-india-video.conf,thermal-engine-text,mi_thermald_aes,thermal-engine-text-v2,decoded,65.0,,,53.0,-12.0,mapped-artifact
xiaomi,pipa,thermal-india-videochat.conf,devices/xiaomi/pipa/thermal/thermal-india-videochat.conf,thermal-engine-text,mi_thermald_aes,thermal-engine-text-v2,decoded,65.0,,,53.0,-12.0,mapped-artifact
xiaomi,pipa,thermal-map-global.conf,devices/xiaomi/pipa/thermal/thermal-map-global.conf,thermal-engine-text,mi_thermald_aes,thermal-engine-text-v2,decoded,,,,,,mapped-artifact
xiaomi,pipa,thermal-map-india.conf,devices/xiaomi/pipa/thermal/thermal-map-india.conf,thermal-engine-text,mi_thermald_aes,thermal-engine-text-v2,decoded,,,,,,mapped-artifact
xiaomi,pipa,thermal-map.conf,devices/xiaomi/pipa/thermal/thermal-map.conf,thermal-engine-text,mi_thermald_aes,thermal-engine-text-v2,decoded,,,,,,mapped-artifact
xiaomi,pipa,thermal-mgame.conf,devices/xiaomi/pipa/thermal/thermal-mgame.conf,thermal-engine-text,mi_thermald_aes,thermal-engine-text-v2,decoded,65.0,,,52.0,-13.0,mapped-artifact
xiaomi,pipa,thermal-nolimits.conf,devices/xiaomi/pipa/thermal/thermal-nolimits.conf,thermal-engine-text,mi_thermald_aes,thermal-engine-text-v2,decoded,53.0,,,53.0,0.0,mapped-artifact
xiaomi,pipa,thermal-normal.conf,devices/xiaomi/pipa/thermal/thermal-normal.conf,thermal-engine-text,mi_thermald_aes,thermal-engine-text-v2,decoded,65.0,,,53.0,-12.0,mapped-artifact
xiaomi,pipa,thermal-region-map.conf,devices/xiaomi/pipa/thermal/thermal-region-map.conf,text,mi_thermald_aes,,decoded,,,,,,mapped-artifact
xiaomi,pipa,thermal-tgame.conf,devices/xiaomi/pipa/thermal/thermal-tgame.conf,thermal-engine-text,mi_thermald_aes,thermal-engine-text-v2,decoded,65.0,,,53.0,-12.0,mapped-artifact
xiaomi,pipa,thermal-video.conf,devices/xiaomi/pipa/thermal/thermal-video.conf,thermal-engine-text,mi_thermald_aes,thermal-engine-text-v2,decoded,65.0,,,53.0,-12.0,mapped-artifact
xiaomi,pipa,thermal-videochat.conf,devices/xiaomi/pipa/thermal/thermal-videochat.conf,thermal-engine-text,mi_thermald_aes,thermal-engine-text-v2,decoded,65.0,,,53.0,-12.0,mapped-artifact
xiaomi,pipa,thermal-yuanshen.conf,devices/xiaomi/pipa/thermal/thermal-yuanshen.conf,thermal-engine-text,mi_thermald_aes,thermal-engine-text-v2,decoded,65.0,,,53.0,-12.0,mapped-artifact
xiaomi,pipa,thermald-devices.conf,devices/xiaomi/pipa/thermal/thermald-devices.conf,thermal-engine-text,plain,thermal-engine-text-v2,plain,,,,,,mapped-artifact
xiaomi,pissarro,index.tsv,devices/xiaomi/pissarro/thermal/index.tsv,text,plain,,plain,,,,,,mapped-artifact
xiaomi,pissarro,thermal-4k.conf,devices/xiaomi/pissarro/thermal/thermal-4k.conf,thermal-engine-text,mi_thermald_aes,thermal-engine-text-v2,decoded,85.0,,,90.0,5.0,mapped-artifact
xiaomi,pissarro,thermal-camera.conf,devices/xiaomi/pissarro/thermal/thermal-camera.conf,thermal-engine-text,mi_thermald_aes,thermal-engine-text-v2,decoded,85.0,,,90.0,5.0,mapped-artifact
xiaomi,pissarro,thermal-chg-only.conf,devices/xiaomi/pissarro/thermal/thermal-chg-only.conf,thermal-engine-text,plain,thermal-engine-text-v2,plain,60.0,,,,,mapped-artifact
xiaomi,pissarro,thermal-class0.conf,devices/xiaomi/pissarro/thermal/thermal-class0.conf,thermal-engine-text,mi_thermald_aes,thermal-engine-text-v2,decoded,85.0,,,90.0,5.0,mapped-artifact
xiaomi,pissarro,thermal-global-per-u-camera.conf,devices/xiaomi/pissarro/thermal/thermal-global-per-u-camera.conf,thermal-engine-text,mi_thermald_aes,thermal-engine-text-v2,decoded,100.0,,,51.0,-49.0,mapped-artifact
xiaomi,pissarro,thermal-global-per-u-class0.conf,devices/xiaomi/pissarro/thermal/thermal-global-per-u-class0.conf,thermal-engine-text,mi_thermald_aes,thermal-engine-text-v2,decoded,85.0,,,90.0,5.0,mapped-artifact
xiaomi,pissarro,thermal-global-per-u-huanji.conf,devices/xiaomi/pissarro/thermal/thermal-global-per-u-huanji.conf,thermal-engine-text,mi_thermald_aes,thermal-engine-text-v2,decoded,85.0,,,90.0,5.0,mapped-artifact
xiaomi,pissarro,thermal-global-per-u-navigation.conf,devices/xiaomi/pissarro/thermal/thermal-global-per-u-navigation.conf,thermal-engine-text,mi_thermald_aes,thermal-engine-text-v2,decoded,85.0,,,90.0,5.0,mapped-artifact
xiaomi,pissarro,thermal-global-per-u-normal.conf,devices/xiaomi/pissarro/thermal/thermal-global-per-u-normal.conf,thermal-engine-text,mi_thermald_aes,thermal-engine-text-v2,decoded,85.0,,,90.0,5.0,mapped-artifact
xiaomi,pissarro,thermal-global-per-u-video.conf,devices/xiaomi/pissarro/thermal/thermal-global-per-u-video.conf,thermal-engine-text,mi_thermald_aes,thermal-engine-text-v2,decoded,85.0,,,90.0,5.0,mapped-artifact
xiaomi,pissarro,thermal-global-u-4k.conf,devices/xiaomi/pissarro/thermal/thermal-global-u-4k.conf,thermal-engine-text,mi_thermald_aes,thermal-engine-text-v2,decoded,85.0,,,90.0,5.0,mapped-artifact
xiaomi,pissarro,thermal-global-u-camera.conf,devices/xiaomi/pissarro/thermal/thermal-global-u-camera.conf,thermal-engine-text,mi_thermald_aes,thermal-engine-text-v2,decoded,85.0,,,90.0,5.0,mapped-artifact
xiaomi,pissarro,thermal-global-u-chg-only.conf,devices/xiaomi/pissarro/thermal/thermal-global-u-chg-only.conf,thermal-engine-text,plain,thermal-engine-text-v2,plain,60.0,,,,,mapped-artifact
xiaomi,pissarro,thermal-global-u-class0.conf,devices/xiaomi/pissarro/thermal/thermal-global-u-class0.conf,thermal-engine-text,mi_thermald_aes,thermal-engine-text-v2,decoded,85.0,,,90.0,5.0,mapped-artifact
xiaomi,pissarro,thermal-global-u-huanji.conf,devices/xiaomi/pissarro/thermal/thermal-global-u-huanji.conf,thermal-engine-text,mi_thermald_aes,thermal-engine-text-v2,decoded,85.0,,,90.0,5.0,mapped-artifact
xiaomi,pissarro,thermal-global-u-mgame.conf,devices/xiaomi/pissarro/thermal/thermal-global-u-mgame.conf,thermal-engine-text,mi_thermald_aes,thermal-engine-text-v2,decoded,85.0,,,90.0,5.0,mapped-artifact
xiaomi,pissarro,thermal-global-u-navigation.conf,devices/xiaomi/pissarro/thermal/thermal-global-u-navigation.conf,thermal-engine-text,mi_thermald_aes,thermal-engine-text-v2,decoded,85.0,,,90.0,5.0,mapped-artifact
xiaomi,pissarro,thermal-global-u-nolimits.conf,devices/xiaomi/pissarro/thermal/thermal-global-u-nolimits.conf,thermal-engine-text,mi_thermald_aes,thermal-engine-text-v2,decoded,85.0,,,90.0,5.0,mapped-artifact
xiaomi,pissarro,thermal-global-u-normal.conf,devices/xiaomi/pissarro/thermal/thermal-global-u-normal.conf,thermal-engine-text,mi_thermald_aes,thermal-engine-text-v2,decoded,85.0,,,90.0,5.0,mapped-artifact
xiaomi,pissarro,thermal-global-u-phone.conf,devices/xiaomi/pissarro/thermal/thermal-global-u-phone.conf,thermal-engine-text,mi_thermald_aes,thermal-engine-text-v2,decoded,85.0,,,90.0,5.0,mapped-artifact
xiaomi,pissarro,thermal-global-u-tgame.conf,devices/xiaomi/pissarro/thermal/thermal-global-u-tgame.conf,thermal-engine-text,mi_thermald_aes,thermal-engine-text-v2,decoded,85.0,,,90.0,5.0,mapped-artifact
xiaomi,pissarro,thermal-global-u-video.conf,devices/xiaomi/pissarro/thermal/thermal-global-u-video.conf,thermal-engine-text,mi_thermald_aes,thermal-engine-text-v2,decoded,85.0,,,90.0,5.0,mapped-artifact
xiaomi,pissarro,thermal-huanji.conf,devices/xiaomi/pissarro/thermal/thermal-huanji.conf,thermal-engine-text,mi_thermald_aes,thermal-engine-text-v2,decoded,85.0,,,90.0,5.0,mapped-artifact
xiaomi,pissarro,thermal-india-4k.conf,devices/xiaomi/pissarro/thermal/thermal-india-4k.conf,thermal-engine-text,mi_thermald_aes,thermal-engine-text-v2,decoded,100.0,,,51.0,-49.0,mapped-artifact
xiaomi,pissarro,thermal-india-camera.conf,devices/xiaomi/pissarro/thermal/thermal-india-camera.conf,thermal-engine-text,mi_thermald_aes,thermal-engine-text-v2,decoded,85.0,,,90.0,5.0,mapped-artifact
xiaomi,pissarro,thermal-india-class0.conf,devices/xiaomi/pissarro/thermal/thermal-india-class0.conf,thermal-engine-text,mi_thermald_aes,thermal-engine-text-v2,decoded,85.0,,,90.0,5.0,mapped-artifact
xiaomi,pissarro,thermal-india-huanji.conf,devices/xiaomi/pissarro/thermal/thermal-india-huanji.conf,thermal-engine-text,mi_thermald_aes,thermal-engine-text-v2,decoded,85.0,,,90.0,5.0,mapped-artifact
xiaomi,pissarro,thermal-india-mgame.conf,devices/xiaomi/pissarro/thermal/thermal-india-mgame.conf,thermal-engine-text,mi_thermald_aes,thermal-engine-text-v2,decoded,85.0,,,90.0,5.0,mapped-artifact
xiaomi,pissarro,thermal-india-navigation.conf,devices/xiaomi/pissarro/thermal/thermal-india-navigation.conf,thermal-engine-text,mi_thermald_aes,thermal-engine-text-v2,decoded,85.0,,,90.0,5.0,mapped-artifact
xiaomi,pissarro,thermal-india-nolimits.conf,devices/xiaomi/pissarro/thermal/thermal-india-nolimits.conf,thermal-engine-text,mi_thermald_aes,thermal-engine-text-v2,decoded,85.0,,,90.0,5.0,mapped-artifact
xiaomi,pissarro,thermal-india-normal.conf,devices/xiaomi/pissarro/thermal/thermal-india-normal.conf,thermal-engine-text,mi_thermald_aes,thermal-engine-text-v2,decoded,85.0,,,90.0,5.0,mapped-artifact
xiaomi,pissarro,thermal-india-per-camera.conf,devices/xiaomi/pissarro/thermal/thermal-india-per-camera.conf,thermal-engine-text,mi_thermald_aes,thermal-engine-text-v2,decoded,100.0,,,51.0,-49.0,mapped-artifact
xiaomi,pissarro,thermal-india-per-class0.conf,devices/xiaomi/pissarro/thermal/thermal-india-per-class0.conf,thermal-engine-text,mi_thermald_aes,thermal-engine-text-v2,decoded,85.0,,,90.0,5.0,mapped-artifact
xiaomi,pissarro,thermal-india-per-huanji.conf,devices/xiaomi/pissarro/thermal/thermal-india-per-huanji.conf,thermal-engine-text,mi_thermald_aes,thermal-engine-text-v2,decoded,85.0,,,90.0,5.0,mapped-artifact
xiaomi,pissarro,thermal-india-per-navigation.conf,devices/xiaomi/pissarro/thermal/thermal-india-per-navigation.conf,thermal-engine-text,mi_thermald_aes,thermal-engine-text-v2,decoded,85.0,,,90.0,5.0,mapped-artifact
xiaomi,pissarro,thermal-india-per-normal.conf,devices/xiaomi/pissarro/thermal/thermal-india-per-normal.conf,thermal-engine-text,mi_thermald_aes,thermal-engine-text-v2,decoded,85.0,,,90.0,5.0,mapped-artifact
xiaomi,pissarro,thermal-india-per-u-camera.conf,devices/xiaomi/pissarro/thermal/thermal-india-per-u-camera.conf,thermal-engine-text,mi_thermald_aes,thermal-engine-text-v2,decoded,100.0,,,51.0,-49.0,mapped-artifact
xiaomi,pissarro,thermal-india-per-u-class0.conf,devices/xiaomi/pissarro/thermal/thermal-india-per-u-class0.conf,thermal-engine-text,mi_thermald_aes,thermal-engine-text-v2,decoded,85.0,,,90.0,5.0,mapped-artifact
xiaomi,pissarro,thermal-india-per-u-huanji.conf,devices/xiaomi/pissarro/thermal/thermal-india-per-u-huanji.conf,thermal-engine-text,mi_thermald_aes,thermal-engine-text-v2,decoded,85.0,,,90.0,5.0,mapped-artifact
xiaomi,pissarro,thermal-india-per-u-navigation.conf,devices/xiaomi/pissarro/thermal/thermal-india-per-u-navigation.conf,thermal-engine-text,mi_thermald_aes,thermal-engine-text-v2,decoded,85.0,,,90.0,5.0,mapped-artifact
xiaomi,pissarro,thermal-india-per-u-normal.conf,devices/xiaomi/pissarro/thermal/thermal-india-per-u-normal.conf,thermal-engine-text,mi_thermald_aes,thermal-engine-text-v2,decoded,85.0,,,90.0,5.0,mapped-artifact
xiaomi,pissarro,thermal-india-per-u-video.conf,devices/xiaomi/pissarro/thermal/thermal-india-per-u-video.conf,thermal-engine-text,mi_thermald_aes,thermal-engine-text-v2,decoded,85.0,,,90.0,5.0,mapped-artifact
xiaomi,pissarro,thermal-india-per-u-videochat.conf,devices/xiaomi/pissarro/thermal/thermal-india-per-u-videochat.conf,thermal-engine-text,mi_thermald_aes,thermal-engine-text-v2,decoded,85.0,,,90.0,5.0,mapped-artifact
xiaomi,pissarro,thermal-india-per-video.conf,devices/xiaomi/pissarro/thermal/thermal-india-per-video.conf,thermal-engine-text,mi_thermald_aes,thermal-engine-text-v2,decoded,85.0,,,90.0,5.0,mapped-artifact
xiaomi,pissarro,thermal-india-per-videochat.conf,devices/xiaomi/pissarro/thermal/thermal-india-per-videochat.conf,thermal-engine-text,mi_thermald_aes,thermal-engine-text-v2,decoded,100.0,,,51.0,-49.0,mapped-artifact
xiaomi,pissarro,thermal-india-phone.conf,devices/xiaomi/pissarro/thermal/thermal-india-phone.conf,thermal-engine-text,mi_thermald_aes,thermal-engine-text-v2,decoded,85.0,,,90.0,5.0,mapped-artifact
xiaomi,pissarro,thermal-india-tgame.conf,devices/xiaomi/pissarro/thermal/thermal-india-tgame.conf,thermal-engine-text,mi_thermald_aes,thermal-engine-text-v2,decoded,85.0,,,90.0,5.0,mapped-artifact
xiaomi,pissarro,thermal-india-u-4k.conf,devices/xiaomi/pissarro/thermal/thermal-india-u-4k.conf,thermal-engine-text,mi_thermald_aes,thermal-engine-text-v2,decoded,85.0,,,90.0,5.0,mapped-artifact
xiaomi,pissarro,thermal-india-u-camera.conf,devices/xiaomi/pissarro/thermal/thermal-india-u-camera.conf,thermal-engine-text,mi_thermald_aes,thermal-engine-text-v2,decoded,85.0,,,90.0,5.0,mapped-artifact
xiaomi,pissarro,thermal-india-u-class0.conf,devices/xiaomi/pissarro/thermal/thermal-india-u-class0.conf,thermal-engine-text,mi_thermald_aes,thermal-engine-text-v2,decoded,85.0,,,90.0,5.0,mapped-artifact
xiaomi,pissarro,thermal-india-u-huanji.conf,devices/xiaomi/pissarro/thermal/thermal-india-u-huanji.conf,thermal-engine-text,mi_thermald_aes,thermal-engine-text-v2,decoded,85.0,,,90.0,5.0,mapped-artifact
xiaomi,pissarro,thermal-india-u-mgame.conf,devices/xiaomi/pissarro/thermal/thermal-india-u-mgame.conf,thermal-engine-text,mi_thermald_aes,thermal-engine-text-v2,decoded,85.0,,,90.0,5.0,mapped-artifact
xiaomi,pissarro,thermal-india-u-navigation.conf,devices/xiaomi/pissarro/thermal/thermal-india-u-navigation.conf,thermal-engine-text,mi_thermald_aes,thermal-engine-text-v2,decoded,85.0,,,90.0,5.0,mapped-artifact
xiaomi,pissarro,thermal-india-u-nolimits.conf,devices/xiaomi/pissarro/thermal/thermal-india-u-nolimits.conf,thermal-engine-text,mi_thermald_aes,thermal-engine-text-v2,decoded,85.0,,,90.0,5.0,mapped-artifact
xiaomi,pissarro,thermal-india-u-normal.conf,devices/xiaomi/pissarro/thermal/thermal-india-u-normal.conf,thermal-engine-text,mi_thermald_aes,thermal-engine-text-v2,decoded,85.0,,,90.0,5.0,mapped-artifact
xiaomi,pissarro,thermal-india-u-phone.conf,devices/xiaomi/pissarro/thermal/thermal-india-u-phone.conf,thermal-engine-text,mi_thermald_aes,thermal-engine-text-v2,decoded,85.0,,,90.0,5.0,mapped-artifact
xiaomi,pissarro,thermal-india-u-tgame.conf,devices/xiaomi/pissarro/thermal/thermal-india-u-tgame.conf,thermal-engine-text,mi_thermald_aes,thermal-engine-text-v2,decoded,85.0,,,90.0,5.0,mapped-artifact
xiaomi,pissarro,thermal-india-u-video.conf,devices/xiaomi/pissarro/thermal/thermal-india-u-video.conf,thermal-engine-text,mi_thermald_aes,thermal-engine-text-v2,decoded,85.0,,,90.0,5.0,mapped-artifact
xiaomi,pissarro,thermal-india-u-videochat.conf,devices/xiaomi/pissarro/thermal/thermal-india-u-videochat.conf,thermal-engine-text,mi_thermald_aes,thermal-engine-text-v2,decoded,85.0,,,90.0,5.0,mapped-artifact
xiaomi,pissarro,thermal-india-video.conf,devices/xiaomi/pissarro/thermal/thermal-india-video.conf,thermal-engine-text,mi_thermald_aes,thermal-engine-text-v2,decoded,85.0,,,90.0,5.0,mapped-artifact
xiaomi,pissarro,thermal-india-videochat.conf,devices/xiaomi/pissarro/thermal/thermal-india-videochat.conf,thermal-engine-text,mi_thermald_aes,thermal-engine-text-v2,decoded,85.0,,,90.0,5.0,mapped-artifact
xiaomi,pissarro,thermal-map-global-u.conf,devices/xiaomi/pissarro/thermal/thermal-map-global-u.conf,thermal-engine-text,mi_thermald_aes,thermal-engine-text-v2,decoded,,,,,,mapped-artifact
xiaomi,pissarro,thermal-map-india-u.conf,devices/xiaomi/pissarro/thermal/thermal-map-india-u.conf,thermal-engine-text,mi_thermald_aes,thermal-engine-text-v2,decoded,,,,,,mapped-artifact
xiaomi,pissarro,thermal-map-india.conf,devices/xiaomi/pissarro/thermal/thermal-map-india.conf,thermal-engine-text,mi_thermald_aes,thermal-engine-text-v2,decoded,,,,,,mapped-artifact
xiaomi,pissarro,thermal-map-u.conf,devices/xiaomi/pissarro/thermal/thermal-map-u.conf,thermal-engine-text,mi_thermald_aes,thermal-engine-text-v2,decoded,,,,,,mapped-artifact
xiaomi,pissarro,thermal-map.conf,devices/xiaomi/pissarro/thermal/thermal-map.conf,thermal-engine-text,mi_thermald_aes,thermal-engine-text-v2,decoded,,,,,,mapped-artifact
xiaomi,pissarro,thermal-mgame.conf,devices/xiaomi/pissarro/thermal/thermal-mgame.conf,thermal-engine-text,mi_thermald_aes,thermal-engine-text-v2,decoded,85.0,,,90.0,5.0,mapped-artifact
xiaomi,pissarro,thermal-navigation.conf,devices/xiaomi/pissarro/thermal/thermal-navigation.conf,thermal-engine-text,mi_thermald_aes,thermal-engine-text-v2,decoded,85.0,,,90.0,5.0,mapped-artifact
xiaomi,pissarro,thermal-nolimits.conf,devices/xiaomi/pissarro/thermal/thermal-nolimits.conf,thermal-engine-text,mi_thermald_aes,thermal-engine-text-v2,decoded,85.0,,,90.0,5.0,mapped-artifact
xiaomi,pissarro,thermal-normal.conf,devices/xiaomi/pissarro/thermal/thermal-normal.conf,thermal-engine-text,mi_thermald_aes,thermal-engine-text-v2,decoded,85.0,,,90.0,5.0,mapped-artifact
xiaomi,pissarro,thermal-per-camera.conf,devices/xiaomi/pissarro/thermal/thermal-per-camera.conf,thermal-engine-text,mi_thermald_aes,thermal-engine-text-v2,decoded,100.0,,,51.0,-49.0,mapped-artifact
xiaomi,pissarro,thermal-per-class0.conf,devices/xiaomi/pissarro/thermal/thermal-per-class0.conf,thermal-engine-text,mi_thermald_aes,thermal-engine-text-v2,decoded,85.0,,,90.0,5.0,mapped-artifact
xiaomi,pissarro,thermal-per-huanji.conf,devices/xiaomi/pissarro/thermal/thermal-per-huanji.conf,thermal-engine-text,mi_thermald_aes,thermal-engine-text-v2,decoded,85.0,,,90.0,5.0,mapped-artifact
xiaomi,pissarro,thermal-per-navigation.conf,devices/xiaomi/pissarro/thermal/thermal-per-navigation.conf,thermal-engine-text,mi_thermald_aes,thermal-engine-text-v2,decoded,85.0,,,90.0,5.0,mapped-artifact
xiaomi,pissarro,thermal-per-normal.conf,devices/xiaomi/pissarro/thermal/thermal-per-normal.conf,thermal-engine-text,mi_thermald_aes,thermal-engine-text-v2,decoded,85.0,,,90.0,5.0,mapped-artifact
xiaomi,pissarro,thermal-per-u-camera.conf,devices/xiaomi/pissarro/thermal/thermal-per-u-camera.conf,thermal-engine-text,mi_thermald_aes,thermal-engine-text-v2,decoded,100.0,,,51.0,-49.0,mapped-artifact
xiaomi,pissarro,thermal-per-u-class0.conf,devices/xiaomi/pissarro/thermal/thermal-per-u-class0.conf,thermal-engine-text,mi_thermald_aes,thermal-engine-text-v2,decoded,85.0,,,90.0,5.0,mapped-artifact
xiaomi,pissarro,thermal-per-u-huanji.conf,devices/xiaomi/pissarro/thermal/thermal-per-u-huanji.conf,thermal-engine-text,mi_thermald_aes,thermal-engine-text-v2,decoded,85.0,,,90.0,5.0,mapped-artifact
xiaomi,pissarro,thermal-per-u-navigation.conf,devices/xiaomi/pissarro/thermal/thermal-per-u-navigation.conf,thermal-engine-text,mi_thermald_aes,thermal-engine-text-v2,decoded,85.0,,,90.0,5.0,mapped-artifact
xiaomi,pissarro,thermal-per-u-normal.conf,devices/xiaomi/pissarro/thermal/thermal-per-u-normal.conf,thermal-engine-text,mi_thermald_aes,thermal-engine-text-v2,decoded,85.0,,,90.0,5.0,mapped-artifact
xiaomi,pissarro,thermal-per-u-video.conf,devices/xiaomi/pissarro/thermal/thermal-per-u-video.conf,thermal-engine-text,mi_thermald_aes,thermal-engine-text-v2,decoded,85.0,,,90.0,5.0,mapped-artifact
xiaomi,pissarro,thermal-per-video.conf,devices/xiaomi/pissarro/thermal/thermal-per-video.conf,thermal-engine-text,mi_thermald_aes,thermal-engine-text-v2,decoded,85.0,,,90.0,5.0,mapped-artifact
xiaomi,pissarro,thermal-phone.conf,devices/xiaomi/pissarro/thermal/thermal-phone.conf,thermal-engine-text,mi_thermald_aes,thermal-engine-text-v2,decoded,85.0,,,90.0,5.0,mapped-artifact
xiaomi,pissarro,thermal-region-map.conf,devices/xiaomi/pissarro/thermal/thermal-region-map.conf,text,mi_thermald_aes,,decoded,,,,,,mapped-artifact
xiaomi,pissarro,thermal-tgame.conf,devices/xiaomi/pissarro/thermal/thermal-tgame.conf,thermal-engine-text,mi_thermald_aes,thermal-engine-text-v2,decoded,85.0,,,90.0,5.0,mapped-artifact
xiaomi,pissarro,thermal-u-4k.conf,devices/xiaomi/pissarro/thermal/thermal-u-4k.conf,thermal-engine-text,mi_thermald_aes,thermal-engine-text-v2,decoded,85.0,,,90.0,5.0,mapped-artifact
xiaomi,pissarro,thermal-u-camera.conf,devices/xiaomi/pissarro/thermal/thermal-u-camera.conf,thermal-engine-text,mi_thermald_aes,thermal-engine-text-v2,decoded,85.0,,,90.0,5.0,mapped-artifact
xiaomi,pissarro,thermal-u-chg-only.conf,devices/xiaomi/pissarro/thermal/thermal-u-chg-only.conf,thermal-engine-text,plain,thermal-engine-text-v2,plain,60.0,,,,,mapped-artifact
xiaomi,pissarro,thermal-u-class0.conf,devices/xiaomi/pissarro/thermal/thermal-u-class0.conf,thermal-engine-text,mi_thermald_aes,thermal-engine-text-v2,decoded,85.0,,,90.0,5.0,mapped-artifact
xiaomi,pissarro,thermal-u-huanji.conf,devices/xiaomi/pissarro/thermal/thermal-u-huanji.conf,thermal-engine-text,mi_thermald_aes,thermal-engine-text-v2,decoded,85.0,,,90.0,5.0,mapped-artifact
xiaomi,pissarro,thermal-u-mgame.conf,devices/xiaomi/pissarro/thermal/thermal-u-mgame.conf,thermal-engine-text,mi_thermald_aes,thermal-engine-text-v2,decoded,85.0,,,90.0,5.0,mapped-artifact
xiaomi,pissarro,thermal-u-navigation.conf,devices/xiaomi/pissarro/thermal/thermal-u-navigation.conf,thermal-engine-text,mi_thermald_aes,thermal-engine-text-v2,decoded,85.0,,,90.0,5.0,mapped-artifact
xiaomi,pissarro,thermal-u-nolimits.conf,devices/xiaomi/pissarro/thermal/thermal-u-nolimits.conf,thermal-engine-text,mi_thermald_aes,thermal-engine-text-v2,decoded,85.0,,,90.0,5.0,mapped-artifact
xiaomi,pissarro,thermal-u-normal.conf,devices/xiaomi/pissarro/thermal/thermal-u-normal.conf,thermal-engine-text,mi_thermald_aes,thermal-engine-text-v2,decoded,85.0,,,90.0,5.0,mapped-artifact
xiaomi,pissarro,thermal-u-phone.conf,devices/xiaomi/pissarro/thermal/thermal-u-phone.conf,thermal-engine-text,mi_thermald_aes,thermal-engine-text-v2,decoded,85.0,,,90.0,5.0,mapped-artifact
xiaomi,pissarro,thermal-u-tgame.conf,devices/xiaomi/pissarro/thermal/thermal-u-tgame.conf,thermal-engine-text,mi_thermald_aes,thermal-engine-text-v2,decoded,85.0,,,90.0,5.0,mapped-artifact
xiaomi,pissarro,thermal-u-video.conf,devices/xiaomi/pissarro/thermal/thermal-u-video.conf,thermal-engine-text,mi_thermald_aes,thermal-engine-text-v2,decoded,85.0,,,90.0,5.0,mapped-artifact
xiaomi,pissarro,thermal-video.conf,devices/xiaomi/pissarro/thermal/thermal-video.conf,thermal-engine-text,mi_thermald_aes,thermal-engine-text-v2,decoded,85.0,,,90.0,5.0,mapped-artifact
xiaomi,pissarro,thermald-devices.conf,devices/xiaomi/pissarro/thermal/thermald-devices.conf,thermal-engine-text,plain,thermal-engine-text-v2,plain,,,,,,mapped-artifact
xiaomi,platina,index.tsv,devices/xiaomi/platina/thermal/index.tsv,text,plain,,plain,,,,,,mapped-artifact
xiaomi,platina,thermal-engine-sdm660-camera.conf,devices/xiaomi/platina/thermal/thermal-engine-sdm660-camera.conf,thermal-engine-text,mi_thermald_aes,thermal-engine-text-v2,decoded,60.0,,,,,mapped-artifact
xiaomi,platina,thermal-engine-sdm660-high.conf,devices/xiaomi/platina/thermal/thermal-engine-sdm660-high.conf,thermal-engine-text,mi_thermald_aes,thermal-engine-text-v2,decoded,61.0,,,,,mapped-artifact
xiaomi,platina,thermal-engine-sdm660-map.conf,devices/xiaomi/platina/thermal/thermal-engine-sdm660-map.conf,thermal-engine-text,mi_thermald_aes,thermal-engine-text-v2,decoded,,,,,,mapped-artifact
xiaomi,platina,thermal-engine-sdm660-nolimits.conf,devices/xiaomi/platina/thermal/thermal-engine-sdm660-nolimits.conf,thermal-engine-text,mi_thermald_aes,thermal-engine-text-v2,decoded,60.0,,,,,mapped-artifact
xiaomi,platina,thermal-engine-sdm660-pubgmhd.conf,devices/xiaomi/platina/thermal/thermal-engine-sdm660-pubgmhd.conf,thermal-engine-text,mi_thermald_aes,thermal-engine-text-v2,decoded,60.0,,,,,mapped-artifact
xiaomi,platina,thermal-engine-sdm660-sgame.conf,devices/xiaomi/platina/thermal/thermal-engine-sdm660-sgame.conf,thermal-engine-text,mi_thermald_aes,thermal-engine-text-v2,decoded,60.0,,,,,mapped-artifact
xiaomi,platina,thermal-engine-sdm660.conf,devices/xiaomi/platina/thermal/thermal-engine-sdm660.conf,thermal-engine-text,mi_thermald_aes,thermal-engine-text-v2,decoded,61.0,,,,,mapped-artifact
xiaomi,platina,thermal-engine.conf,devices/xiaomi/platina/thermal/thermal-engine.conf,text,plain,,plain,,,,,,mapped-artifact
xiaomi,polaris,index.tsv,devices/xiaomi/polaris/thermal/index.tsv,text,plain,,plain,,,,,,mapped-artifact
xiaomi,polaris,thermal-engine-sdm845-arvr.conf,devices/xiaomi/polaris/thermal/thermal-engine-sdm845-arvr.conf,thermal-engine-text,mi_thermald_aes,thermal-engine-text-v2,decoded,60.0,,,,,mapped-artifact
xiaomi,polaris,thermal-engine-sdm845-camera.conf,devices/xiaomi/polaris/thermal/thermal-engine-sdm845-camera.conf,thermal-engine-text,mi_thermald_aes,thermal-engine-text-v2,decoded,60.0,,,,,mapped-artifact
xiaomi,polaris,thermal-engine-sdm845-class0.conf,devices/xiaomi/polaris/thermal/thermal-engine-sdm845-class0.conf,thermal-engine-text,mi_thermald_aes,thermal-engine-text-v2,decoded,60.0,,,,,mapped-artifact
xiaomi,polaris,thermal-engine-sdm845-extreme.conf,devices/xiaomi/polaris/thermal/thermal-engine-sdm845-extreme.conf,thermal-engine-text,mi_thermald_aes,thermal-engine-text-v2,decoded,100.0,,,,,mapped-artifact
xiaomi,polaris,thermal-engine-sdm845-high.conf,devices/xiaomi/polaris/thermal/thermal-engine-sdm845-high.conf,thermal-engine-text,mi_thermald_aes,thermal-engine-text-v2,decoded,61.0,,,,,mapped-artifact
xiaomi,polaris,thermal-engine-sdm845-map.conf,devices/xiaomi/polaris/thermal/thermal-engine-sdm845-map.conf,thermal-engine-text,mi_thermald_aes,thermal-engine-text-v2,decoded,,,,,,mapped-artifact
xiaomi,polaris,thermal-engine-sdm845-nolimits.conf,devices/xiaomi/polaris/thermal/thermal-engine-sdm845-nolimits.conf,thermal-engine-text,mi_thermald_aes,thermal-engine-text-v2,decoded,60.0,,,,,mapped-artifact
xiaomi,polaris,thermal-engine-sdm845-phone.conf,devices/xiaomi/polaris/thermal/thermal-engine-sdm845-phone.conf,thermal-engine-text,mi_thermald_aes,thermal-engine-text-v2,decoded,60.0,,,,,mapped-artifact
xiaomi,polaris,thermal-engine-sdm845-pubgmhd.conf,devices/xiaomi/polaris/thermal/thermal-engine-sdm845-pubgmhd.conf,thermal-engine-text,mi_thermald_aes,thermal-engine-text-v2,decoded,60.0,,,,,mapped-artifact
xiaomi,polaris,thermal-engine-sdm845-sgame.conf,devices/xiaomi/polaris/thermal/thermal-engine-sdm845-sgame.conf,thermal-engine-text,mi_thermald_aes,thermal-engine-text-v2,decoded,60.0,,,,,mapped-artifact
xiaomi,polaris,thermal-engine-sdm845-tgame.conf,devices/xiaomi/polaris/thermal/thermal-engine-sdm845-tgame.conf,thermal-engine-text,mi_thermald_aes,thermal-engine-text-v2,decoded,60.0,,,,,mapped-artifact
xiaomi,polaris,thermal-engine-sdm845.conf,devices/xiaomi/polaris/thermal/thermal-engine-sdm845.conf,thermal-engine-text,mi_thermald_aes,thermal-engine-text-v2,decoded,61.0,,,,,mapped-artifact
xiaomi,polaris,thermal-engine.conf,devices/xiaomi/polaris/thermal/thermal-engine.conf,text,plain,,plain,,,,,,mapped-artifact
xiaomi,psyche,index.tsv,devices/xiaomi/psyche/thermal/index.tsv,text,plain,,plain,,,,,,mapped-artifact
xiaomi,psyche,thermal-4k.conf,devices/xiaomi/psyche/thermal/thermal-4k.conf,thermal-engine-text,mi_thermald_aes,thermal-engine-text-v2,decoded,57.0,,,,,mapped-artifact
xiaomi,psyche,thermal-8k.conf,devices/xiaomi/psyche/thermal/thermal-8k.conf,thermal-engine-text,mi_thermald_aes,thermal-engine-text-v2,decoded,57.0,,,,,mapped-artifact
xiaomi,psyche,thermal-camera.conf,devices/xiaomi/psyche/thermal/thermal-camera.conf,thermal-engine-text,mi_thermald_aes,thermal-engine-text-v2,decoded,57.0,,,,,mapped-artifact
xiaomi,psyche,thermal-chg-only.conf,devices/xiaomi/psyche/thermal/thermal-chg-only.conf,thermal-engine-text,plain,thermal-engine-text-v2,plain,45.0,,,51.0,6.0,mapped-artifact
xiaomi,psyche,thermal-class0.conf,devices/xiaomi/psyche/thermal/thermal-class0.conf,thermal-engine-text,mi_thermald_aes,thermal-engine-text-v2,decoded,70.0,,,51.0,-19.0,mapped-artifact
xiaomi,psyche,thermal-engine.conf,devices/xiaomi/psyche/thermal/thermal-engine.conf,text,plain,,plain,,,,,,mapped-artifact
xiaomi,psyche,thermal-huanji.conf,devices/xiaomi/psyche/thermal/thermal-huanji.conf,thermal-engine-text,mi_thermald_aes,thermal-engine-text-v2,decoded,70.0,,,47.8,-22.200000000000003,mapped-artifact
xiaomi,psyche,thermal-map.conf,devices/xiaomi/psyche/thermal/thermal-map.conf,thermal-engine-text,mi_thermald_aes,thermal-engine-text-v2,decoded,,,,,,mapped-artifact
xiaomi,psyche,thermal-mgame.conf,devices/xiaomi/psyche/thermal/thermal-mgame.conf,thermal-engine-text,mi_thermald_aes,thermal-engine-text-v2,decoded,57.0,,,51.0,-6.0,mapped-artifact
xiaomi,psyche,thermal-navigation.conf,devices/xiaomi/psyche/thermal/thermal-navigation.conf,thermal-engine-text,mi_thermald_aes,thermal-engine-text-v2,decoded,70.0,,,51.0,-19.0,mapped-artifact
xiaomi,psyche,thermal-nolimits.conf,devices/xiaomi/psyche/thermal/thermal-nolimits.conf,thermal-engine-text,mi_thermald_aes,thermal-engine-text-v2,decoded,51.0,,,,,mapped-artifact
xiaomi,psyche,thermal-normal.conf,devices/xiaomi/psyche/thermal/thermal-normal.conf,thermal-engine-text,mi_thermald_aes,thermal-engine-text-v2,decoded,70.0,,,51.0,-19.0,mapped-artifact
xiaomi,psyche,thermal-per-camera.conf,devices/xiaomi/psyche/thermal/thermal-per-camera.conf,thermal-engine-text,mi_thermald_aes,thermal-engine-text-v2,decoded,57.0,,,,,mapped-artifact
xiaomi,psyche,thermal-per-class0.conf,devices/xiaomi/psyche/thermal/thermal-per-class0.conf,thermal-engine-text,mi_thermald_aes,thermal-engine-text-v2,decoded,70.0,,,51.0,-19.0,mapped-artifact
xiaomi,psyche,thermal-per-huanji.conf,devices/xiaomi/psyche/thermal/thermal-per-huanji.conf,thermal-engine-text,mi_thermald_aes,thermal-engine-text-v2,decoded,70.0,,,47.8,-22.200000000000003,mapped-artifact
xiaomi,psyche,thermal-per-navigation.conf,devices/xiaomi/psyche/thermal/thermal-per-navigation.conf,thermal-engine-text,mi_thermald_aes,thermal-engine-text-v2,decoded,70.0,,,51.0,-19.0,mapped-artifact
xiaomi,psyche,thermal-per-normal.conf,devices/xiaomi/psyche/thermal/thermal-per-normal.conf,thermal-engine-text,mi_thermald_aes,thermal-engine-text-v2,decoded,70.0,,,51.0,-19.0,mapped-artifact
xiaomi,psyche,thermal-per-video.conf,devices/xiaomi/psyche/thermal/thermal-per-video.conf,thermal-engine-text,mi_thermald_aes,thermal-engine-text-v2,decoded,70.0,,,51.0,-19.0,mapped-artifact
xiaomi,psyche,thermal-per-videochat.conf,devices/xiaomi/psyche/thermal/thermal-per-videochat.conf,thermal-engine-text,mi_thermald_aes,thermal-engine-text-v2,decoded,70.0,,,21.0,-49.0,mapped-artifact
xiaomi,psyche,thermal-phone.conf,devices/xiaomi/psyche/thermal/thermal-phone.conf,thermal-engine-text,mi_thermald_aes,thermal-engine-text-v2,decoded,70.0,,,51.0,-19.0,mapped-artifact
xiaomi,psyche,thermal-tgame.conf,devices/xiaomi/psyche/thermal/thermal-tgame.conf,thermal-engine-text,mi_thermald_aes,thermal-engine-text-v2,decoded,57.0,,,51.0,-6.0,mapped-artifact
xiaomi,psyche,thermal-video.conf,devices/xiaomi/psyche/thermal/thermal-video.conf,thermal-engine-text,mi_thermald_aes,thermal-engine-text-v2,decoded,70.0,,,51.0,-19.0,mapped-artifact
xiaomi,psyche,thermal-videochat.conf,devices/xiaomi/psyche/thermal/thermal-videochat.conf,thermal-engine-text,mi_thermald_aes,thermal-engine-text-v2,decoded,70.0,,,48.0,-22.0,mapped-artifact
xiaomi,psyche,thermald-devices.conf,devices/xiaomi/psyche/thermal/thermald-devices.conf,thermal-engine-text,plain,thermal-engine-text-v2,plain,,,,,,mapped-artifact
xiaomi,pyxis,index.tsv,devices/xiaomi/pyxis/thermal/index.tsv,text,plain,,plain,,,,,,mapped-artifact
xiaomi,pyxis,thermal-engine-sdm710-camera.conf,devices/xiaomi/pyxis/thermal/thermal-engine-sdm710-camera.conf,thermal-engine-text,mi_thermald_aes,thermal-engine-text-v2,decoded,60.0,,,,,mapped-artifact
xiaomi,pyxis,thermal-engine-sdm710-high.conf,devices/xiaomi/pyxis/thermal/thermal-engine-sdm710-high.conf,thermal-engine-text,mi_thermald_aes,thermal-engine-text-v2,decoded,60.0,,,,,mapped-artifact
xiaomi,pyxis,thermal-engine-sdm710-map.conf,devices/xiaomi/pyxis/thermal/thermal-engine-sdm710-map.conf,thermal-engine-text,mi_thermald_aes,thermal-engine-text-v2,decoded,,,,,,mapped-artifact
xiaomi,pyxis,thermal-engine-sdm710-nolimits.conf,devices/xiaomi/pyxis/thermal/thermal-engine-sdm710-nolimits.conf,thermal-engine-text,mi_thermald_aes,thermal-engine-text-v2,decoded,60.0,,,,,mapped-artifact
xiaomi,pyxis,thermal-engine-sdm710-phone.conf,devices/xiaomi/pyxis/thermal/thermal-engine-sdm710-phone.conf,thermal-engine-text,mi_thermald_aes,thermal-engine-text-v2,decoded,60.0,,,,,mapped-artifact
xiaomi,pyxis,thermal-engine-sdm710-pubgmhd.conf,devices/xiaomi/pyxis/thermal/thermal-engine-sdm710-pubgmhd.conf,thermal-engine-text,mi_thermald_aes,thermal-engine-text-v2,decoded,60.0,,,,,mapped-artifact
xiaomi,pyxis,thermal-engine-sdm710-sgame.conf,devices/xiaomi/pyxis/thermal/thermal-engine-sdm710-sgame.conf,thermal-engine-text,mi_thermald_aes,thermal-engine-text-v2,decoded,60.0,,,,,mapped-artifact
xiaomi,pyxis,thermal-engine-sdm710-tgame.conf,devices/xiaomi/pyxis/thermal/thermal-engine-sdm710-tgame.conf,thermal-engine-text,mi_thermald_aes,thermal-engine-text-v2,decoded,60.0,,,,,mapped-artifact
xiaomi,pyxis,thermal-engine-sdm710.conf,devices/xiaomi/pyxis/thermal/thermal-engine-sdm710.conf,thermal-engine-text,mi_thermald_aes,thermal-engine-text-v2,decoded,60.0,,,,,mapped-artifact
xiaomi,pyxis,thermal-engine.conf,devices/xiaomi/pyxis/thermal/thermal-engine.conf,text,plain,,plain,,,,,,mapped-artifact
xiaomi,rango,index.tsv,devices/xiaomi/rango/thermal/index.tsv,text,plain,,plain,,,,,,mapped-artifact
xiaomi,rango,thermal_info_config.json,devices/xiaomi/rango/thermal/thermal_info_config.json,json,plain,thermal-hal-json-v2,plain,,,,,,mapped-artifact
xiaomi,raphael,index.tsv,devices/xiaomi/raphael/thermal/index.tsv,text,plain,,plain,,,,,,mapped-artifact
xiaomi,raphael,thermal-arvr.conf,devices/xiaomi/raphael/thermal/thermal-arvr.conf,thermal-engine-text,mi_thermald_aes,thermal-engine-text-v2,decoded,60.0,,,17.0,-43.0,mapped-artifact
xiaomi,raphael,thermal-camera.conf,devices/xiaomi/raphael/thermal/thermal-camera.conf,thermal-engine-text,mi_thermald_aes,thermal-engine-text-v2,decoded,60.0,,,51.0,-9.0,mapped-artifact
xiaomi,raphael,thermal-chg-only.conf,devices/xiaomi/raphael/thermal/thermal-chg-only.conf,thermal-engine-text,plain,thermal-engine-text-v2,plain,60.0,,,,,mapped-artifact
xiaomi,raphael,thermal-class0.conf,devices/xiaomi/raphael/thermal/thermal-class0.conf,thermal-engine-text,mi_thermald_aes,thermal-engine-text-v2,decoded,60.0,,,51.0,-9.0,mapped-artifact
xiaomi,raphael,thermal-engine.conf,devices/xiaomi/raphael/thermal/thermal-engine.conf,text,plain,,plain,,,,,,mapped-artifact
xiaomi,raphael,thermal-extreme.conf,devices/xiaomi/raphael/thermal/thermal-extreme.conf,thermal-engine-text,mi_thermald_aes,thermal-engine-text-v2,decoded,60.0,,,17.0,-43.0,mapped-artifact
xiaomi,raphael,thermal-map.conf,devices/xiaomi/raphael/thermal/thermal-map.conf,thermal-engine-text,mi_thermald_aes,thermal-engine-text-v2,decoded,,,,,,mapped-artifact
xiaomi,raphael,thermal-nolimits.conf,devices/xiaomi/raphael/thermal/thermal-nolimits.conf,thermal-engine-text,mi_thermald_aes,thermal-engine-text-v2,decoded,60.0,,,,,mapped-artifact
xiaomi,raphael,thermal-normal.conf,devices/xiaomi/raphael/thermal/thermal-normal.conf,thermal-engine-text,mi_thermald_aes,thermal-engine-text-v2,decoded,60.0,,,51.0,-9.0,mapped-artifact
xiaomi,raphael,thermal-phone.conf,devices/xiaomi/raphael/thermal/thermal-phone.conf,thermal-engine-text,mi_thermald_aes,thermal-engine-text-v2,decoded,60.0,,,31.0,-29.0,mapped-artifact
xiaomi,raphael,thermal-tgame.conf,devices/xiaomi/raphael/thermal/thermal-tgame.conf,thermal-engine-text,mi_thermald_aes,thermal-engine-text-v2,decoded,60.0,,,,,mapped-artifact
xiaomi,raphael,thermal-youtobe.conf,devices/xiaomi/raphael/thermal/thermal-youtobe.conf,thermal-engine-text,mi_thermald_aes,thermal-engine-text-v2,decoded,60.0,,,51.0,-9.0,mapped-artifact
xiaomi,raphael,thermald-devices.conf,devices/xiaomi/raphael/thermal/thermald-devices.conf,thermal-engine-text,plain,thermal-engine-text-v2,plain,,,,,,mapped-artifact
xiaomi,raphaelin,index.tsv,devices/xiaomi/raphaelin/thermal/index.tsv,text,plain,,plain,,,,,,mapped-artifact
xiaomi,raphaelin,thermal-arvr.conf,devices/xiaomi/raphaelin/thermal/thermal-arvr.conf,thermal-engine-text,mi_thermald_aes,thermal-engine-text-v2,decoded,60.0,,,17.0,-43.0,mapped-artifact
xiaomi,raphaelin,thermal-camera.conf,devices/xiaomi/raphaelin/thermal/thermal-camera.conf,thermal-engine-text,mi_thermald_aes,thermal-engine-text-v2,decoded,60.0,,,51.0,-9.0,mapped-artifact
xiaomi,raphaelin,thermal-chg-only.conf,devices/xiaomi/raphaelin/thermal/thermal-chg-only.conf,thermal-engine-text,plain,thermal-engine-text-v2,plain,60.0,,,,,mapped-artifact
xiaomi,raphaelin,thermal-class0.conf,devices/xiaomi/raphaelin/thermal/thermal-class0.conf,thermal-engine-text,mi_thermald_aes,thermal-engine-text-v2,decoded,60.0,,,51.0,-9.0,mapped-artifact
xiaomi,raphaelin,thermal-engine.conf,devices/xiaomi/raphaelin/thermal/thermal-engine.conf,text,plain,,plain,,,,,,mapped-artifact
xiaomi,raphaelin,thermal-extreme.conf,devices/xiaomi/raphaelin/thermal/thermal-extreme.conf,thermal-engine-text,mi_thermald_aes,thermal-engine-text-v2,decoded,60.0,,,17.0,-43.0,mapped-artifact
xiaomi,raphaelin,thermal-map.conf,devices/xiaomi/raphaelin/thermal/thermal-map.conf,thermal-engine-text,mi_thermald_aes,thermal-engine-text-v2,decoded,,,,,,mapped-artifact
xiaomi,raphaelin,thermal-nolimits.conf,devices/xiaomi/raphaelin/thermal/thermal-nolimits.conf,thermal-engine-text,mi_thermald_aes,thermal-engine-text-v2,decoded,60.0,,,,,mapped-artifact
xiaomi,raphaelin,thermal-normal.conf,devices/xiaomi/raphaelin/thermal/thermal-normal.conf,thermal-engine-text,mi_thermald_aes,thermal-engine-text-v2,decoded,60.0,,,51.0,-9.0,mapped-artifact
xiaomi,raphaelin,thermal-phone.conf,devices/xiaomi/raphaelin/thermal/thermal-phone.conf,thermal-engine-text,mi_thermald_aes,thermal-engine-text-v2,decoded,60.0,,,31.0,-29.0,mapped-artifact
xiaomi,raphaelin,thermal-tgame.conf,devices/xiaomi/raphaelin/thermal/thermal-tgame.conf,thermal-engine-text,mi_thermald_aes,thermal-engine-text-v2,decoded,60.0,,,,,mapped-artifact
xiaomi,raphaelin,thermal-youtobe.conf,devices/xiaomi/raphaelin/thermal/thermal-youtobe.conf,thermal-engine-text,mi_thermald_aes,thermal-engine-text-v2,decoded,60.0,,,51.0,-9.0,mapped-artifact
xiaomi,raphaelin,thermald-devices.conf,devices/xiaomi/raphaelin/thermal/thermald-devices.conf,thermal-engine-text,plain,thermal-engine-text-v2,plain,,,,,,mapped-artifact
xiaomi,redwood,index.tsv,devices/xiaomi/redwood/thermal/index.tsv,text,plain,,plain,,,,,,mapped-artifact
xiaomi,redwood,thermal-4k.conf,devices/xiaomi/redwood/thermal/thermal-4k.conf,thermal-engine-text,mi_thermald_aes,thermal-engine-text-v2,decoded,60.0,,,51.0,-9.0,mapped-artifact
xiaomi,redwood,thermal-camera.conf,devices/xiaomi/redwood/thermal/thermal-camera.conf,thermal-engine-text,mi_thermald_aes,thermal-engine-text-v2,decoded,60.0,,,51.0,-9.0,mapped-artifact
xiaomi,redwood,thermal-chg-only.conf,devices/xiaomi/redwood/thermal/thermal-chg-only.conf,thermal-engine-text,plain,thermal-engine-text-v2,plain,49.0,,,51.0,2.0,mapped-artifact
xiaomi,redwood,thermal-class0.conf,devices/xiaomi/redwood/thermal/thermal-class0.conf,thermal-engine-text,mi_thermald_aes,thermal-engine-text-v2,decoded,65.0,,,51.0,-14.0,mapped-artifact
xiaomi,redwood,thermal-dolbyvision.conf,devices/xiaomi/redwood/thermal/thermal-dolbyvision.conf,thermal-engine-text,mi_thermald_aes,thermal-engine-text-v2,decoded,65.0,,,51.0,-14.0,mapped-artifact
xiaomi,redwood,thermal-engine.conf,devices/xiaomi/redwood/thermal/thermal-engine.conf,text,plain,,plain,,,,,,mapped-artifact
xiaomi,redwood,thermal-hp-mgame.conf,devices/xiaomi/redwood/thermal/thermal-hp-mgame.conf,thermal-engine-text,mi_thermald_aes,thermal-engine-text-v2,decoded,58.0,,,51.0,-7.0,mapped-artifact
xiaomi,redwood,thermal-hp-normal.conf,devices/xiaomi/redwood/thermal/thermal-hp-normal.conf,thermal-engine-text,mi_thermald_aes,thermal-engine-text-v2,decoded,58.0,,,51.0,-7.0,mapped-artifact
xiaomi,redwood,thermal-huanji.conf,devices/xiaomi/redwood/thermal/thermal-huanji.conf,thermal-engine-text,mi_thermald_aes,thermal-engine-text-v2,decoded,65.0,,,51.0,-14.0,mapped-artifact
xiaomi,redwood,thermal-india-4k.conf,devices/xiaomi/redwood/thermal/thermal-india-4k.conf,thermal-engine-text,mi_thermald_aes,thermal-engine-text-v2,decoded,60.0,,,51.0,-9.0,mapped-artifact
xiaomi,redwood,thermal-india-camera.conf,devices/xiaomi/redwood/thermal/thermal-india-camera.conf,thermal-engine-text,mi_thermald_aes,thermal-engine-text-v2,decoded,60.0,,,51.0,-9.0,mapped-artifact
xiaomi,redwood,thermal-india-class0.conf,devices/xiaomi/redwood/thermal/thermal-india-class0.conf,thermal-engine-text,mi_thermald_aes,thermal-engine-text-v2,decoded,65.0,,,51.0,-14.0,mapped-artifact
xiaomi,redwood,thermal-india-dolbyvision.conf,devices/xiaomi/redwood/thermal/thermal-india-dolbyvision.conf,thermal-engine-text,mi_thermald_aes,thermal-engine-text-v2,decoded,65.0,,,51.0,-14.0,mapped-artifact
xiaomi,redwood,thermal-india-huanji.conf,devices/xiaomi/redwood/thermal/thermal-india-huanji.conf,thermal-engine-text,mi_thermald_aes,thermal-engine-text-v2,decoded,65.0,,,48.0,-17.0,mapped-artifact
xiaomi,redwood,thermal-india-mgame.conf,devices/xiaomi/redwood/thermal/thermal-india-mgame.conf,thermal-engine-text,mi_thermald_aes,thermal-engine-text-v2,decoded,60.0,,,51.0,-9.0,mapped-artifact
xiaomi,redwood,thermal-india-navigation.conf,devices/xiaomi/redwood/thermal/thermal-india-navigation.conf,thermal-engine-text,mi_thermald_aes,thermal-engine-text-v2,decoded,65.0,,,51.0,-14.0,mapped-artifact
xiaomi,redwood,thermal-india-nolimits.conf,devices/xiaomi/redwood/thermal/thermal-india-nolimits.conf,thermal-engine-text,mi_thermald_aes,thermal-engine-text-v2,decoded,65.0,,,,,mapped-artifact
xiaomi,redwood,thermal-india-normal.conf,devices/xiaomi/redwood/thermal/thermal-india-normal.conf,thermal-engine-text,mi_thermald_aes,thermal-engine-text-v2,decoded,65.0,,,51.0,-14.0,mapped-artifact
xiaomi,redwood,thermal-india-phone.conf,devices/xiaomi/redwood/thermal/thermal-india-phone.conf,thermal-engine-text,mi_thermald_aes,thermal-engine-text-v2,decoded,65.0,,,48.0,-17.0,mapped-artifact
xiaomi,redwood,thermal-india-tgame.conf,devices/xiaomi/redwood/thermal/thermal-india-tgame.conf,thermal-engine-text,mi_thermald_aes,thermal-engine-text-v2,decoded,60.0,,,51.0,-9.0,mapped-artifact
xiaomi,redwood,thermal-india-video.conf,devices/xiaomi/redwood/thermal/thermal-india-video.conf,thermal-engine-text,mi_thermald_aes,thermal-engine-text-v2,decoded,65.0,,,51.0,-14.0,mapped-artifact
xiaomi,redwood,thermal-india-videochat.conf,devices/xiaomi/redwood/thermal/thermal-india-videochat.conf,thermal-engine-text,mi_thermald_aes,thermal-engine-text-v2,decoded,65.0,,,51.0,-14.0,mapped-artifact
xiaomi,redwood,thermal-map-global.conf,devices/xiaomi/redwood/thermal/thermal-map-global.conf,thermal-engine-text,mi_thermald_aes,thermal-engine-text-v2,decoded,,,,,,mapped-artifact
xiaomi,redwood,thermal-map-india.conf,devices/xiaomi/redwood/thermal/thermal-map-india.conf,thermal-engine-text,mi_thermald_aes,thermal-engine-text-v2,decoded,,,,,,mapped-artifact
xiaomi,redwood,thermal-map.conf,devices/xiaomi/redwood/thermal/thermal-map.conf,thermal-engine-text,mi_thermald_aes,thermal-engine-text-v2,decoded,,,,,,mapped-artifact
xiaomi,redwood,thermal-mgame.conf,devices/xiaomi/redwood/thermal/thermal-mgame.conf,thermal-engine-text,mi_thermald_aes,thermal-engine-text-v2,decoded,60.0,,,51.0,-9.0,mapped-artifact
xiaomi,redwood,thermal-navigation.conf,devices/xiaomi/redwood/thermal/thermal-navigation.conf,thermal-engine-text,mi_thermald_aes,thermal-engine-text-v2,decoded,65.0,,,51.0,-14.0,mapped-artifact
xiaomi,redwood,thermal-nolimits.conf,devices/xiaomi/redwood/thermal/thermal-nolimits.conf,thermal-engine-text,mi_thermald_aes,thermal-engine-text-v2,decoded,65.0,,,,,mapped-artifact
xiaomi,redwood,thermal-normal.conf,devices/xiaomi/redwood/thermal/thermal-normal.conf,thermal-engine-text,mi_thermald_aes,thermal-engine-text-v2,decoded,65.0,,,51.0,-14.0,mapped-artifact
xiaomi,redwood,thermal-phone.conf,devices/xiaomi/redwood/thermal/thermal-phone.conf,thermal-engine-text,mi_thermald_aes,thermal-engine-text-v2,decoded,65.0,,,51.0,-14.0,mapped-artifact
xiaomi,redwood,thermal-region-map.conf,devices/xiaomi/redwood/thermal/thermal-region-map.conf,text,mi_thermald_aes,,decoded,,,,,,mapped-artifact
xiaomi,redwood,thermal-tgame.conf,devices/xiaomi/redwood/thermal/thermal-tgame.conf,thermal-engine-text,mi_thermald_aes,thermal-engine-text-v2,decoded,60.0,,,51.0,-9.0,mapped-artifact
xiaomi,redwood,thermal-video.conf,devices/xiaomi/redwood/thermal/thermal-video.conf,thermal-engine-text,mi_thermald_aes,thermal-engine-text-v2,decoded,65.0,,,51.0,-14.0,mapped-artifact
xiaomi,redwood,thermal-videochat.conf,devices/xiaomi/redwood/thermal/thermal-videochat.conf,thermal-engine-text,mi_thermald_aes,thermal-engine-text-v2,decoded,65.0,,,51.0,-14.0,mapped-artifact
xiaomi,redwood,thermald-devices.conf,devices/xiaomi/redwood/thermal/thermald-devices.conf,thermal-engine-text,plain,thermal-engine-text-v2,plain,,,,,,mapped-artifact
xiaomi,renoir,index.tsv,devices/xiaomi/renoir/thermal/index.tsv,text,plain,,plain,,,,,,mapped-artifact
xiaomi,renoir,thermal-4k.conf,devices/xiaomi/renoir/thermal/thermal-4k.conf,thermal-engine-text,mi_thermald_aes,thermal-engine-text-v2,decoded,60.0,,,51.0,-9.0,mapped-artifact
xiaomi,renoir,thermal-8k.conf,devices/xiaomi/renoir/thermal/thermal-8k.conf,thermal-engine-text,mi_thermald_aes,thermal-engine-text-v2,decoded,60.0,,,51.0,-9.0,mapped-artifact
xiaomi,renoir,thermal-camera.conf,devices/xiaomi/renoir/thermal/thermal-camera.conf,thermal-engine-text,mi_thermald_aes,thermal-engine-text-v2,decoded,60.0,,,51.0,-9.0,mapped-artifact
xiaomi,renoir,thermal-chg-only.conf,devices/xiaomi/renoir/thermal/thermal-chg-only.conf,thermal-engine-text,plain,thermal-engine-text-v2,plain,60.0,,,,,mapped-artifact
xiaomi,renoir,thermal-class0.conf,devices/xiaomi/renoir/thermal/thermal-class0.conf,thermal-engine-text,mi_thermald_aes,thermal-engine-text-v2,decoded,60.0,,,50.0,-10.0,mapped-artifact
xiaomi,renoir,thermal-engine.conf,devices/xiaomi/renoir/thermal/thermal-engine.conf,text,plain,,plain,,,,,,mapped-artifact
xiaomi,renoir,thermal-india-4k.conf,devices/xiaomi/renoir/thermal/thermal-india-4k.conf,thermal-engine-text,mi_thermald_aes,thermal-engine-text-v2,decoded,60.0,,,,,mapped-artifact
xiaomi,renoir,thermal-india-8k.conf,devices/xiaomi/renoir/thermal/thermal-india-8k.conf,thermal-engine-text,mi_thermald_aes,thermal-engine-text-v2,decoded,60.0,,,,,mapped-artifact
xiaomi,renoir,thermal-india-camera.conf,devices/xiaomi/renoir/thermal/thermal-india-camera.conf,thermal-engine-text,mi_thermald_aes,thermal-engine-text-v2,decoded,60.0,,,,,mapped-artifact
xiaomi,renoir,thermal-india-class0.conf,devices/xiaomi/renoir/thermal/thermal-india-class0.conf,thermal-engine-text,mi_thermald_aes,thermal-engine-text-v2,decoded,60.0,,,48.0,-12.0,mapped-artifact
xiaomi,renoir,thermal-india-mgame.conf,devices/xiaomi/renoir/thermal/thermal-india-mgame.conf,thermal-engine-text,mi_thermald_aes,thermal-engine-text-v2,decoded,60.0,,,,,mapped-artifact
xiaomi,renoir,thermal-india-normal.conf,devices/xiaomi/renoir/thermal/thermal-india-normal.conf,thermal-engine-text,mi_thermald_aes,thermal-engine-text-v2,decoded,60.0,,,48.0,-12.0,mapped-artifact
xiaomi,renoir,thermal-india-tgame.conf,devices/xiaomi/renoir/thermal/thermal-india-tgame.conf,thermal-engine-text,mi_thermald_aes,thermal-engine-text-v2,decoded,60.0,,,,,mapped-artifact
xiaomi,renoir,thermal-india-video.conf,devices/xiaomi/renoir/thermal/thermal-india-video.conf,thermal-engine-text,mi_thermald_aes,thermal-engine-text-v2,decoded,60.0,,,48.0,-12.0,mapped-artifact
xiaomi,renoir,thermal-india-youtube.conf,devices/xiaomi/renoir/thermal/thermal-india-youtube.conf,thermal-engine-text,mi_thermald_aes,thermal-engine-text-v2,decoded,60.0,,,48.0,-12.0,mapped-artifact
xiaomi,renoir,thermal-map-india.conf,devices/xiaomi/renoir/thermal/thermal-map-india.conf,thermal-engine-text,mi_thermald_aes,thermal-engine-text-v2,decoded,,,,,,mapped-artifact
xiaomi,renoir,thermal-map.conf,devices/xiaomi/renoir/thermal/thermal-map.conf,thermal-engine-text,mi_thermald_aes,thermal-engine-text-v2,decoded,,,,,,mapped-artifact
xiaomi,renoir,thermal-mgame.conf,devices/xiaomi/renoir/thermal/thermal-mgame.conf,thermal-engine-text,mi_thermald_aes,thermal-engine-text-v2,decoded,60.0,,,50.0,-10.0,mapped-artifact
xiaomi,renoir,thermal-navigation.conf,devices/xiaomi/renoir/thermal/thermal-navigation.conf,thermal-engine-text,mi_thermald_aes,thermal-engine-text-v2,decoded,60.0,,,50.0,-10.0,mapped-artifact
xiaomi,renoir,thermal-nolimits.conf,devices/xiaomi/renoir/thermal/thermal-nolimits.conf,thermal-engine-text,mi_thermald_aes,thermal-engine-text-v2,decoded,60.0,,,,,mapped-artifact
xiaomi,renoir,thermal-normal.conf,devices/xiaomi/renoir/thermal/thermal-normal.conf,thermal-engine-text,mi_thermald_aes,thermal-engine-text-v2,decoded,60.0,,,50.0,-10.0,mapped-artifact
xiaomi,renoir,thermal-phone.conf,devices/xiaomi/renoir/thermal/thermal-phone.conf,thermal-engine-text,mi_thermald_aes,thermal-engine-text-v2,decoded,60.0,,,51.0,-9.0,mapped-artifact
xiaomi,renoir,thermal-region-map.conf,devices/xiaomi/renoir/thermal/thermal-region-map.conf,text,plain,,plain,,,,,,mapped-artifact
xiaomi,renoir,thermal-tgame.conf,devices/xiaomi/renoir/thermal/thermal-tgame.conf,thermal-engine-text,mi_thermald_aes,thermal-engine-text-v2,decoded,60.0,,,50.0,-10.0,mapped-artifact
xiaomi,renoir,thermal-video.conf,devices/xiaomi/renoir/thermal/thermal-video.conf,thermal-engine-text,mi_thermald_aes,thermal-engine-text-v2,decoded,60.0,,,50.0,-10.0,mapped-artifact
xiaomi,renoir,thermal-youtube.conf,devices/xiaomi/renoir/thermal/thermal-youtube.conf,thermal-engine-text,mi_thermald_aes,thermal-engine-text-v2,decoded,60.0,,,51.0,-9.0,mapped-artifact
xiaomi,renoir,thermald-devices.conf,devices/xiaomi/renoir/thermal/thermald-devices.conf,thermal-engine-text,plain,thermal-engine-text-v2,plain,,,,,,mapped-artifact
xiaomi,riva,index.tsv,devices/xiaomi/riva/thermal/index.tsv,text,plain,,plain,,,,,,mapped-artifact
xiaomi,riva,thermal-engine-map.conf,devices/xiaomi/riva/thermal/thermal-engine-map.conf,thermal-engine-text,plain,thermal-engine-text-v2,plain,,,,,,mapped-artifact
xiaomi,riva,thermal-engine-normal-india.conf,devices/xiaomi/riva/thermal/thermal-engine-normal-india.conf,thermal-engine-text,plain,thermal-engine-text-v2,plain,85.0,,,53.0,-32.0,mapped-artifact
xiaomi,riva,thermal-engine-normal.conf,devices/xiaomi/riva/thermal/thermal-engine-normal.conf,thermal-engine-text,plain,thermal-engine-text-v2,plain,95.0,,,55.0,-40.0,mapped-artifact
xiaomi,riva,thermal-engine.conf,devices/xiaomi/riva/thermal/thermal-engine.conf,text,plain,,plain,,,,,,mapped-artifact
xiaomi,rolex,index.tsv,devices/xiaomi/rolex/thermal/index.tsv,text,plain,,plain,,,,,,mapped-artifact
xiaomi,rolex,thermal-engine.conf,devices/xiaomi/rolex/thermal/thermal-engine.conf,thermal-engine-text,plain,thermal-engine-text-v2,plain,85.0,,,53.0,-32.0,mapped-artifact
xiaomi,rosemary,index.tsv,devices/xiaomi/rosemary/thermal/index.tsv,text,plain,,plain,,,,,,mapped-artifact
xiaomi,rosemary,thermal-arvr.conf,devices/xiaomi/rosemary/thermal/thermal-arvr.conf,thermal-engine-text,mi_thermald_aes,thermal-engine-text-v2,decoded,57.0,,,,,mapped-artifact
xiaomi,rosemary,thermal-camera.conf,devices/xiaomi/rosemary/thermal/thermal-camera.conf,thermal-engine-text,mi_thermald_aes,thermal-engine-text-v2,decoded,61.0,,,51.0,-10.0,mapped-artifact
xiaomi,rosemary,thermal-camera2.conf,devices/xiaomi/rosemary/thermal/thermal-camera2.conf,thermal-engine-text,mi_thermald_aes,thermal-engine-text-v2,decoded,61.0,,,55.0,-6.0,mapped-artifact
xiaomi,rosemary,thermal-chg-only.conf,devices/xiaomi/rosemary/thermal/thermal-chg-only.conf,thermal-engine-text,mi_thermald_aes,thermal-engine-text-v2,decoded,61.0,,,52.0,-9.0,mapped-artifact
xiaomi,rosemary,thermal-map.conf,devices/xiaomi/rosemary/thermal/thermal-map.conf,thermal-engine-text,mi_thermald_aes,thermal-engine-text-v2,decoded,,,,,,mapped-artifact
xiaomi,rosemary,thermal-nolimits.conf,devices/xiaomi/rosemary/thermal/thermal-nolimits.conf,thermal-engine-text,mi_thermald_aes,thermal-engine-text-v2,decoded,61.0,,,,,mapped-artifact
xiaomi,rosemary,thermal-normal.conf,devices/xiaomi/rosemary/thermal/thermal-normal.conf,thermal-engine-text,mi_thermald_aes,thermal-engine-text-v2,decoded,61.0,,,49.5,-11.5,mapped-artifact
xiaomi,rosemary,thermal-phone.conf,devices/xiaomi/rosemary/thermal/thermal-phone.conf,thermal-engine-text,mi_thermald_aes,thermal-engine-text-v2,decoded,61.0,,,54.0,-7.0,mapped-artifact
xiaomi,rosemary,thermal-tgame.conf,devices/xiaomi/rosemary/thermal/thermal-tgame.conf,thermal-engine-text,mi_thermald_aes,thermal-engine-text-v2,decoded,61.0,,,53.0,-8.0,mapped-artifact
xiaomi,rosemary,thermal-youtube.conf,devices/xiaomi/rosemary/thermal/thermal-youtube.conf,thermal-engine-text,mi_thermald_aes,thermal-engine-text-v2,decoded,61.0,,,,,mapped-artifact
xiaomi,rosemary,thermald-devices.conf,devices/xiaomi/rosemary/thermal/thermald-devices.conf,thermal-engine-text,plain,thermal-engine-text-v2,plain,,,,,,mapped-artifact
xiaomi,rosy,index.tsv,devices/xiaomi/rosy/thermal/index.tsv,text,plain,,plain,,,,,,mapped-artifact
xiaomi,rosy,thermal-engine.conf,devices/xiaomi/rosy/thermal/thermal-engine.conf,thermal-engine-text,plain,thermal-engine-text-v2,plain,95.0,,,52.0,-43.0,mapped-artifact
xiaomi,rosy,thermal-engine_india.conf,devices/xiaomi/rosy/thermal/thermal-engine_india.conf,thermal-engine-text,plain,thermal-engine-text-v2,plain,95.0,,,50.0,-45.0,mapped-artifact
xiaomi,ruan,index.tsv,devices/xiaomi/ruan/thermal/index.tsv,text,plain,,plain,,,,,,mapped-artifact
xiaomi,ruan,thermal-camera.conf,devices/xiaomi/ruan/thermal/thermal-camera.conf,thermal-engine-text,mi_thermald_aes,thermal-engine-text-v2,decoded,53.0,,,51.0,-2.0,mapped-artifact
xiaomi,ruan,thermal-chg-only.conf,devices/xiaomi/ruan/thermal/thermal-chg-only.conf,thermal-engine-text,plain,thermal-engine-text-v2,plain,53.0,,,51.0,-2.0,mapped-artifact
xiaomi,ruan,thermal-class0.conf,devices/xiaomi/ruan/thermal/thermal-class0.conf,thermal-engine-text,mi_thermald_aes,thermal-engine-text-v2,decoded,53.0,,,51.0,-2.0,mapped-artifact
xiaomi,ruan,thermal-engine.conf,devices/xiaomi/ruan/thermal/thermal-engine.conf,text,plain,,plain,,,,,,mapped-artifact
xiaomi,ruan,thermal-hp-mgame.conf,devices/xiaomi/ruan/thermal/thermal-hp-mgame.conf,thermal-engine-text,mi_thermald_aes,thermal-engine-text-v2,decoded,51.0,,,51.0,0.0,mapped-artifact
xiaomi,ruan,thermal-hp-normal.conf,devices/xiaomi/ruan/thermal/thermal-hp-normal.conf,thermal-engine-text,mi_thermald_aes,thermal-engine-text-v2,decoded,51.0,,,51.0,0.0,mapped-artifact
xiaomi,ruan,thermal-huanji.conf,devices/xiaomi/ruan/thermal/thermal-huanji.conf,thermal-engine-text,mi_thermald_aes,thermal-engine-text-v2,decoded,53.0,,,51.0,-2.0,mapped-artifact
xiaomi,ruan,thermal-map.conf,devices/xiaomi/ruan/thermal/thermal-map.conf,thermal-engine-text,mi_thermald_aes,thermal-engine-text-v2,decoded,,,,,,mapped-artifact
xiaomi,ruan,thermal-mgame.conf,devices/xiaomi/ruan/thermal/thermal-mgame.conf,thermal-engine-text,mi_thermald_aes,thermal-engine-text-v2,decoded,53.0,,,51.0,-2.0,mapped-artifact
xiaomi,ruan,thermal-navigation.conf,devices/xiaomi/ruan/thermal/thermal-navigation.conf,thermal-engine-text,mi_thermald_aes,thermal-engine-text-v2,decoded,53.0,,,51.0,-2.0,mapped-artifact
xiaomi,ruan,thermal-nolimits.conf,devices/xiaomi/ruan/thermal/thermal-nolimits.conf,thermal-engine-text,mi_thermald_aes,thermal-engine-text-v2,decoded,53.0,,,,,mapped-artifact
xiaomi,ruan,thermal-normal.conf,devices/xiaomi/ruan/thermal/thermal-normal.conf,thermal-engine-text,mi_thermald_aes,thermal-engine-text-v2,decoded,53.0,,,51.0,-2.0,mapped-artifact
xiaomi,ruan,thermal-phone.conf,devices/xiaomi/ruan/thermal/thermal-phone.conf,thermal-engine-text,mi_thermald_aes,thermal-engine-text-v2,decoded,53.0,,,51.0,-2.0,mapped-artifact
xiaomi,ruan,thermal-tgame.conf,devices/xiaomi/ruan/thermal/thermal-tgame.conf,thermal-engine-text,mi_thermald_aes,thermal-engine-text-v2,decoded,53.0,,,51.0,-2.0,mapped-artifact
xiaomi,ruan,thermal-video.conf,devices/xiaomi/ruan/thermal/thermal-video.conf,thermal-engine-text,mi_thermald_aes,thermal-engine-text-v2,decoded,53.0,,,51.0,-2.0,mapped-artifact
xiaomi,ruan,thermal-videochat.conf,devices/xiaomi/ruan/thermal/thermal-videochat.conf,thermal-engine-text,mi_thermald_aes,thermal-engine-text-v2,decoded,53.0,,,51.0,-2.0,mapped-artifact
xiaomi,ruan,thermald-devices.conf,devices/xiaomi/ruan/thermal/thermald-devices.conf,thermal-engine-text,plain,thermal-engine-text-v2,plain,,,,,,mapped-artifact
xiaomi,ruby,index.tsv,devices/xiaomi/ruby/thermal/index.tsv,text,plain,,plain,,,,,,mapped-artifact
xiaomi,ruby,thermal-4k.conf,devices/xiaomi/ruby/thermal/thermal-4k.conf,thermal-engine-text,mi_thermald_aes,thermal-engine-text-v2,decoded,88.0,,,51.0,-37.0,mapped-artifact
xiaomi,ruby,thermal-camera.conf,devices/xiaomi/ruby/thermal/thermal-camera.conf,thermal-engine-text,mi_thermald_aes,thermal-engine-text-v2,decoded,88.0,,,51.0,-37.0,mapped-artifact
xiaomi,ruby,thermal-chg-only-1.conf,devices/xiaomi/ruby/thermal/thermal-chg-only-1.conf,thermal-engine-text,plain,thermal-engine-text-v2,plain,48.0,,,51.0,3.0,mapped-artifact
xiaomi,ruby,thermal-chg-only-2.conf,devices/xiaomi/ruby/thermal/thermal-chg-only-2.conf,thermal-engine-text,plain,thermal-engine-text-v2,plain,49.0,,,,,mapped-artifact
xiaomi,ruby,thermal-chg-only-3.conf,devices/xiaomi/ruby/thermal/thermal-chg-only-3.conf,thermal-engine-text,plain,thermal-engine-text-v2,plain,48.0,,,51.0,3.0,mapped-artifact
xiaomi,ruby,thermal-chg-only.conf,devices/xiaomi/ruby/thermal/thermal-chg-only.conf,thermal-engine-text,plain,thermal-engine-text-v2,plain,60.0,,,51.0,-9.0,mapped-artifact
xiaomi,ruby,thermal-class0.conf,devices/xiaomi/ruby/thermal/thermal-class0.conf,thermal-engine-text,mi_thermald_aes,thermal-engine-text-v2,decoded,88.0,,,51.0,-37.0,mapped-artifact
xiaomi,ruby,thermal-dolbyvision.conf,devices/xiaomi/ruby/thermal/thermal-dolbyvision.conf,thermal-engine-text,mi_thermald_aes,thermal-engine-text-v2,decoded,88.0,,,51.0,-37.0,mapped-artifact
xiaomi,ruby,thermal-gl-4k.conf,devices/xiaomi/ruby/thermal/thermal-gl-4k.conf,thermal-engine-text,mi_thermald_aes,thermal-engine-text-v2,decoded,88.0,,,51.0,-37.0,mapped-artifact
xiaomi,ruby,thermal-gl-camera.conf,devices/xiaomi/ruby/thermal/thermal-gl-camera.conf,thermal-engine-text,mi_thermald_aes,thermal-engine-text-v2,decoded,88.0,,,51.0,-37.0,mapped-artifact
xiaomi,ruby,thermal-gl-class0.conf,devices/xiaomi/ruby/thermal/thermal-gl-class0.conf,thermal-engine-text,mi_thermald_aes,thermal-engine-text-v2,decoded,88.0,,,51.0,-37.0,mapped-artifact
xiaomi,ruby,thermal-gl-dolbyvision.conf,devices/xiaomi/ruby/thermal/thermal-gl-dolbyvision.conf,thermal-engine-text,mi_thermald_aes,thermal-engine-text-v2,decoded,88.0,,,51.0,-37.0,mapped-artifact
xiaomi,ruby,thermal-gl-hp-mgame.conf,devices/xiaomi/ruby/thermal/thermal-gl-hp-mgame.conf,thermal-engine-text,mi_thermald_aes,thermal-engine-text-v2,decoded,88.0,,,51.0,-37.0,mapped-artifact
xiaomi,ruby,thermal-gl-hp-normal.conf,devices/xiaomi/ruby/thermal/thermal-gl-hp-normal.conf,thermal-engine-text,mi_thermald_aes,thermal-engine-text-v2,decoded,88.0,,,51.0,-37.0,mapped-artifact
xiaomi,ruby,thermal-gl-huanji.conf,devices/xiaomi/ruby/thermal/thermal-gl-huanji.conf,thermal-engine-text,mi_thermald_aes,thermal-engine-text-v2,decoded,88.0,,,,,mapped-artifact
xiaomi,ruby,thermal-gl-map.conf,devices/xiaomi/ruby/thermal/thermal-gl-map.conf,thermal-engine-text,mi_thermald_aes,thermal-engine-text-v2,decoded,,,,,,mapped-artifact
xiaomi,ruby,thermal-gl-mgame.conf,devices/xiaomi/ruby/thermal/thermal-gl-mgame.conf,thermal-engine-text,mi_thermald_aes,thermal-engine-text-v2,decoded,88.0,,,51.0,-37.0,mapped-artifact
xiaomi,ruby,thermal-gl-navigation.conf,devices/xiaomi/ruby/thermal/thermal-gl-navigation.conf,thermal-engine-text,mi_thermald_aes,thermal-engine-text-v2,decoded,88.0,,,51.0,-37.0,mapped-artifact
xiaomi,ruby,thermal-gl-nolimits.conf,devices/xiaomi/ruby/thermal/thermal-gl-nolimits.conf,thermal-engine-text,mi_thermald_aes,thermal-engine-text-v2,decoded,88.0,,,,,mapped-artifact
xiaomi,ruby,thermal-gl-normal.conf,devices/xiaomi/ruby/thermal/thermal-gl-normal.conf,thermal-engine-text,mi_thermald_aes,thermal-engine-text-v2,decoded,88.0,,,51.0,-37.0,mapped-artifact
xiaomi,ruby,thermal-gl-per-class0.conf,devices/xiaomi/ruby/thermal/thermal-gl-per-class0.conf,thermal-engine-text,mi_thermald_aes,thermal-engine-text-v2,decoded,88.0,,,51.0,-37.0,mapped-artifact
xiaomi,ruby,thermal-gl-per-normal.conf,devices/xiaomi/ruby/thermal/thermal-gl-per-normal.conf,thermal-engine-text,mi_thermald_aes,thermal-engine-text-v2,decoded,88.0,,,51.0,-37.0,mapped-artifact
xiaomi,ruby,thermal-gl-per-video.conf,devices/xiaomi/ruby/thermal/thermal-gl-per-video.conf,thermal-engine-text,mi_thermald_aes,thermal-engine-text-v2,decoded,88.0,,,51.0,-37.0,mapped-artifact
xiaomi,ruby,thermal-gl-phone.conf,devices/xiaomi/ruby/thermal/thermal-gl-phone.conf,thermal-engine-text,mi_thermald_aes,thermal-engine-text-v2,decoded,88.0,,,50.0,-38.0,mapped-artifact
xiaomi,ruby,thermal-gl-tgame.conf,devices/xiaomi/ruby/thermal/thermal-gl-tgame.conf,thermal-engine-text,mi_thermald_aes,thermal-engine-text-v2,decoded,88.0,,,51.0,-37.0,mapped-artifact
xiaomi,ruby,thermal-gl-video.conf,devices/xiaomi/ruby/thermal/thermal-gl-video.conf,thermal-engine-text,mi_thermald_aes,thermal-engine-text-v2,decoded,88.0,,,51.0,-37.0,mapped-artifact
xiaomi,ruby,thermal-gl-videochat.conf,devices/xiaomi/ruby/thermal/thermal-gl-videochat.conf,thermal-engine-text,mi_thermald_aes,thermal-engine-text-v2,decoded,88.0,,,51.0,-37.0,mapped-artifact
xiaomi,ruby,thermal-huanji.conf,devices/xiaomi/ruby/thermal/thermal-huanji.conf,thermal-engine-text,mi_thermald_aes,thermal-engine-text-v2,decoded,88.0,,,,,mapped-artifact
xiaomi,ruby,thermal-in-4k.conf,devices/xiaomi/ruby/thermal/thermal-in-4k.conf,thermal-engine-text,mi_thermald_aes,thermal-engine-text-v2,decoded,88.0,,,51.0,-37.0,mapped-artifact
xiaomi,ruby,thermal-in-camera.conf,devices/xiaomi/ruby/thermal/thermal-in-camera.conf,thermal-engine-text,mi_thermald_aes,thermal-engine-text-v2,decoded,88.0,,,51.0,-37.0,mapped-artifact
xiaomi,ruby,thermal-in-class0.conf,devices/xiaomi/ruby/thermal/thermal-in-class0.conf,thermal-engine-text,mi_thermald_aes,thermal-engine-text-v2,decoded,88.0,,,51.0,-37.0,mapped-artifact
xiaomi,ruby,thermal-in-huanji.conf,devices/xiaomi/ruby/thermal/thermal-in-huanji.conf,thermal-engine-text,mi_thermald_aes,thermal-engine-text-v2,decoded,88.0,,,,,mapped-artifact
xiaomi,ruby,thermal-in-map.conf,devices/xiaomi/ruby/thermal/thermal-in-map.conf,thermal-engine-text,mi_thermald_aes,thermal-engine-text-v2,decoded,,,,,,mapped-artifact
xiaomi,ruby,thermal-in-mgame.conf,devices/xiaomi/ruby/thermal/thermal-in-mgame.conf,thermal-engine-text,mi_thermald_aes,thermal-engine-text-v2,decoded,88.0,,,51.0,-37.0,mapped-artifact
xiaomi,ruby,thermal-in-navigation.conf,devices/xiaomi/ruby/thermal/thermal-in-navigation.conf,thermal-engine-text,mi_thermald_aes,thermal-engine-text-v2,decoded,88.0,,,51.0,-37.0,mapped-artifact
xiaomi,ruby,thermal-in-nolimits.conf,devices/xiaomi/ruby/thermal/thermal-in-nolimits.conf,thermal-engine-text,mi_thermald_aes,thermal-engine-text-v2,decoded,88.0,,,,,mapped-artifact
xiaomi,ruby,thermal-in-normal.conf,devices/xiaomi/ruby/thermal/thermal-in-normal.conf,thermal-engine-text,mi_thermald_aes,thermal-engine-text-v2,decoded,88.0,,,51.0,-37.0,mapped-artifact
xiaomi,ruby,thermal-in-per-class0.conf,devices/xiaomi/ruby/thermal/thermal-in-per-class0.conf,thermal-engine-text,mi_thermald_aes,thermal-engine-text-v2,decoded,88.0,,,51.0,-37.0,mapped-artifact
xiaomi,ruby,thermal-in-per-normal.conf,devices/xiaomi/ruby/thermal/thermal-in-per-normal.conf,thermal-engine-text,mi_thermald_aes,thermal-engine-text-v2,decoded,88.0,,,51.0,-37.0,mapped-artifact
xiaomi,ruby,thermal-in-per-video.conf,devices/xiaomi/ruby/thermal/thermal-in-per-video.conf,thermal-engine-text,mi_thermald_aes,thermal-engine-text-v2,decoded,88.0,,,51.0,-37.0,mapped-artifact
xiaomi,ruby,thermal-in-phone.conf,devices/xiaomi/ruby/thermal/thermal-in-phone.conf,thermal-engine-text,mi_thermald_aes,thermal-engine-text-v2,decoded,88.0,,,50.0,-38.0,mapped-artifact
xiaomi,ruby,thermal-in-tgame.conf,devices/xiaomi/ruby/thermal/thermal-in-tgame.conf,thermal-engine-text,mi_thermald_aes,thermal-engine-text-v2,decoded,88.0,,,51.0,-37.0,mapped-artifact
xiaomi,ruby,thermal-in-video.conf,devices/xiaomi/ruby/thermal/thermal-in-video.conf,thermal-engine-text,mi_thermald_aes,thermal-engine-text-v2,decoded,88.0,,,51.0,-37.0,mapped-artifact
xiaomi,ruby,thermal-in-videochat.conf,devices/xiaomi/ruby/thermal/thermal-in-videochat.conf,thermal-engine-text,mi_thermald_aes,thermal-engine-text-v2,decoded,88.0,,,51.0,-37.0,mapped-artifact
xiaomi,ruby,thermal-map.conf,devices/xiaomi/ruby/thermal/thermal-map.conf,thermal-engine-text,mi_thermald_aes,thermal-engine-text-v2,decoded,,,,,,mapped-artifact
xiaomi,ruby,thermal-mgame.conf,devices/xiaomi/ruby/thermal/thermal-mgame.conf,thermal-engine-text,mi_thermald_aes,thermal-engine-text-v2,decoded,88.0,,,51.0,-37.0,mapped-artifact
xiaomi,ruby,thermal-navigation.conf,devices/xiaomi/ruby/thermal/thermal-navigation.conf,thermal-engine-text,mi_thermald_aes,thermal-engine-text-v2,decoded,88.0,,,51.0,-37.0,mapped-artifact
xiaomi,ruby,thermal-nolimits.conf,devices/xiaomi/ruby/thermal/thermal-nolimits.conf,thermal-engine-text,mi_thermald_aes,thermal-engine-text-v2,decoded,88.0,,,,,mapped-artifact
xiaomi,ruby,thermal-normal.conf,devices/xiaomi/ruby/thermal/thermal-normal.conf,thermal-engine-text,mi_thermald_aes,thermal-engine-text-v2,decoded,88.0,,,51.0,-37.0,mapped-artifact
xiaomi,ruby,thermal-per-class0.conf,devices/xiaomi/ruby/thermal/thermal-per-class0.conf,thermal-engine-text,mi_thermald_aes,thermal-engine-text-v2,decoded,88.0,,,51.0,-37.0,mapped-artifact
xiaomi,ruby,thermal-per-normal.conf,devices/xiaomi/ruby/thermal/thermal-per-normal.conf,thermal-engine-text,mi_thermald_aes,thermal-engine-text-v2,decoded,88.0,,,51.0,-37.0,mapped-artifact
xiaomi,ruby,thermal-per-video.conf,devices/xiaomi/ruby/thermal/thermal-per-video.conf,thermal-engine-text,mi_thermald_aes,thermal-engine-text-v2,decoded,88.0,,,51.0,-37.0,mapped-artifact
xiaomi,ruby,thermal-phone.conf,devices/xiaomi/ruby/thermal/thermal-phone.conf,thermal-engine-text,mi_thermald_aes,thermal-engine-text-v2,decoded,88.0,,,50.0,-38.0,mapped-artifact
xiaomi,ruby,thermal-region-map.conf,devices/xiaomi/ruby/thermal/thermal-region-map.conf,text,mi_thermald_aes,,decoded,,,,,,mapped-artifact
xiaomi,ruby,thermal-tgame.conf,devices/xiaomi/ruby/thermal/thermal-tgame.conf,thermal-engine-text,mi_thermald_aes,thermal-engine-text-v2,decoded,88.0,,,51.0,-37.0,mapped-artifact
xiaomi,ruby,thermal-u-200-4k.conf,devices/xiaomi/ruby/thermal/thermal-u-200-4k.conf,thermal-engine-text,mi_thermald_aes,thermal-engine-text-v2,decoded,88.0,,,51.0,-37.0,mapped-artifact
xiaomi,ruby,thermal-u-200-camera.conf,devices/xiaomi/ruby/thermal/thermal-u-200-camera.conf,thermal-engine-text,mi_thermald_aes,thermal-engine-text-v2,decoded,88.0,,,51.0,-37.0,mapped-artifact
xiaomi,ruby,thermal-u-200-class0.conf,devices/xiaomi/ruby/thermal/thermal-u-200-class0.conf,thermal-engine-text,mi_thermald_aes,thermal-engine-text-v2,decoded,88.0,,,51.0,-37.0,mapped-artifact
xiaomi,ruby,thermal-u-200-dolbyvision.conf,devices/xiaomi/ruby/thermal/thermal-u-200-dolbyvision.conf,thermal-engine-text,mi_thermald_aes,thermal-engine-text-v2,decoded,88.0,,,51.0,-37.0,mapped-artifact
xiaomi,ruby,thermal-u-200-huanji.conf,devices/xiaomi/ruby/thermal/thermal-u-200-huanji.conf,thermal-engine-text,mi_thermald_aes,thermal-engine-text-v2,decoded,88.0,,,47.0,-41.0,mapped-artifact
xiaomi,ruby,thermal-u-200-map.conf,devices/xiaomi/ruby/thermal/thermal-u-200-map.conf,thermal-engine-text,mi_thermald_aes,thermal-engine-text-v2,decoded,,,,,,mapped-artifact
xiaomi,ruby,thermal-u-200-mgame.conf,devices/xiaomi/ruby/thermal/thermal-u-200-mgame.conf,thermal-engine-text,mi_thermald_aes,thermal-engine-text-v2,decoded,88.0,,,51.0,-37.0,mapped-artifact
xiaomi,ruby,thermal-u-200-navigation.conf,devices/xiaomi/ruby/thermal/thermal-u-200-navigation.conf,thermal-engine-text,mi_thermald_aes,thermal-engine-text-v2,decoded,88.0,,,51.0,-37.0,mapped-artifact
xiaomi,ruby,thermal-u-200-nolimits.conf,devices/xiaomi/ruby/thermal/thermal-u-200-nolimits.conf,thermal-engine-text,mi_thermald_aes,thermal-engine-text-v2,decoded,88.0,,,,,mapped-artifact
xiaomi,ruby,thermal-u-200-normal.conf,devices/xiaomi/ruby/thermal/thermal-u-200-normal.conf,thermal-engine-text,mi_thermald_aes,thermal-engine-text-v2,decoded,88.0,,,51.0,-37.0,mapped-artifact
xiaomi,ruby,thermal-u-200-per-class0.conf,devices/xiaomi/ruby/thermal/thermal-u-200-per-class0.conf,thermal-engine-text,mi_thermald_aes,thermal-engine-text-v2,decoded,88.0,,,51.0,-37.0,mapped-artifact
xiaomi,ruby,thermal-u-200-per-normal.conf,devices/xiaomi/ruby/thermal/thermal-u-200-per-normal.conf,thermal-engine-text,mi_thermald_aes,thermal-engine-text-v2,decoded,88.0,,,51.0,-37.0,mapped-artifact
xiaomi,ruby,thermal-u-200-per-video.conf,devices/xiaomi/ruby/thermal/thermal-u-200-per-video.conf,thermal-engine-text,mi_thermald_aes,thermal-engine-text-v2,decoded,88.0,,,51.0,-37.0,mapped-artifact
xiaomi,ruby,thermal-u-200-phone.conf,devices/xiaomi/ruby/thermal/thermal-u-200-phone.conf,thermal-engine-text,mi_thermald_aes,thermal-engine-text-v2,decoded,88.0,,,50.0,-38.0,mapped-artifact
xiaomi,ruby,thermal-u-200-tgame.conf,devices/xiaomi/ruby/thermal/thermal-u-200-tgame.conf,thermal-engine-text,mi_thermald_aes,thermal-engine-text-v2,decoded,88.0,,,51.0,-37.0,mapped-artifact
xiaomi,ruby,thermal-u-200-video.conf,devices/xiaomi/ruby/thermal/thermal-u-200-video.conf,thermal-engine-text,mi_thermald_aes,thermal-engine-text-v2,decoded,88.0,,,51.0,-37.0,mapped-artifact
xiaomi,ruby,thermal-u-200-videochat.conf,devices/xiaomi/ruby/thermal/thermal-u-200-videochat.conf,thermal-engine-text,mi_thermald_aes,thermal-engine-text-v2,decoded,88.0,,,51.0,-37.0,mapped-artifact
xiaomi,ruby,thermal-u-4k.conf,devices/xiaomi/ruby/thermal/thermal-u-4k.conf,thermal-engine-text,mi_thermald_aes,thermal-engine-text-v2,decoded,88.0,,,51.0,-37.0,mapped-artifact
xiaomi,ruby,thermal-u-camera.conf,devices/xiaomi/ruby/thermal/thermal-u-camera.conf,thermal-engine-text,mi_thermald_aes,thermal-engine-text-v2,decoded,88.0,,,51.0,-37.0,mapped-artifact
xiaomi,ruby,thermal-u-class0.conf,devices/xiaomi/ruby/thermal/thermal-u-class0.conf,thermal-engine-text,mi_thermald_aes,thermal-engine-text-v2,decoded,88.0,,,51.0,-37.0,mapped-artifact
xiaomi,ruby,thermal-u-dolbyvision.conf,devices/xiaomi/ruby/thermal/thermal-u-dolbyvision.conf,thermal-engine-text,mi_thermald_aes,thermal-engine-text-v2,decoded,88.0,,,51.0,-37.0,mapped-artifact
xiaomi,ruby,thermal-u-gl-4k.conf,devices/xiaomi/ruby/thermal/thermal-u-gl-4k.conf,thermal-engine-text,mi_thermald_aes,thermal-engine-text-v2,decoded,88.0,,,51.0,-37.0,mapped-artifact
xiaomi,ruby,thermal-u-gl-camera.conf,devices/xiaomi/ruby/thermal/thermal-u-gl-camera.conf,thermal-engine-text,mi_thermald_aes,thermal-engine-text-v2,decoded,88.0,,,51.0,-37.0,mapped-artifact
xiaomi,ruby,thermal-u-gl-class0.conf,devices/xiaomi/ruby/thermal/thermal-u-gl-class0.conf,thermal-engine-text,mi_thermald_aes,thermal-engine-text-v2,decoded,88.0,,,51.0,-37.0,mapped-artifact
xiaomi,ruby,thermal-u-gl-dolbyvision.conf,devices/xiaomi/ruby/thermal/thermal-u-gl-dolbyvision.conf,thermal-engine-text,mi_thermald_aes,thermal-engine-text-v2,decoded,88.0,,,51.0,-37.0,mapped-artifact
xiaomi,ruby,thermal-u-gl-hp-mgame.conf,devices/xiaomi/ruby/thermal/thermal-u-gl-hp-mgame.conf,thermal-engine-text,mi_thermald_aes,thermal-engine-text-v2,decoded,88.0,,,51.0,-37.0,mapped-artifact
xiaomi,ruby,thermal-u-gl-hp-normal.conf,devices/xiaomi/ruby/thermal/thermal-u-gl-hp-normal.conf,thermal-engine-text,mi_thermald_aes,thermal-engine-text-v2,decoded,88.0,,,51.0,-37.0,mapped-artifact
xiaomi,ruby,thermal-u-gl-huanji.conf,devices/xiaomi/ruby/thermal/thermal-u-gl-huanji.conf,thermal-engine-text,mi_thermald_aes,thermal-engine-text-v2,decoded,88.0,,,47.0,-41.0,mapped-artifact
xiaomi,ruby,thermal-u-gl-map.conf,devices/xiaomi/ruby/thermal/thermal-u-gl-map.conf,thermal-engine-text,mi_thermald_aes,thermal-engine-text-v2,decoded,,,,,,mapped-artifact
xiaomi,ruby,thermal-u-gl-mgame.conf,devices/xiaomi/ruby/thermal/thermal-u-gl-mgame.conf,thermal-engine-text,mi_thermald_aes,thermal-engine-text-v2,decoded,88.0,,,51.0,-37.0,mapped-artifact
xiaomi,ruby,thermal-u-gl-navigation.conf,devices/xiaomi/ruby/thermal/thermal-u-gl-navigation.conf,thermal-engine-text,mi_thermald_aes,thermal-engine-text-v2,decoded,88.0,,,51.0,-37.0,mapped-artifact
xiaomi,ruby,thermal-u-gl-nolimits.conf,devices/xiaomi/ruby/thermal/thermal-u-gl-nolimits.conf,thermal-engine-text,mi_thermald_aes,thermal-engine-text-v2,decoded,88.0,,,,,mapped-artifact
xiaomi,ruby,thermal-u-gl-normal.conf,devices/xiaomi/ruby/thermal/thermal-u-gl-normal.conf,thermal-engine-text,mi_thermald_aes,thermal-engine-text-v2,decoded,88.0,,,,,mapped-artifact
xiaomi,ruby,thermal-u-gl-per-class0.conf,devices/xiaomi/ruby/thermal/thermal-u-gl-per-class0.conf,thermal-engine-text,mi_thermald_aes,thermal-engine-text-v2,decoded,88.0,,,51.0,-37.0,mapped-artifact
xiaomi,ruby,thermal-u-gl-per-normal.conf,devices/xiaomi/ruby/thermal/thermal-u-gl-per-normal.conf,thermal-engine-text,mi_thermald_aes,thermal-engine-text-v2,decoded,88.0,,,,,mapped-artifact
xiaomi,ruby,thermal-u-gl-per-video.conf,devices/xiaomi/ruby/thermal/thermal-u-gl-per-video.conf,thermal-engine-text,mi_thermald_aes,thermal-engine-text-v2,decoded,88.0,,,51.0,-37.0,mapped-artifact
xiaomi,ruby,thermal-u-gl-phone.conf,devices/xiaomi/ruby/thermal/thermal-u-gl-phone.conf,thermal-engine-text,mi_thermald_aes,thermal-engine-text-v2,decoded,88.0,,,50.0,-38.0,mapped-artifact
xiaomi,ruby,thermal-u-gl-tgame.conf,devices/xiaomi/ruby/thermal/thermal-u-gl-tgame.conf,thermal-engine-text,mi_thermald_aes,thermal-engine-text-v2,decoded,88.0,,,51.0,-37.0,mapped-artifact
xiaomi,ruby,thermal-u-gl-video.conf,devices/xiaomi/ruby/thermal/thermal-u-gl-video.conf,thermal-engine-text,mi_thermald_aes,thermal-engine-text-v2,decoded,88.0,,,51.0,-37.0,mapped-artifact
xiaomi,ruby,thermal-u-gl-videochat.conf,devices/xiaomi/ruby/thermal/thermal-u-gl-videochat.conf,thermal-engine-text,mi_thermald_aes,thermal-engine-text-v2,decoded,88.0,,,51.0,-37.0,mapped-artifact
xiaomi,ruby,thermal-u-huanji.conf,devices/xiaomi/ruby/thermal/thermal-u-huanji.conf,thermal-engine-text,mi_thermald_aes,thermal-engine-text-v2,decoded,88.0,,,47.0,-41.0,mapped-artifact
xiaomi,ruby,thermal-u-in-4k.conf,devices/xiaomi/ruby/thermal/thermal-u-in-4k.conf,thermal-engine-text,mi_thermald_aes,thermal-engine-text-v2,decoded,88.0,,,51.0,-37.0,mapped-artifact
xiaomi,ruby,thermal-u-in-camera.conf,devices/xiaomi/ruby/thermal/thermal-u-in-camera.conf,thermal-engine-text,mi_thermald_aes,thermal-engine-text-v2,decoded,88.0,,,51.0,-37.0,mapped-artifact
xiaomi,ruby,thermal-u-in-class0.conf,devices/xiaomi/ruby/thermal/thermal-u-in-class0.conf,thermal-engine-text,mi_thermald_aes,thermal-engine-text-v2,decoded,88.0,,,51.0,-37.0,mapped-artifact
xiaomi,ruby,thermal-u-in-dolbyvision.conf,devices/xiaomi/ruby/thermal/thermal-u-in-dolbyvision.conf,thermal-engine-text,mi_thermald_aes,thermal-engine-text-v2,decoded,88.0,,,51.0,-37.0,mapped-artifact
xiaomi,ruby,thermal-u-in-huanji.conf,devices/xiaomi/ruby/thermal/thermal-u-in-huanji.conf,thermal-engine-text,mi_thermald_aes,thermal-engine-text-v2,decoded,88.0,,,47.0,-41.0,mapped-artifact
xiaomi,ruby,thermal-u-in-map.conf,devices/xiaomi/ruby/thermal/thermal-u-in-map.conf,thermal-engine-text,mi_thermald_aes,thermal-engine-text-v2,decoded,,,,,,mapped-artifact
xiaomi,ruby,thermal-u-in-mgame.conf,devices/xiaomi/ruby/thermal/thermal-u-in-mgame.conf,thermal-engine-text,mi_thermald_aes,thermal-engine-text-v2,decoded,88.0,,,51.0,-37.0,mapped-artifact
xiaomi,ruby,thermal-u-in-navigation.conf,devices/xiaomi/ruby/thermal/thermal-u-in-navigation.conf,thermal-engine-text,mi_thermald_aes,thermal-engine-text-v2,decoded,88.0,,,51.0,-37.0,mapped-artifact
xiaomi,ruby,thermal-u-in-nolimits.conf,devices/xiaomi/ruby/thermal/thermal-u-in-nolimits.conf,thermal-engine-text,mi_thermald_aes,thermal-engine-text-v2,decoded,88.0,,,,,mapped-artifact
xiaomi,ruby,thermal-u-in-normal.conf,devices/xiaomi/ruby/thermal/thermal-u-in-normal.conf,thermal-engine-text,mi_thermald_aes,thermal-engine-text-v2,decoded,88.0,,,,,mapped-artifact
xiaomi,ruby,thermal-u-in-per-class0.conf,devices/xiaomi/ruby/thermal/thermal-u-in-per-class0.conf,thermal-engine-text,mi_thermald_aes,thermal-engine-text-v2,decoded,88.0,,,51.0,-37.0,mapped-artifact
xiaomi,ruby,thermal-u-in-per-normal.conf,devices/xiaomi/ruby/thermal/thermal-u-in-per-normal.conf,thermal-engine-text,mi_thermald_aes,thermal-engine-text-v2,decoded,88.0,,,,,mapped-artifact
xiaomi,ruby,thermal-u-in-per-video.conf,devices/xiaomi/ruby/thermal/thermal-u-in-per-video.conf,thermal-engine-text,mi_thermald_aes,thermal-engine-text-v2,decoded,88.0,,,51.0,-37.0,mapped-artifact
xiaomi,ruby,thermal-u-in-phone.conf,devices/xiaomi/ruby/thermal/thermal-u-in-phone.conf,thermal-engine-text,mi_thermald_aes,thermal-engine-text-v2,decoded,88.0,,,50.0,-38.0,mapped-artifact
xiaomi,ruby,thermal-u-in-tgame.conf,devices/xiaomi/ruby/thermal/thermal-u-in-tgame.conf,thermal-engine-text,mi_thermald_aes,thermal-engine-text-v2,decoded,88.0,,,51.0,-37.0,mapped-artifact
xiaomi,ruby,thermal-u-in-video.conf,devices/xiaomi/ruby/thermal/thermal-u-in-video.conf,thermal-engine-text,mi_thermald_aes,thermal-engine-text-v2,decoded,88.0,,,51.0,-37.0,mapped-artifact
xiaomi,ruby,thermal-u-in-videochat.conf,devices/xiaomi/ruby/thermal/thermal-u-in-videochat.conf,thermal-engine-text,mi_thermald_aes,thermal-engine-text-v2,decoded,88.0,,,51.0,-37.0,mapped-artifact
xiaomi,ruby,thermal-u-map.conf,devices/xiaomi/ruby/thermal/thermal-u-map.conf,thermal-engine-text,mi_thermald_aes,thermal-engine-text-v2,decoded,,,,,,mapped-artifact
xiaomi,ruby,thermal-u-mgame.conf,devices/xiaomi/ruby/thermal/thermal-u-mgame.conf,thermal-engine-text,mi_thermald_aes,thermal-engine-text-v2,decoded,88.0,,,51.0,-37.0,mapped-artifact
xiaomi,ruby,thermal-u-navigation.conf,devices/xiaomi/ruby/thermal/thermal-u-navigation.conf,thermal-engine-text,mi_thermald_aes,thermal-engine-text-v2,decoded,88.0,,,51.0,-37.0,mapped-artifact
xiaomi,ruby,thermal-u-nolimits.conf,devices/xiaomi/ruby/thermal/thermal-u-nolimits.conf,thermal-engine-text,mi_thermald_aes,thermal-engine-text-v2,decoded,88.0,,,,,mapped-artifact
xiaomi,ruby,thermal-u-normal.conf,devices/xiaomi/ruby/thermal/thermal-u-normal.conf,thermal-engine-text,mi_thermald_aes,thermal-engine-text-v2,decoded,88.0,,,,,mapped-artifact
xiaomi,ruby,thermal-u-per-class0.conf,devices/xiaomi/ruby/thermal/thermal-u-per-class0.conf,thermal-engine-text,mi_thermald_aes,thermal-engine-text-v2,decoded,88.0,,,51.0,-37.0,mapped-artifact
xiaomi,ruby,thermal-u-per-normal.conf,devices/xiaomi/ruby/thermal/thermal-u-per-normal.conf,thermal-engine-text,mi_thermald_aes,thermal-engine-text-v2,decoded,88.0,,,,,mapped-artifact
xiaomi,ruby,thermal-u-per-video.conf,devices/xiaomi/ruby/thermal/thermal-u-per-video.conf,thermal-engine-text,mi_thermald_aes,thermal-engine-text-v2,decoded,88.0,,,51.0,-37.0,mapped-artifact
xiaomi,ruby,thermal-u-phone.conf,devices/xiaomi/ruby/thermal/thermal-u-phone.conf,thermal-engine-text,mi_thermald_aes,thermal-engine-text-v2,decoded,88.0,,,50.0,-38.0,mapped-artifact
xiaomi,ruby,thermal-u-tgame.conf,devices/xiaomi/ruby/thermal/thermal-u-tgame.conf,thermal-engine-text,mi_thermald_aes,thermal-engine-text-v2,decoded,88.0,,,51.0,-37.0,mapped-artifact
xiaomi,ruby,thermal-u-video.conf,devices/xiaomi/ruby/thermal/thermal-u-video.conf,thermal-engine-text,mi_thermald_aes,thermal-engine-text-v2,decoded,88.0,,,51.0,-37.0,mapped-artifact
xiaomi,ruby,thermal-u-videochat.conf,devices/xiaomi/ruby/thermal/thermal-u-videochat.conf,thermal-engine-text,mi_thermald_aes,thermal-engine-text-v2,decoded,88.0,,,51.0,-37.0,mapped-artifact
xiaomi,ruby,thermal-video.conf,devices/xiaomi/ruby/thermal/thermal-video.conf,thermal-engine-text,mi_thermald_aes,thermal-engine-text-v2,decoded,88.0,,,51.0,-37.0,mapped-artifact
xiaomi,ruby,thermal-videochat.conf,devices/xiaomi/ruby/thermal/thermal-videochat.conf,thermal-engine-text,mi_thermald_aes,thermal-engine-text-v2,decoded,88.0,,,51.0,-37.0,mapped-artifact
xiaomi,ruby,thermald-devices.conf,devices/xiaomi/ruby/thermal/thermald-devices.conf,thermal-engine-text,plain,thermal-engine-text-v2,plain,,,,,,mapped-artifact
xiaomi,sagit,index.tsv,devices/xiaomi/sagit/thermal/index.tsv,text,plain,,plain,,,,,,mapped-artifact
xiaomi,sagit,thermal-engine-8998-high.conf,devices/xiaomi/sagit/thermal/thermal-engine-8998-high.conf,thermal-engine-text,mi_thermald_aes,thermal-engine-text-v2,decoded,91.0,,,,,mapped-artifact
xiaomi,sagit,thermal-engine-8998-map.conf,devices/xiaomi/sagit/thermal/thermal-engine-8998-map.conf,thermal-engine-text,mi_thermald_aes,thermal-engine-text-v2,decoded,,,,,,mapped-artifact
xiaomi,sagit,thermal-engine-8998-nolimits.conf,devices/xiaomi/sagit/thermal/thermal-engine-8998-nolimits.conf,thermal-engine-text,mi_thermald_aes,thermal-engine-text-v2,decoded,60.0,,,,,mapped-artifact
xiaomi,sagit,thermal-engine-8998.conf,devices/xiaomi/sagit/thermal/thermal-engine-8998.conf,thermal-engine-text,mi_thermald_aes,thermal-engine-text-v2,decoded,91.0,,,,,mapped-artifact
xiaomi,sagit,thermal-engine.conf,devices/xiaomi/sagit/thermal/thermal-engine.conf,text,plain,,plain,,,,,,mapped-artifact
xiaomi,sakura,index.tsv,devices/xiaomi/sakura/thermal/index.tsv,text,plain,,plain,,,,,,mapped-artifact
xiaomi,sakura,thermal-engine-high.conf,devices/xiaomi/sakura/thermal/thermal-engine-high.conf,thermal-engine-text,plain,thermal-engine-text-v2,plain,70.0,,,,,mapped-artifact
xiaomi,sakura,thermal-engine-map.conf,devices/xiaomi/sakura/thermal/thermal-engine-map.conf,thermal-engine-text,plain,thermal-engine-text-v2,plain,,,,,,mapped-artifact
xiaomi,sakura,thermal-engine-nolimits.conf,devices/xiaomi/sakura/thermal/thermal-engine-nolimits.conf,thermal-engine-text,plain,thermal-engine-text-v2,plain,70.0,,,,,mapped-artifact
xiaomi,sakura,thermal-engine-normal.conf,devices/xiaomi/sakura/thermal/thermal-engine-normal.conf,thermal-engine-text,plain,thermal-engine-text-v2,plain,70.0,,,,,mapped-artifact
xiaomi,sakura,thermal-engine.conf,devices/xiaomi/sakura/thermal/thermal-engine.conf,thermal-engine-text,plain,thermal-engine-text-v2,plain,70.0,,,,,mapped-artifact
xiaomi,sakura_india,index.tsv,devices/xiaomi/sakura_india/thermal/index.tsv,text,plain,,plain,,,,,,mapped-artifact
xiaomi,sakura_india,thermal-engine-high.conf,devices/xiaomi/sakura_india/thermal/thermal-engine-high.conf,thermal-engine-text,plain,thermal-engine-text-v2,plain,70.0,,,,,mapped-artifact
xiaomi,sakura_india,thermal-engine-map.conf,devices/xiaomi/sakura_india/thermal/thermal-engine-map.conf,thermal-engine-text,plain,thermal-engine-text-v2,plain,,,,,,mapped-artifact
xiaomi,sakura_india,thermal-engine-nolimits.conf,devices/xiaomi/sakura_india/thermal/thermal-engine-nolimits.conf,thermal-engine-text,plain,thermal-engine-text-v2,plain,70.0,,,,,mapped-artifact
xiaomi,sakura_india,thermal-engine-normal.conf,devices/xiaomi/sakura_india/thermal/thermal-engine-normal.conf,thermal-engine-text,plain,thermal-engine-text-v2,plain,70.0,,,,,mapped-artifact
xiaomi,sakura_india,thermal-engine.conf,devices/xiaomi/sakura_india/thermal/thermal-engine.conf,thermal-engine-text,plain,thermal-engine-text-v2,plain,70.0,,,,,mapped-artifact
xiaomi,santoni,index.tsv,devices/xiaomi/santoni/thermal/index.tsv,text,plain,,plain,,,,,,mapped-artifact
xiaomi,santoni,thermal-engine.conf,devices/xiaomi/santoni/thermal/thermal-engine.conf,thermal-engine-text,plain,thermal-engine-text-v2,plain,95.0,,,55.0,-40.0,mapped-artifact
xiaomi,scorpio,index.tsv,devices/xiaomi/scorpio/thermal/index.tsv,text,plain,,plain,,,,,,mapped-artifact
xiaomi,scorpio,thermal-engine-8996-game.conf,devices/xiaomi/scorpio/thermal/thermal-engine-8996-game.conf,thermal-engine-text,mi_thermald_aes,thermal-engine-text-v2,decoded,91.0,,,,,mapped-artifact
xiaomi,scorpio,thermal-engine-8996-high.conf,devices/xiaomi/scorpio/thermal/thermal-engine-8996-high.conf,thermal-engine-text,mi_thermald_aes,thermal-engine-text-v2,decoded,91.0,,,,,mapped-artifact
xiaomi,scorpio,thermal-engine-8996-map.conf,devices/xiaomi/scorpio/thermal/thermal-engine-8996-map.conf,thermal-engine-text,mi_thermald_aes,thermal-engine-text-v2,decoded,,,,,,mapped-artifact
xiaomi,scorpio,thermal-engine-8996.conf,devices/xiaomi/scorpio/thermal/thermal-engine-8996.conf,thermal-engine-text,mi_thermald_aes,thermal-engine-text-v2,decoded,91.0,,,,,mapped-artifact
xiaomi,sea,index.tsv,devices/xiaomi/sea/thermal/index.tsv,text,plain,,plain,,,,,,mapped-artifact
xiaomi,sea,thermal-camera.conf,devices/xiaomi/sea/thermal/thermal-camera.conf,thermal-engine-text,mi_thermald_aes,thermal-engine-text-v2,decoded,56.0,,,54.0,-2.0,mapped-artifact
xiaomi,sea,thermal-chg-only.conf,devices/xiaomi/sea/thermal/thermal-chg-only.conf,thermal-engine-text,plain,thermal-engine-text-v2,plain,51.0,,,54.0,3.0,mapped-artifact
xiaomi,sea,thermal-class0.conf,devices/xiaomi/sea/thermal/thermal-class0.conf,thermal-engine-text,mi_thermald_aes,thermal-engine-text-v2,decoded,56.0,,,54.0,-2.0,mapped-artifact
xiaomi,sea,thermal-hp-mgame.conf,devices/xiaomi/sea/thermal/thermal-hp-mgame.conf,thermal-engine-text,mi_thermald_aes,thermal-engine-text-v2,decoded,53.0,,,54.0,1.0,mapped-artifact
xiaomi,sea,thermal-hp-normal.conf,devices/xiaomi/sea/thermal/thermal-hp-normal.conf,thermal-engine-text,mi_thermald_aes,thermal-engine-text-v2,decoded,52.0,,,54.0,2.0,mapped-artifact
xiaomi,sea,thermal-map.conf,devices/xiaomi/sea/thermal/thermal-map.conf,thermal-engine-text,mi_thermald_aes,thermal-engine-text-v2,decoded,,,,,,mapped-artifact
xiaomi,sea,thermal-mgame.conf,devices/xiaomi/sea/thermal/thermal-mgame.conf,thermal-engine-text,mi_thermald_aes,thermal-engine-text-v2,decoded,57.0,,,54.0,-3.0,mapped-artifact
xiaomi,sea,thermal-navigation.conf,devices/xiaomi/sea/thermal/thermal-navigation.conf,thermal-engine-text,mi_thermald_aes,thermal-engine-text-v2,decoded,56.0,,,53.0,-3.0,mapped-artifact
xiaomi,sea,thermal-nolimits.conf,devices/xiaomi/sea/thermal/thermal-nolimits.conf,thermal-engine-text,mi_thermald_aes,thermal-engine-text-v2,decoded,56.0,,,,,mapped-artifact
xiaomi,sea,thermal-normal.conf,devices/xiaomi/sea/thermal/thermal-normal.conf,thermal-engine-text,mi_thermald_aes,thermal-engine-text-v2,decoded,56.0,,,54.0,-2.0,mapped-artifact
xiaomi,sea,thermal-phone.conf,devices/xiaomi/sea/thermal/thermal-phone.conf,thermal-engine-text,mi_thermald_aes,thermal-engine-text-v2,decoded,56.0,,,54.0,-2.0,mapped-artifact
xiaomi,sea,thermal-tgame.conf,devices/xiaomi/sea/thermal/thermal-tgame.conf,thermal-engine-text,mi_thermald_aes,thermal-engine-text-v2,decoded,57.0,,,54.0,-3.0,mapped-artifact
xiaomi,sea,thermal-video.conf,devices/xiaomi/sea/thermal/thermal-video.conf,thermal-engine-text,mi_thermald_aes,thermal-engine-text-v2,decoded,56.0,,,54.0,-2.0,mapped-artifact
xiaomi,sea,thermal-videochat.conf,devices/xiaomi/sea/thermal/thermal-videochat.conf,thermal-engine-text,mi_thermald_aes,thermal-engine-text-v2,decoded,56.0,,,53.0,-3.0,mapped-artifact
xiaomi,sea,thermalbreakboostconfig.xml,devices/xiaomi/sea/thermal/thermalbreakboostconfig.xml,xml,plain,,plain,,,,,,mapped-artifact
xiaomi,sea,thermald-devices.conf,devices/xiaomi/sea/thermal/thermald-devices.conf,thermal-engine-text,plain,thermal-engine-text-v2,plain,,,,,,mapped-artifact
xiaomi,selene,index.tsv,devices/xiaomi/selene/thermal/index.tsv,text,plain,,plain,,,,,,mapped-artifact
xiaomi,selene,thermal-arvr.conf,devices/xiaomi/selene/thermal/thermal-arvr.conf,thermal-engine-text,mi_thermald_aes,thermal-engine-text-v2,decoded,55.0,,,55.0,0.0,mapped-artifact
xiaomi,selene,thermal-camera.conf,devices/xiaomi/selene/thermal/thermal-camera.conf,thermal-engine-text,mi_thermald_aes,thermal-engine-text-v2,decoded,55.0,,,55.0,0.0,mapped-artifact
xiaomi,selene,thermal-chg-only.conf,devices/xiaomi/selene/thermal/thermal-chg-only.conf,thermal-engine-text,mi_thermald_aes,thermal-engine-text-v2,decoded,49.0,,,,,mapped-artifact
xiaomi,selene,thermal-map.conf,devices/xiaomi/selene/thermal/thermal-map.conf,thermal-engine-text,mi_thermald_aes,thermal-engine-text-v2,decoded,,,,,,mapped-artifact
xiaomi,selene,thermal-mgame.conf,devices/xiaomi/selene/thermal/thermal-mgame.conf,thermal-engine-text,mi_thermald_aes,thermal-engine-text-v2,decoded,53.0,,,49.0,-4.0,mapped-artifact
xiaomi,selene,thermal-nolimits.conf,devices/xiaomi/selene/thermal/thermal-nolimits.conf,thermal-engine-text,mi_thermald_aes,thermal-engine-text-v2,decoded,55.0,,,49.0,-6.0,mapped-artifact
xiaomi,selene,thermal-normal.conf,devices/xiaomi/selene/thermal/thermal-normal.conf,thermal-engine-text,mi_thermald_aes,thermal-engine-text-v2,decoded,55.0,,,55.0,0.0,mapped-artifact
xiaomi,selene,thermal-phone.conf,devices/xiaomi/selene/thermal/thermal-phone.conf,thermal-engine-text,mi_thermald_aes,thermal-engine-text-v2,decoded,57.0,,,52.0,-5.0,mapped-artifact
xiaomi,selene,thermal-tgame.conf,devices/xiaomi/selene/thermal/thermal-tgame.conf,thermal-engine-text,mi_thermald_aes,thermal-engine-text-v2,decoded,53.0,,,53.0,0.0,mapped-artifact
xiaomi,selene,thermal-video.conf,devices/xiaomi/selene/thermal/thermal-video.conf,thermal-engine-text,mi_thermald_aes,thermal-engine-text-v2,decoded,53.0,,,49.0,-4.0,mapped-artifact
xiaomi,selene,thermal-youtube.conf,devices/xiaomi/selene/thermal/thermal-youtube.conf,thermal-engine-text,mi_thermald_aes,thermal-engine-text-v2,decoded,53.0,,,49.0,-4.0,mapped-artifact
xiaomi,selene,thermald-devices.conf,devices/xiaomi/selene/thermal/thermald-devices.conf,thermal-engine-text,plain,thermal-engine-text-v2,plain,,,,,,mapped-artifact
xiaomi,shiva,index.tsv,devices/xiaomi/shiva/thermal/index.tsv,text,plain,,plain,,,,,,mapped-artifact
xiaomi,shiva,thermal-arvr.conf,devices/xiaomi/shiva/thermal/thermal-arvr.conf,thermal-engine-text,mi_thermald_aes,thermal-engine-text-v2,decoded,57.0,,,55.0,-2.0,mapped-artifact
xiaomi,shiva,thermal-camera.conf,devices/xiaomi/shiva/thermal/thermal-camera.conf,thermal-engine-text,mi_thermald_aes,thermal-engine-text-v2,decoded,57.0,,,55.0,-2.0,mapped-artifact
xiaomi,shiva,thermal-chg-only.conf,devices/xiaomi/shiva/thermal/thermal-chg-only.conf,thermal-engine-text,mi_thermald_aes,thermal-engine-text-v2,decoded,48.0,,,52.0,4.0,mapped-artifact
xiaomi,shiva,thermal-map.conf,devices/xiaomi/shiva/thermal/thermal-map.conf,thermal-engine-text,mi_thermald_aes,thermal-engine-text-v2,decoded,,,,,,mapped-artifact
xiaomi,shiva,thermal-nolimits.conf,devices/xiaomi/shiva/thermal/thermal-nolimits.conf,thermal-engine-text,mi_thermald_aes,thermal-engine-text-v2,decoded,57.0,,,49.0,-8.0,mapped-artifact
xiaomi,shiva,thermal-normal.conf,devices/xiaomi/shiva/thermal/thermal-normal.conf,thermal-engine-text,mi_thermald_aes,thermal-engine-text-v2,decoded,57.0,,,55.0,-2.0,mapped-artifact
xiaomi,shiva,thermal-phone.conf,devices/xiaomi/shiva/thermal/thermal-phone.conf,thermal-engine-text,mi_thermald_aes,thermal-engine-text-v2,decoded,57.0,,,53.0,-4.0,mapped-artifact
xiaomi,shiva,thermal-tgame.conf,devices/xiaomi/shiva/thermal/thermal-tgame.conf,thermal-engine-text,mi_thermald_aes,thermal-engine-text-v2,decoded,60.0,,,53.0,-7.0,mapped-artifact
xiaomi,shiva,thermal-youtube.conf,devices/xiaomi/shiva/thermal/thermal-youtube.conf,thermal-engine-text,mi_thermald_aes,thermal-engine-text-v2,decoded,57.0,,,55.0,-2.0,mapped-artifact
xiaomi,shiva,thermald-devices.conf,devices/xiaomi/shiva/thermal/thermald-devices.conf,thermal-engine-text,plain,thermal-engine-text-v2,plain,,,,,,mapped-artifact
xiaomi,sirius,index.tsv,devices/xiaomi/sirius/thermal/index.tsv,text,plain,,plain,,,,,,mapped-artifact
xiaomi,sirius,thermal-engine-sdm710-high.conf,devices/xiaomi/sirius/thermal/thermal-engine-sdm710-high.conf,thermal-engine-text,mi_thermald_aes,thermal-engine-text-v2,decoded,61.0,,,,,mapped-artifact
xiaomi,sirius,thermal-engine-sdm710-map.conf,devices/xiaomi/sirius/thermal/thermal-engine-sdm710-map.conf,thermal-engine-text,mi_thermald_aes,thermal-engine-text-v2,decoded,,,,,,mapped-artifact
xiaomi,sirius,thermal-engine-sdm710-nolimits.conf,devices/xiaomi/sirius/thermal/thermal-engine-sdm710-nolimits.conf,thermal-engine-text,mi_thermald_aes,thermal-engine-text-v2,decoded,60.0,,,,,mapped-artifact
xiaomi,sirius,thermal-engine-sdm710-phone.conf,devices/xiaomi/sirius/thermal/thermal-engine-sdm710-phone.conf,thermal-engine-text,mi_thermald_aes,thermal-engine-text-v2,decoded,60.0,,,,,mapped-artifact
xiaomi,sirius,thermal-engine-sdm710-pubgmhd.conf,devices/xiaomi/sirius/thermal/thermal-engine-sdm710-pubgmhd.conf,thermal-engine-text,mi_thermald_aes,thermal-engine-text-v2,decoded,60.0,,,,,mapped-artifact
xiaomi,sirius,thermal-engine-sdm710-sgame.conf,devices/xiaomi/sirius/thermal/thermal-engine-sdm710-sgame.conf,thermal-engine-text,mi_thermald_aes,thermal-engine-text-v2,decoded,60.0,,,,,mapped-artifact
xiaomi,sirius,thermal-engine-sdm710.conf,devices/xiaomi/sirius/thermal/thermal-engine-sdm710.conf,thermal-engine-text,mi_thermald_aes,thermal-engine-text-v2,decoded,61.0,,,,,mapped-artifact
xiaomi,sirius,thermal-engine.conf,devices/xiaomi/sirius/thermal/thermal-engine.conf,text,plain,,plain,,,,,,mapped-artifact
xiaomi,sky,index.tsv,devices/xiaomi/sky/thermal/index.tsv,text,plain,,plain,,,,,,mapped-artifact
xiaomi,sky,thermal-camera-global.conf,devices/xiaomi/sky/thermal/thermal-camera-global.conf,thermal-engine-text,mi_thermald_aes,thermal-engine-text-v2,decoded,52.0,,,51.0,-1.0,mapped-artifact
xiaomi,sky,thermal-camera-india.conf,devices/xiaomi/sky/thermal/thermal-camera-india.conf,thermal-engine-text,mi_thermald_aes,thermal-engine-text-v2,decoded,52.0,,,51.0,-1.0,mapped-artifact
xiaomi,sky,thermal-camera-jp.conf,devices/xiaomi/sky/thermal/thermal-camera-jp.conf,thermal-engine-text,mi_thermald_aes,thermal-engine-text-v2,decoded,52.0,,,51.0,-1.0,mapped-artifact
xiaomi,sky,thermal-camera.conf,devices/xiaomi/sky/thermal/thermal-camera.conf,thermal-engine-text,mi_thermald_aes,thermal-engine-text-v2,decoded,52.0,,,51.0,-1.0,mapped-artifact
xiaomi,sky,thermal-chg-only-global.conf,devices/xiaomi/sky/thermal/thermal-chg-only-global.conf,thermal-engine-text,plain,thermal-engine-text-v2,plain,46.0,,,51.0,5.0,mapped-artifact
xiaomi,sky,thermal-chg-only-india.conf,devices/xiaomi/sky/thermal/thermal-chg-only-india.conf,thermal-engine-text,plain,thermal-engine-text-v2,plain,46.0,,,51.0,5.0,mapped-artifact
xiaomi,sky,thermal-chg-only-jp.conf,devices/xiaomi/sky/thermal/thermal-chg-only-jp.conf,thermal-engine-text,plain,thermal-engine-text-v2,plain,46.0,,,51.0,5.0,mapped-artifact
xiaomi,sky,thermal-chg-only.conf,devices/xiaomi/sky/thermal/thermal-chg-only.conf,thermal-engine-text,plain,thermal-engine-text-v2,plain,46.0,,,51.0,5.0,mapped-artifact
xiaomi,sky,thermal-class0-global.conf,devices/xiaomi/sky/thermal/thermal-class0-global.conf,thermal-engine-text,mi_thermald_aes,thermal-engine-text-v2,decoded,55.0,,,51.0,-4.0,mapped-artifact
xiaomi,sky,thermal-class0-india.conf,devices/xiaomi/sky/thermal/thermal-class0-india.conf,thermal-engine-text,mi_thermald_aes,thermal-engine-text-v2,decoded,55.0,,,51.0,-4.0,mapped-artifact
xiaomi,sky,thermal-class0-jp.conf,devices/xiaomi/sky/thermal/thermal-class0-jp.conf,thermal-engine-text,mi_thermald_aes,thermal-engine-text-v2,decoded,55.0,,,51.0,-4.0,mapped-artifact
xiaomi,sky,thermal-class0.conf,devices/xiaomi/sky/thermal/thermal-class0.conf,thermal-engine-text,mi_thermald_aes,thermal-engine-text-v2,decoded,55.0,,,51.0,-4.0,mapped-artifact
xiaomi,sky,thermal-demo-jp.conf,devices/xiaomi/sky/thermal/thermal-demo-jp.conf,thermal-engine-text,mi_thermald_aes,thermal-engine-text-v2,decoded,55.0,,,51.0,-4.0,mapped-artifact
xiaomi,sky,thermal-engine.conf,devices/xiaomi/sky/thermal/thermal-engine.conf,text,plain,,plain,,,,,,mapped-artifact
xiaomi,sky,thermal-hp-mgame-global.conf,devices/xiaomi/sky/thermal/thermal-hp-mgame-global.conf,thermal-engine-text,mi_thermald_aes,thermal-engine-text-v2,decoded,55.0,,,55.0,0.0,mapped-artifact
xiaomi,sky,thermal-hp-mgame-india.conf,devices/xiaomi/sky/thermal/thermal-hp-mgame-india.conf,thermal-engine-text,mi_thermald_aes,thermal-engine-text-v2,decoded,55.0,,,55.0,0.0,mapped-artifact
xiaomi,sky,thermal-hp-mgame-jp.conf,devices/xiaomi/sky/thermal/thermal-hp-mgame-jp.conf,thermal-engine-text,mi_thermald_aes,thermal-engine-text-v2,decoded,55.0,,,55.0,0.0,mapped-artifact
xiaomi,sky,thermal-hp-mgame.conf,devices/xiaomi/sky/thermal/thermal-hp-mgame.conf,thermal-engine-text,mi_thermald_aes,thermal-engine-text-v2,decoded,55.0,,,55.0,0.0,mapped-artifact
xiaomi,sky,thermal-hp-normal-global.conf,devices/xiaomi/sky/thermal/thermal-hp-normal-global.conf,thermal-engine-text,mi_thermald_aes,thermal-engine-text-v2,decoded,55.0,,,51.0,-4.0,mapped-artifact
xiaomi,sky,thermal-hp-normal-india.conf,devices/xiaomi/sky/thermal/thermal-hp-normal-india.conf,thermal-engine-text,mi_thermald_aes,thermal-engine-text-v2,decoded,55.0,,,51.0,-4.0,mapped-artifact
xiaomi,sky,thermal-hp-normal-jp.conf,devices/xiaomi/sky/thermal/thermal-hp-normal-jp.conf,thermal-engine-text,mi_thermald_aes,thermal-engine-text-v2,decoded,55.0,,,51.0,-4.0,mapped-artifact
xiaomi,sky,thermal-hp-normal.conf,devices/xiaomi/sky/thermal/thermal-hp-normal.conf,thermal-engine-text,mi_thermald_aes,thermal-engine-text-v2,decoded,55.0,,,51.0,-4.0,mapped-artifact
xiaomi,sky,thermal-map-global.conf,devices/xiaomi/sky/thermal/thermal-map-global.conf,thermal-engine-text,mi_thermald_aes,thermal-engine-text-v2,decoded,,,,,,mapped-artifact
xiaomi,sky,thermal-map-india.conf,devices/xiaomi/sky/thermal/thermal-map-india.conf,thermal-engine-text,mi_thermald_aes,thermal-engine-text-v2,decoded,,,,,,mapped-artifact
xiaomi,sky,thermal-map-jp.conf,devices/xiaomi/sky/thermal/thermal-map-jp.conf,thermal-engine-text,mi_thermald_aes,thermal-engine-text-v2,decoded,,,,,,mapped-artifact
xiaomi,sky,thermal-map.conf,devices/xiaomi/sky/thermal/thermal-map.conf,thermal-engine-text,mi_thermald_aes,thermal-engine-text-v2,decoded,,,,,,mapped-artifact
xiaomi,sky,thermal-mgame-global.conf,devices/xiaomi/sky/thermal/thermal-mgame-global.conf,thermal-engine-text,mi_thermald_aes,thermal-engine-text-v2,decoded,50.0,,,55.0,5.0,mapped-artifact
xiaomi,sky,thermal-mgame-india.conf,devices/xiaomi/sky/thermal/thermal-mgame-india.conf,thermal-engine-text,mi_thermald_aes,thermal-engine-text-v2,decoded,50.0,,,55.0,5.0,mapped-artifact
xiaomi,sky,thermal-mgame-jp.conf,devices/xiaomi/sky/thermal/thermal-mgame-jp.conf,thermal-engine-text,mi_thermald_aes,thermal-engine-text-v2,decoded,55.0,,,55.0,0.0,mapped-artifact
xiaomi,sky,thermal-mgame.conf,devices/xiaomi/sky/thermal/thermal-mgame.conf,thermal-engine-text,mi_thermald_aes,thermal-engine-text-v2,decoded,50.0,,,55.0,5.0,mapped-artifact
xiaomi,sky,thermal-navigation-global.conf,devices/xiaomi/sky/thermal/thermal-navigation-global.conf,thermal-engine-text,mi_thermald_aes,thermal-engine-text-v2,decoded,55.0,,,51.0,-4.0,mapped-artifact
xiaomi,sky,thermal-navigation-india.conf,devices/xiaomi/sky/thermal/thermal-navigation-india.conf,thermal-engine-text,mi_thermald_aes,thermal-engine-text-v2,decoded,55.0,,,51.0,-4.0,mapped-artifact
xiaomi,sky,thermal-navigation-jp.conf,devices/xiaomi/sky/thermal/thermal-navigation-jp.conf,thermal-engine-text,mi_thermald_aes,thermal-engine-text-v2,decoded,55.0,,,51.0,-4.0,mapped-artifact
xiaomi,sky,thermal-navigation.conf,devices/xiaomi/sky/thermal/thermal-navigation.conf,thermal-engine-text,mi_thermald_aes,thermal-engine-text-v2,decoded,55.0,,,51.0,-4.0,mapped-artifact
xiaomi,sky,thermal-nolimits-global.conf,devices/xiaomi/sky/thermal/thermal-nolimits-global.conf,thermal-engine-text,mi_thermald_aes,thermal-engine-text-v2,decoded,55.0,,,,,mapped-artifact
xiaomi,sky,thermal-nolimits-india.conf,devices/xiaomi/sky/thermal/thermal-nolimits-india.conf,thermal-engine-text,mi_thermald_aes,thermal-engine-text-v2,decoded,55.0,,,,,mapped-artifact
xiaomi,sky,thermal-nolimits-jp.conf,devices/xiaomi/sky/thermal/thermal-nolimits-jp.conf,thermal-engine-text,mi_thermald_aes,thermal-engine-text-v2,decoded,55.0,,,,,mapped-artifact
xiaomi,sky,thermal-nolimits.conf,devices/xiaomi/sky/thermal/thermal-nolimits.conf,thermal-engine-text,mi_thermald_aes,thermal-engine-text-v2,decoded,55.0,,,,,mapped-artifact
xiaomi,sky,thermal-normal-global.conf,devices/xiaomi/sky/thermal/thermal-normal-global.conf,thermal-engine-text,mi_thermald_aes,thermal-engine-text-v2,decoded,55.0,,,51.0,-4.0,mapped-artifact
xiaomi,sky,thermal-normal-india.conf,devices/xiaomi/sky/thermal/thermal-normal-india.conf,thermal-engine-text,mi_thermald_aes,thermal-engine-text-v2,decoded,55.0,,,51.0,-4.0,mapped-artifact
xiaomi,sky,thermal-normal-jp.conf,devices/xiaomi/sky/thermal/thermal-normal-jp.conf,thermal-engine-text,mi_thermald_aes,thermal-engine-text-v2,decoded,55.0,,,51.0,-4.0,mapped-artifact
xiaomi,sky,thermal-normal.conf,devices/xiaomi/sky/thermal/thermal-normal.conf,thermal-engine-text,mi_thermald_aes,thermal-engine-text-v2,decoded,55.0,,,51.0,-4.0,mapped-artifact
xiaomi,sky,thermal-phone-global.conf,devices/xiaomi/sky/thermal/thermal-phone-global.conf,thermal-engine-text,mi_thermald_aes,thermal-engine-text-v2,decoded,55.0,,,48.0,-7.0,mapped-artifact
xiaomi,sky,thermal-phone-india.conf,devices/xiaomi/sky/thermal/thermal-phone-india.conf,thermal-engine-text,mi_thermald_aes,thermal-engine-text-v2,decoded,55.0,,,48.0,-7.0,mapped-artifact
xiaomi,sky,thermal-phone-jp.conf,devices/xiaomi/sky/thermal/thermal-phone-jp.conf,thermal-engine-text,mi_thermald_aes,thermal-engine-text-v2,decoded,55.0,,,48.0,-7.0,mapped-artifact
xiaomi,sky,thermal-phone.conf,devices/xiaomi/sky/thermal/thermal-phone.conf,thermal-engine-text,mi_thermald_aes,thermal-engine-text-v2,decoded,55.0,,,48.0,-7.0,mapped-artifact
xiaomi,sky,thermal-region-map.conf,devices/xiaomi/sky/thermal/thermal-region-map.conf,text,mi_thermald_aes,,decoded,,,,,,mapped-artifact
xiaomi,sky,thermal-tgame-global.conf,devices/xiaomi/sky/thermal/thermal-tgame-global.conf,thermal-engine-text,mi_thermald_aes,thermal-engine-text-v2,decoded,50.0,,,55.0,5.0,mapped-artifact
xiaomi,sky,thermal-tgame-india.conf,devices/xiaomi/sky/thermal/thermal-tgame-india.conf,thermal-engine-text,mi_thermald_aes,thermal-engine-text-v2,decoded,50.0,,,55.0,5.0,mapped-artifact
xiaomi,sky,thermal-tgame-jp.conf,devices/xiaomi/sky/thermal/thermal-tgame-jp.conf,thermal-engine-text,mi_thermald_aes,thermal-engine-text-v2,decoded,55.0,,,55.0,0.0,mapped-artifact
xiaomi,sky,thermal-tgame.conf,devices/xiaomi/sky/thermal/thermal-tgame.conf,thermal-engine-text,mi_thermald_aes,thermal-engine-text-v2,decoded,50.0,,,55.0,5.0,mapped-artifact
xiaomi,sky,thermal-update-global.conf,devices/xiaomi/sky/thermal/thermal-update-global.conf,thermal-engine-text,mi_thermald_aes,thermal-engine-text-v2,decoded,55.0,,,51.0,-4.0,mapped-artifact
xiaomi,sky,thermal-update.conf,devices/xiaomi/sky/thermal/thermal-update.conf,thermal-engine-text,mi_thermald_aes,thermal-engine-text-v2,decoded,55.0,,,51.0,-4.0,mapped-artifact
xiaomi,sky,thermal-video-global.conf,devices/xiaomi/sky/thermal/thermal-video-global.conf,thermal-engine-text,mi_thermald_aes,thermal-engine-text-v2,decoded,55.0,,,51.0,-4.0,mapped-artifact
xiaomi,sky,thermal-video-india.conf,devices/xiaomi/sky/thermal/thermal-video-india.conf,thermal-engine-text,mi_thermald_aes,thermal-engine-text-v2,decoded,55.0,,,51.0,-4.0,mapped-artifact
xiaomi,sky,thermal-video-jp.conf,devices/xiaomi/sky/thermal/thermal-video-jp.conf,thermal-engine-text,mi_thermald_aes,thermal-engine-text-v2,decoded,55.0,,,51.0,-4.0,mapped-artifact
xiaomi,sky,thermal-video.conf,devices/xiaomi/sky/thermal/thermal-video.conf,thermal-engine-text,mi_thermald_aes,thermal-engine-text-v2,decoded,55.0,,,51.0,-4.0,mapped-artifact
xiaomi,sky,thermal-videochat-global.conf,devices/xiaomi/sky/thermal/thermal-videochat-global.conf,thermal-engine-text,mi_thermald_aes,thermal-engine-text-v2,decoded,50.0,,,51.0,1.0,mapped-artifact
xiaomi,sky,thermal-videochat-india.conf,devices/xiaomi/sky/thermal/thermal-videochat-india.conf,thermal-engine-text,mi_thermald_aes,thermal-engine-text-v2,decoded,50.0,,,51.0,1.0,mapped-artifact
xiaomi,sky,thermal-videochat-jp.conf,devices/xiaomi/sky/thermal/thermal-videochat-jp.conf,thermal-engine-text,mi_thermald_aes,thermal-engine-text-v2,decoded,50.0,,,51.0,1.0,mapped-artifact
xiaomi,sky,thermal-videochat.conf,devices/xiaomi/sky/thermal/thermal-videochat.conf,thermal-engine-text,mi_thermald_aes,thermal-engine-text-v2,decoded,50.0,,,51.0,1.0,mapped-artifact
xiaomi,sky,thermald-devices.conf,devices/xiaomi/sky/thermal/thermald-devices.conf,thermal-engine-text,plain,thermal-engine-text-v2,plain,,,,,,mapped-artifact
xiaomi,soul,index.tsv,devices/xiaomi/soul/thermal/index.tsv,text,plain,,plain,,,,,,mapped-artifact
xiaomi,soul,thermal_info_config.json,devices/xiaomi/soul/thermal/thermal_info_config.json,json,plain,thermal-hal-json-v2,plain,,,,,,mapped-artifact
xiaomi,spark,index.tsv,devices/xiaomi/spark/thermal/index.tsv,text,plain,,plain,,,,,,mapped-artifact
xiaomi,spark,thermal-camera.conf,devices/xiaomi/spark/thermal/thermal-camera.conf,thermal-engine-text,mi_thermald_aes,thermal-engine-text-v2,decoded,53.0,,,51.0,-2.0,mapped-artifact
xiaomi,spark,thermal-chg-only.conf,devices/xiaomi/spark/thermal/thermal-chg-only.conf,thermal-engine-text,plain,thermal-engine-text-v2,plain,49.0,,,51.0,2.0,mapped-artifact
xiaomi,spark,thermal-class0.conf,devices/xiaomi/spark/thermal/thermal-class0.conf,thermal-engine-text,mi_thermald_aes,thermal-engine-text-v2,decoded,53.0,,,51.0,-2.0,mapped-artifact
xiaomi,spark,thermal-map.conf,devices/xiaomi/spark/thermal/thermal-map.conf,thermal-engine-text,mi_thermald_aes,thermal-engine-text-v2,decoded,,,,,,mapped-artifact
xiaomi,spark,thermal-mgame.conf,devices/xiaomi/spark/thermal/thermal-mgame.conf,thermal-engine-text,mi_thermald_aes,thermal-engine-text-v2,decoded,53.0,,,51.0,-2.0,mapped-artifact
xiaomi,spark,thermal-navigation.conf,devices/xiaomi/spark/thermal/thermal-navigation.conf,thermal-engine-text,mi_thermald_aes,thermal-engine-text-v2,decoded,53.0,,,50.0,-3.0,mapped-artifact
xiaomi,spark,thermal-nolimits.conf,devices/xiaomi/spark/thermal/thermal-nolimits.conf,thermal-engine-text,mi_thermald_aes,thermal-engine-text-v2,decoded,53.0,,,,,mapped-artifact
xiaomi,spark,thermal-normal.conf,devices/xiaomi/spark/thermal/thermal-normal.conf,thermal-engine-text,mi_thermald_aes,thermal-engine-text-v2,decoded,53.0,,,51.0,-2.0,mapped-artifact
xiaomi,spark,thermal-phone.conf,devices/xiaomi/spark/thermal/thermal-phone.conf,thermal-engine-text,mi_thermald_aes,thermal-engine-text-v2,decoded,53.0,,,51.0,-2.0,mapped-artifact
xiaomi,spark,thermal-tgame.conf,devices/xiaomi/spark/thermal/thermal-tgame.conf,thermal-engine-text,mi_thermald_aes,thermal-engine-text-v2,decoded,53.0,,,51.0,-2.0,mapped-artifact
xiaomi,spark,thermal-video.conf,devices/xiaomi/spark/thermal/thermal-video.conf,thermal-engine-text,mi_thermald_aes,thermal-engine-text-v2,decoded,53.0,,,51.0,-2.0,mapped-artifact
xiaomi,spark,thermal-videochat.conf,devices/xiaomi/spark/thermal/thermal-videochat.conf,thermal-engine-text,mi_thermald_aes,thermal-engine-text-v2,decoded,53.0,,,51.0,-2.0,mapped-artifact
xiaomi,spark,thermalbreakboostconfig.xml,devices/xiaomi/spark/thermal/thermalbreakboostconfig.xml,xml,plain,,plain,,,,,,mapped-artifact
xiaomi,spark,thermald-devices.conf,devices/xiaomi/spark/thermal/thermald-devices.conf,thermal-engine-text,plain,thermal-engine-text-v2,plain,,,,,,mapped-artifact
xiaomi,spes,index.tsv,devices/xiaomi/spes/thermal/index.tsv,text,plain,,plain,,,,,,mapped-artifact
xiaomi,spes,thermal-4k.conf,devices/xiaomi/spes/thermal/thermal-4k.conf,thermal-engine-text,mi_thermald_aes,thermal-engine-text-v2,decoded,60.0,,,50.5,-9.5,mapped-artifact
xiaomi,spes,thermal-arvr.conf,devices/xiaomi/spes/thermal/thermal-arvr.conf,thermal-engine-text,mi_thermald_aes,thermal-engine-text-v2,decoded,60.0,,,17.0,-43.0,mapped-artifact
xiaomi,spes,thermal-camera.conf,devices/xiaomi/spes/thermal/thermal-camera.conf,thermal-engine-text,mi_thermald_aes,thermal-engine-text-v2,decoded,60.0,,,51.0,-9.0,mapped-artifact
xiaomi,spes,thermal-chg-only.conf,devices/xiaomi/spes/thermal/thermal-chg-only.conf,thermal-engine-text,plain,thermal-engine-text-v2,plain,60.0,,,,,mapped-artifact
xiaomi,spes,thermal-class0.conf,devices/xiaomi/spes/thermal/thermal-class0.conf,thermal-engine-text,mi_thermald_aes,thermal-engine-text-v2,decoded,60.0,,,50.5,-9.5,mapped-artifact
xiaomi,spes,thermal-engine.conf,devices/xiaomi/spes/thermal/thermal-engine.conf,text,plain,,plain,,,,,,mapped-artifact
xiaomi,spes,thermal-map.conf,devices/xiaomi/spes/thermal/thermal-map.conf,thermal-engine-text,mi_thermald_aes,thermal-engine-text-v2,decoded,,,,,,mapped-artifact
xiaomi,spes,thermal-navigation.conf,devices/xiaomi/spes/thermal/thermal-navigation.conf,thermal-engine-text,mi_thermald_aes,thermal-engine-text-v2,decoded,60.0,,,50.5,-9.5,mapped-artifact
xiaomi,spes,thermal-nolimits.conf,devices/xiaomi/spes/thermal/thermal-nolimits.conf,thermal-engine-text,mi_thermald_aes,thermal-engine-text-v2,decoded,60.0,,,53.0,-7.0,mapped-artifact
xiaomi,spes,thermal-normal.conf,devices/xiaomi/spes/thermal/thermal-normal.conf,thermal-engine-text,mi_thermald_aes,thermal-engine-text-v2,decoded,60.0,,,50.5,-9.5,mapped-artifact
xiaomi,spes,thermal-phone.conf,devices/xiaomi/spes/thermal/thermal-phone.conf,thermal-engine-text,mi_thermald_aes,thermal-engine-text-v2,decoded,60.0,,,53.0,-7.0,mapped-artifact
xiaomi,spes,thermal-tgame.conf,devices/xiaomi/spes/thermal/thermal-tgame.conf,thermal-engine-text,mi_thermald_aes,thermal-engine-text-v2,decoded,54.0,,,,,mapped-artifact
xiaomi,spes,thermal-video.conf,devices/xiaomi/spes/thermal/thermal-video.conf,thermal-engine-text,mi_thermald_aes,thermal-engine-text-v2,decoded,60.0,,,50.5,-9.5,mapped-artifact
xiaomi,spes,thermal-videochat.conf,devices/xiaomi/spes/thermal/thermal-videochat.conf,thermal-engine-text,mi_thermald_aes,thermal-engine-text-v2,decoded,60.0,,,49.5,-10.5,mapped-artifact
xiaomi,spes,thermal-youtube.conf,devices/xiaomi/spes/thermal/thermal-youtube.conf,thermal-engine-text,mi_thermald_aes,thermal-engine-text-v2,decoded,60.0,,,53.0,-7.0,mapped-artifact
xiaomi,spes,thermald-devices.conf,devices/xiaomi/spes/thermal/thermald-devices.conf,thermal-engine-text,plain,thermal-engine-text-v2,plain,,,,,,mapped-artifact
xiaomi,star,index.tsv,devices/xiaomi/star/thermal/index.tsv,text,plain,,plain,,,,,,mapped-artifact
xiaomi,star,thermal-4k.conf,devices/xiaomi/star/thermal/thermal-4k.conf,thermal-engine-text,mi_thermald_aes,thermal-engine-text-v2,decoded,54.0,,,53.0,-1.0,mapped-artifact
xiaomi,star,thermal-8k.conf,devices/xiaomi/star/thermal/thermal-8k.conf,thermal-engine-text,mi_thermald_aes,thermal-engine-text-v2,decoded,54.0,,,50.0,-4.0,mapped-artifact
xiaomi,star,thermal-camera.conf,devices/xiaomi/star/thermal/thermal-camera.conf,thermal-engine-text,mi_thermald_aes,thermal-engine-text-v2,decoded,54.0,,,53.0,-1.0,mapped-artifact
xiaomi,star,thermal-chg-only.conf,devices/xiaomi/star/thermal/thermal-chg-only.conf,thermal-engine-text,plain,thermal-engine-text-v2,plain,60.0,,,,,mapped-artifact
xiaomi,star,thermal-class0.conf,devices/xiaomi/star/thermal/thermal-class0.conf,thermal-engine-text,mi_thermald_aes,thermal-engine-text-v2,decoded,54.0,,,53.0,-1.0,mapped-artifact
xiaomi,star,thermal-engine.conf,devices/xiaomi/star/thermal/thermal-engine.conf,text,plain,,plain,,,,,,mapped-artifact
xiaomi,star,thermal-india-normal.conf,devices/xiaomi/star/thermal/thermal-india-normal.conf,thermal-engine-text,mi_thermald_aes,thermal-engine-text-v2,decoded,60.0,,,53.0,-7.0,mapped-artifact
xiaomi,star,thermal-k1a-4k.conf,devices/xiaomi/star/thermal/thermal-k1a-4k.conf,thermal-engine-text,mi_thermald_aes,thermal-engine-text-v2,decoded,60.0,,,53.0,-7.0,mapped-artifact
xiaomi,star,thermal-k1a-8k.conf,devices/xiaomi/star/thermal/thermal-k1a-8k.conf,thermal-engine-text,mi_thermald_aes,thermal-engine-text-v2,decoded,60.0,,,50.0,-10.0,mapped-artifact
xiaomi,star,thermal-k1a-camera.conf,devices/xiaomi/star/thermal/thermal-k1a-camera.conf,thermal-engine-text,mi_thermald_aes,thermal-engine-text-v2,decoded,53.0,,,53.0,0.0,mapped-artifact
xiaomi,star,thermal-k1a-class0.conf,devices/xiaomi/star/thermal/thermal-k1a-class0.conf,thermal-engine-text,mi_thermald_aes,thermal-engine-text-v2,decoded,60.0,,,53.0,-7.0,mapped-artifact
xiaomi,star,thermal-k1a-mgame.conf,devices/xiaomi/star/thermal/thermal-k1a-mgame.conf,thermal-engine-text,mi_thermald_aes,thermal-engine-text-v2,decoded,53.0,,,53.0,0.0,mapped-artifact
xiaomi,star,thermal-k1a-navigation.conf,devices/xiaomi/star/thermal/thermal-k1a-navigation.conf,thermal-engine-text,mi_thermald_aes,thermal-engine-text-v2,decoded,60.0,,,53.0,-7.0,mapped-artifact
xiaomi,star,thermal-k1a-nolimits.conf,devices/xiaomi/star/thermal/thermal-k1a-nolimits.conf,thermal-engine-text,mi_thermald_aes,thermal-engine-text-v2,decoded,54.0,,,53.0,-1.0,mapped-artifact
xiaomi,star,thermal-k1a-normal.conf,devices/xiaomi/star/thermal/thermal-k1a-normal.conf,thermal-engine-text,mi_thermald_aes,thermal-engine-text-v2,decoded,60.0,,,53.0,-7.0,mapped-artifact
xiaomi,star,thermal-k1a-per-camera.conf,devices/xiaomi/star/thermal/thermal-k1a-per-camera.conf,thermal-engine-text,mi_thermald_aes,thermal-engine-text-v2,decoded,53.0,,,53.0,0.0,mapped-artifact
xiaomi,star,thermal-k1a-per-class0.conf,devices/xiaomi/star/thermal/thermal-k1a-per-class0.conf,thermal-engine-text,mi_thermald_aes,thermal-engine-text-v2,decoded,60.0,,,53.0,-7.0,mapped-artifact
xiaomi,star,thermal-k1a-per-navigation.conf,devices/xiaomi/star/thermal/thermal-k1a-per-navigation.conf,thermal-engine-text,mi_thermald_aes,thermal-engine-text-v2,decoded,60.0,,,53.0,-7.0,mapped-artifact
xiaomi,star,thermal-k1a-per-normal.conf,devices/xiaomi/star/thermal/thermal-k1a-per-normal.conf,thermal-engine-text,mi_thermald_aes,thermal-engine-text-v2,decoded,60.0,,,53.0,-7.0,mapped-artifact
xiaomi,star,thermal-k1a-per-video.conf,devices/xiaomi/star/thermal/thermal-k1a-per-video.conf,thermal-engine-text,mi_thermald_aes,thermal-engine-text-v2,decoded,60.0,,,53.0,-7.0,mapped-artifact
xiaomi,star,thermal-k1a-phone.conf,devices/xiaomi/star/thermal/thermal-k1a-phone.conf,thermal-engine-text,mi_thermald_aes,thermal-engine-text-v2,decoded,53.0,,,53.0,0.0,mapped-artifact
xiaomi,star,thermal-k1a-tgame.conf,devices/xiaomi/star/thermal/thermal-k1a-tgame.conf,thermal-engine-text,mi_thermald_aes,thermal-engine-text-v2,decoded,53.0,,,53.0,0.0,mapped-artifact
xiaomi,star,thermal-k1a-video.conf,devices/xiaomi/star/thermal/thermal-k1a-video.conf,thermal-engine-text,mi_thermald_aes,thermal-engine-text-v2,decoded,60.0,,,53.0,-7.0,mapped-artifact
xiaomi,star,thermal-map-india.conf,devices/xiaomi/star/thermal/thermal-map-india.conf,thermal-engine-text,mi_thermald_aes,thermal-engine-text-v2,decoded,,,,,,mapped-artifact
xiaomi,star,thermal-map-k1a.conf,devices/xiaomi/star/thermal/thermal-map-k1a.conf,thermal-engine-text,mi_thermald_aes,thermal-engine-text-v2,decoded,,,,,,mapped-artifact
xiaomi,star,thermal-map.conf,devices/xiaomi/star/thermal/thermal-map.conf,thermal-engine-text,mi_thermald_aes,thermal-engine-text-v2,decoded,,,,,,mapped-artifact
xiaomi,star,thermal-mgame.conf,devices/xiaomi/star/thermal/thermal-mgame.conf,thermal-engine-text,mi_thermald_aes,thermal-engine-text-v2,decoded,54.0,,,53.0,-1.0,mapped-artifact
xiaomi,star,thermal-navigation.conf,devices/xiaomi/star/thermal/thermal-navigation.conf,thermal-engine-text,mi_thermald_aes,thermal-engine-text-v2,decoded,54.0,,,53.0,-1.0,mapped-artifact
xiaomi,star,thermal-nolimits.conf,devices/xiaomi/star/thermal/thermal-nolimits.conf,thermal-engine-text,mi_thermald_aes,thermal-engine-text-v2,decoded,54.0,,,53.0,-1.0,mapped-artifact
xiaomi,star,thermal-normal.conf,devices/xiaomi/star/thermal/thermal-normal.conf,thermal-engine-text,mi_thermald_aes,thermal-engine-text-v2,decoded,54.0,,,53.0,-1.0,mapped-artifact
xiaomi,star,thermal-per-camera.conf,devices/xiaomi/star/thermal/thermal-per-camera.conf,thermal-engine-text,mi_thermald_aes,thermal-engine-text-v2,decoded,54.0,,,53.0,-1.0,mapped-artifact
xiaomi,star,thermal-per-class0.conf,devices/xiaomi/star/thermal/thermal-per-class0.conf,thermal-engine-text,mi_thermald_aes,thermal-engine-text-v2,decoded,54.0,,,53.0,-1.0,mapped-artifact
xiaomi,star,thermal-per-navigation.conf,devices/xiaomi/star/thermal/thermal-per-navigation.conf,thermal-engine-text,mi_thermald_aes,thermal-engine-text-v2,decoded,54.0,,,53.0,-1.0,mapped-artifact
xiaomi,star,thermal-per-normal.conf,devices/xiaomi/star/thermal/thermal-per-normal.conf,thermal-engine-text,mi_thermald_aes,thermal-engine-text-v2,decoded,54.0,,,53.0,-1.0,mapped-artifact
xiaomi,star,thermal-per-video.conf,devices/xiaomi/star/thermal/thermal-per-video.conf,thermal-engine-text,mi_thermald_aes,thermal-engine-text-v2,decoded,54.0,,,53.0,-1.0,mapped-artifact
xiaomi,star,thermal-phone.conf,devices/xiaomi/star/thermal/thermal-phone.conf,thermal-engine-text,mi_thermald_aes,thermal-engine-text-v2,decoded,53.0,,,53.0,0.0,mapped-artifact
xiaomi,star,thermal-region-map.conf,devices/xiaomi/star/thermal/thermal-region-map.conf,text,mi_thermald_aes,,decoded,,,,,,mapped-artifact
xiaomi,star,thermal-tgame.conf,devices/xiaomi/star/thermal/thermal-tgame.conf,thermal-engine-text,mi_thermald_aes,thermal-engine-text-v2,decoded,54.0,,,53.0,-1.0,mapped-artifact
xiaomi,star,thermal-video.conf,devices/xiaomi/star/thermal/thermal-video.conf,thermal-engine-text,mi_thermald_aes,thermal-engine-text-v2,decoded,54.0,,,53.0,-1.0,mapped-artifact
xiaomi,star,thermald-devices.conf,devices/xiaomi/star/thermal/thermald-devices.conf,thermal-engine-text,plain,thermal-engine-text-v2,plain,,,,,,mapped-artifact
xiaomi,sunstone,index.tsv,devices/xiaomi/sunstone/thermal/index.tsv,text,plain,,plain,,,,,,mapped-artifact
xiaomi,sunstone,thermal-arvr.conf,devices/xiaomi/sunstone/thermal/thermal-arvr.conf,thermal-engine-text,mi_thermald_aes,thermal-engine-text-v2,decoded,57.0,,,51.0,-6.0,mapped-artifact
xiaomi,sunstone,thermal-camera.conf,devices/xiaomi/sunstone/thermal/thermal-camera.conf,thermal-engine-text,mi_thermald_aes,thermal-engine-text-v2,decoded,57.0,,,47.0,-10.0,mapped-artifact
xiaomi,sunstone,thermal-chg-only.conf,devices/xiaomi/sunstone/thermal/thermal-chg-only.conf,thermal-engine-text,plain,thermal-engine-text-v2,plain,44.0,,,,,mapped-artifact
xiaomi,sunstone,thermal-class0.conf,devices/xiaomi/sunstone/thermal/thermal-class0.conf,thermal-engine-text,mi_thermald_aes,thermal-engine-text-v2,decoded,57.0,,,52.0,-5.0,mapped-artifact
xiaomi,sunstone,thermal-engine.conf,devices/xiaomi/sunstone/thermal/thermal-engine.conf,text,plain,,plain,,,,,,mapped-artifact
xiaomi,sunstone,thermal-map-india.conf,devices/xiaomi/sunstone/thermal/thermal-map-india.conf,thermal-engine-text,mi_thermald_aes,thermal-engine-text-v2,decoded,,,,,,mapped-artifact
xiaomi,sunstone,thermal-map.conf,devices/xiaomi/sunstone/thermal/thermal-map.conf,thermal-engine-text,mi_thermald_aes,thermal-engine-text-v2,decoded,,,,,,mapped-artifact
xiaomi,sunstone,thermal-mgame.conf,devices/xiaomi/sunstone/thermal/thermal-mgame.conf,thermal-engine-text,mi_thermald_aes,thermal-engine-text-v2,decoded,57.0,,,53.0,-4.0,mapped-artifact
xiaomi,sunstone,thermal-nolimits.conf,devices/xiaomi/sunstone/thermal/thermal-nolimits.conf,thermal-engine-text,mi_thermald_aes,thermal-engine-text-v2,decoded,57.0,,,53.0,-4.0,mapped-artifact
xiaomi,sunstone,thermal-normal-india.conf,devices/xiaomi/sunstone/thermal/thermal-normal-india.conf,thermal-engine-text,mi_thermald_aes,thermal-engine-text-v2,decoded,57.0,,,50.0,-7.0,mapped-artifact
xiaomi,sunstone,thermal-normal.conf,devices/xiaomi/sunstone/thermal/thermal-normal.conf,thermal-engine-text,mi_thermald_aes,thermal-engine-text-v2,decoded,57.0,,,50.0,-7.0,mapped-artifact
xiaomi,sunstone,thermal-phone.conf,devices/xiaomi/sunstone/thermal/thermal-phone.conf,thermal-engine-text,mi_thermald_aes,thermal-engine-text-v2,decoded,57.0,,,47.0,-10.0,mapped-artifact
xiaomi,sunstone,thermal-region-map.conf,devices/xiaomi/sunstone/thermal/thermal-region-map.conf,text,mi_thermald_aes,,decoded,,,,,,mapped-artifact
xiaomi,sunstone,thermal-tgame.conf,devices/xiaomi/sunstone/thermal/thermal-tgame.conf,thermal-engine-text,mi_thermald_aes,thermal-engine-text-v2,decoded,57.0,,,53.0,-4.0,mapped-artifact
xiaomi,sunstone,thermal-video.conf,devices/xiaomi/sunstone/thermal/thermal-video.conf,thermal-engine-text,mi_thermald_aes,thermal-engine-text-v2,decoded,57.0,,,50.0,-7.0,mapped-artifact
xiaomi,sunstone,thermal-youtube.conf,devices/xiaomi/sunstone/thermal/thermal-youtube.conf,thermal-engine-text,mi_thermald_aes,thermal-engine-text-v2,decoded,57.0,,,51.0,-6.0,mapped-artifact
xiaomi,sunstone,thermald-devices.conf,devices/xiaomi/sunstone/thermal/thermald-devices.conf,thermal-engine-text,plain,thermal-engine-text-v2,plain,,,,,,mapped-artifact
xiaomi,surya,index.tsv,devices/xiaomi/surya/thermal/index.tsv,text,plain,,plain,,,,,,mapped-artifact
xiaomi,surya,thermal-4k.conf,devices/xiaomi/surya/thermal/thermal-4k.conf,thermal-engine-text,mi_thermald_aes,thermal-engine-text-v2,decoded,60.0,,,54.0,-6.0,mapped-artifact
xiaomi,surya,thermal-arvr.conf,devices/xiaomi/surya/thermal/thermal-arvr.conf,thermal-engine-text,mi_thermald_aes,thermal-engine-text-v2,decoded,60.0,,,16.0,-44.0,mapped-artifact
xiaomi,surya,thermal-camera.conf,devices/xiaomi/surya/thermal/thermal-camera.conf,thermal-engine-text,mi_thermald_aes,thermal-engine-text-v2,decoded,61.0,,,54.0,-7.0,mapped-artifact
xiaomi,surya,thermal-chg-only.conf,devices/xiaomi/surya/thermal/thermal-chg-only.conf,thermal-engine-text,plain,thermal-engine-text-v2,plain,60.0,,,54.0,-6.0,mapped-artifact
xiaomi,surya,thermal-engine.conf,devices/xiaomi/surya/thermal/thermal-engine.conf,text,plain,,plain,,,,,,mapped-artifact
xiaomi,surya,thermal-map.conf,devices/xiaomi/surya/thermal/thermal-map.conf,thermal-engine-text,mi_thermald_aes,thermal-engine-text-v2,decoded,,,,,,mapped-artifact
xiaomi,surya,thermal-nolimits.conf,devices/xiaomi/surya/thermal/thermal-nolimits.conf,thermal-engine-text,mi_thermald_aes,thermal-engine-text-v2,decoded,60.0,,,53.0,-7.0,mapped-artifact
xiaomi,surya,thermal-normal.conf,devices/xiaomi/surya/thermal/thermal-normal.conf,thermal-engine-text,mi_thermald_aes,thermal-engine-text-v2,decoded,61.0,,,54.0,-7.0,mapped-artifact
xiaomi,surya,thermal-phone.conf,devices/xiaomi/surya/thermal/thermal-phone.conf,thermal-engine-text,mi_thermald_aes,thermal-engine-text-v2,decoded,60.0,,,53.0,-7.0,mapped-artifact
xiaomi,surya,thermal-tgame.conf,devices/xiaomi/surya/thermal/thermal-tgame.conf,thermal-engine-text,mi_thermald_aes,thermal-engine-text-v2,decoded,61.0,,,54.0,-7.0,mapped-artifact
xiaomi,surya,thermald-devices.conf,devices/xiaomi/surya/thermal/thermald-devices.conf,thermal-engine-text,plain,thermal-engine-text-v2,plain,,,,,,mapped-artifact
xiaomi,sweet,index.tsv,devices/xiaomi/sweet/thermal/index.tsv,text,plain,,plain,,,,,,mapped-artifact
xiaomi,sweet,thermal-4k.conf,devices/xiaomi/sweet/thermal/thermal-4k.conf,thermal-engine-text,mi_thermald_aes,thermal-engine-text-v2,decoded,48.5,,,52.0,3.5,mapped-artifact
xiaomi,sweet,thermal-camera.conf,devices/xiaomi/sweet/thermal/thermal-camera.conf,thermal-engine-text,mi_thermald_aes,thermal-engine-text-v2,decoded,49.5,,,48.0,-1.5,mapped-artifact
xiaomi,sweet,thermal-chg-only.conf,devices/xiaomi/sweet/thermal/thermal-chg-only.conf,thermal-engine-text,plain,thermal-engine-text-v2,plain,45.0,,,,,mapped-artifact
xiaomi,sweet,thermal-class0.conf,devices/xiaomi/sweet/thermal/thermal-class0.conf,thermal-engine-text,mi_thermald_aes,thermal-engine-text-v2,decoded,51.0,,,48.0,-3.0,mapped-artifact
xiaomi,sweet,thermal-engine.conf,devices/xiaomi/sweet/thermal/thermal-engine.conf,text,plain,,plain,,,,,,mapped-artifact
xiaomi,sweet,thermal-map.conf,devices/xiaomi/sweet/thermal/thermal-map.conf,thermal-engine-text,mi_thermald_aes,thermal-engine-text-v2,decoded,,,,,,mapped-artifact
xiaomi,sweet,thermal-mgame.conf,devices/xiaomi/sweet/thermal/thermal-mgame.conf,thermal-engine-text,mi_thermald_aes,thermal-engine-text-v2,decoded,50.0,,,48.0,-2.0,mapped-artifact
xiaomi,sweet,thermal-navigation.conf,devices/xiaomi/sweet/thermal/thermal-navigation.conf,thermal-engine-text,mi_thermald_aes,thermal-engine-text-v2,decoded,51.0,,,52.0,1.0,mapped-artifact
xiaomi,sweet,thermal-nolimits.conf,devices/xiaomi/sweet/thermal/thermal-nolimits.conf,thermal-engine-text,mi_thermald_aes,thermal-engine-text-v2,decoded,60.0,,,,,mapped-artifact
xiaomi,sweet,thermal-normal.conf,devices/xiaomi/sweet/thermal/thermal-normal.conf,thermal-engine-text,mi_thermald_aes,thermal-engine-text-v2,decoded,51.0,,,54.0,3.0,mapped-artifact
xiaomi,sweet,thermal-phone.conf,devices/xiaomi/sweet/thermal/thermal-phone.conf,thermal-engine-text,mi_thermald_aes,thermal-engine-text-v2,decoded,51.0,,,53.0,2.0,mapped-artifact
xiaomi,sweet,thermal-tgame.conf,devices/xiaomi/sweet/thermal/thermal-tgame.conf,thermal-engine-text,mi_thermald_aes,thermal-engine-text-v2,decoded,50.0,,,48.0,-2.0,mapped-artifact
xiaomi,sweet,thermal-video.conf,devices/xiaomi/sweet/thermal/thermal-video.conf,thermal-engine-text,mi_thermald_aes,thermal-engine-text-v2,decoded,51.0,,,53.0,2.0,mapped-artifact
xiaomi,sweet,thermal-videochat.conf,devices/xiaomi/sweet/thermal/thermal-videochat.conf,thermal-engine-text,mi_thermald_aes,thermal-engine-text-v2,decoded,51.0,,,48.0,-3.0,mapped-artifact
xiaomi,sweet,thermal-youtube.conf,devices/xiaomi/sweet/thermal/thermal-youtube.conf,thermal-engine-text,mi_thermald_aes,thermal-engine-text-v2,decoded,60.0,,,48.0,-12.0,mapped-artifact
xiaomi,sweet,thermald-devices.conf,devices/xiaomi/sweet/thermal/thermald-devices.conf,thermal-engine-text,plain,thermal-engine-text-v2,plain,,,,,,mapped-artifact
xiaomi,sweetin,index.tsv,devices/xiaomi/sweetin/thermal/index.tsv,text,plain,,plain,,,,,,mapped-artifact
xiaomi,sweetin,thermal-camera.conf,devices/xiaomi/sweetin/thermal/thermal-camera.conf,thermal-engine-text,mi_thermald_aes,thermal-engine-text-v2,decoded,60.0,,,55.0,-5.0,mapped-artifact
xiaomi,sweetin,thermal-chg-only.conf,devices/xiaomi/sweetin/thermal/thermal-chg-only.conf,thermal-engine-text,plain,thermal-engine-text-v2,plain,60.0,,,,,mapped-artifact
xiaomi,sweetin,thermal-class0.conf,devices/xiaomi/sweetin/thermal/thermal-class0.conf,thermal-engine-text,mi_thermald_aes,thermal-engine-text-v2,decoded,60.0,,,55.0,-5.0,mapped-artifact
xiaomi,sweetin,thermal-engine.conf,devices/xiaomi/sweetin/thermal/thermal-engine.conf,text,plain,,plain,,,,,,mapped-artifact
xiaomi,sweetin,thermal-map.conf,devices/xiaomi/sweetin/thermal/thermal-map.conf,thermal-engine-text,mi_thermald_aes,thermal-engine-text-v2,decoded,,,,,,mapped-artifact
xiaomi,sweetin,thermal-mgame.conf,devices/xiaomi/sweetin/thermal/thermal-mgame.conf,thermal-engine-text,mi_thermald_aes,thermal-engine-text-v2,decoded,60.0,,,,,mapped-artifact
xiaomi,sweetin,thermal-navigation.conf,devices/xiaomi/sweetin/thermal/thermal-navigation.conf,thermal-engine-text,mi_thermald_aes,thermal-engine-text-v2,decoded,60.0,,,55.0,-5.0,mapped-artifact
xiaomi,sweetin,thermal-nolimits.conf,devices/xiaomi/sweetin/thermal/thermal-nolimits.conf,thermal-engine-text,mi_thermald_aes,thermal-engine-text-v2,decoded,60.0,,,55.0,-5.0,mapped-artifact
xiaomi,sweetin,thermal-normal.conf,devices/xiaomi/sweetin/thermal/thermal-normal.conf,thermal-engine-text,mi_thermald_aes,thermal-engine-text-v2,decoded,60.0,,,,,mapped-artifact
xiaomi,sweetin,thermal-phone.conf,devices/xiaomi/sweetin/thermal/thermal-phone.conf,thermal-engine-text,mi_thermald_aes,thermal-engine-text-v2,decoded,60.0,,,55.0,-5.0,mapped-artifact
xiaomi,sweetin,thermal-tgame.conf,devices/xiaomi/sweetin/thermal/thermal-tgame.conf,thermal-engine-text,mi_thermald_aes,thermal-engine-text-v2,decoded,60.0,,,,,mapped-artifact
xiaomi,sweetin,thermal-video.conf,devices/xiaomi/sweetin/thermal/thermal-video.conf,thermal-engine-text,mi_thermald_aes,thermal-engine-text-v2,decoded,60.0,,,55.0,-5.0,mapped-artifact
xiaomi,sweetin,thermal-youtube.conf,devices/xiaomi/sweetin/thermal/thermal-youtube.conf,thermal-engine-text,mi_thermald_aes,thermal-engine-text-v2,decoded,60.0,,,,,mapped-artifact
xiaomi,sweetin,thermald-devices.conf,devices/xiaomi/sweetin/thermal/thermald-devices.conf,thermal-engine-text,plain,thermal-engine-text-v2,plain,,,,,,mapped-artifact
xiaomi,taoyao,index.tsv,devices/xiaomi/taoyao/thermal/index.tsv,text,plain,,plain,,,,,,mapped-artifact
xiaomi,taoyao,thermal-4k.conf,devices/xiaomi/taoyao/thermal/thermal-4k.conf,thermal-engine-text,mi_thermald_aes,thermal-engine-text-v2,decoded,63.0,,,,,mapped-artifact
xiaomi,taoyao,thermal-camera.conf,devices/xiaomi/taoyao/thermal/thermal-camera.conf,thermal-engine-text,mi_thermald_aes,thermal-engine-text-v2,decoded,63.0,,,,,mapped-artifact
xiaomi,taoyao,thermal-class0.conf,devices/xiaomi/taoyao/thermal/thermal-class0.conf,thermal-engine-text,mi_thermald_aes,thermal-engine-text-v2,decoded,60.0,,,51.0,-9.0,mapped-artifact
xiaomi,taoyao,thermal-engine.conf,devices/xiaomi/taoyao/thermal/thermal-engine.conf,text,plain,,plain,,,,,,mapped-artifact
xiaomi,taoyao,thermal-huanji.conf,devices/xiaomi/taoyao/thermal/thermal-huanji.conf,thermal-engine-text,mi_thermald_aes,thermal-engine-text-v2,decoded,60.0,,,48.0,-12.0,mapped-artifact
xiaomi,taoyao,thermal-map.conf,devices/xiaomi/taoyao/thermal/thermal-map.conf,thermal-engine-text,mi_thermald_aes,thermal-engine-text-v2,decoded,,,,,,mapped-artifact
xiaomi,taoyao,thermal-mgame.conf,devices/xiaomi/taoyao/thermal/thermal-mgame.conf,thermal-engine-text,mi_thermald_aes,thermal-engine-text-v2,decoded,51.0,,,51.0,0.0,mapped-artifact
xiaomi,taoyao,thermal-navigation.conf,devices/xiaomi/taoyao/thermal/thermal-navigation.conf,thermal-engine-text,mi_thermald_aes,thermal-engine-text-v2,decoded,60.0,,,51.0,-9.0,mapped-artifact
xiaomi,taoyao,thermal-nolimits.conf,devices/xiaomi/taoyao/thermal/thermal-nolimits.conf,thermal-engine-text,mi_thermald_aes,thermal-engine-text-v2,decoded,56.0,,,,,mapped-artifact
xiaomi,taoyao,thermal-normal.conf,devices/xiaomi/taoyao/thermal/thermal-normal.conf,thermal-engine-text,mi_thermald_aes,thermal-engine-text-v2,decoded,60.0,,,51.0,-9.0,mapped-artifact
xiaomi,taoyao,thermal-phone.conf,devices/xiaomi/taoyao/thermal/thermal-phone.conf,thermal-engine-text,mi_thermald_aes,thermal-engine-text-v2,decoded,60.0,,,48.0,-12.0,mapped-artifact
xiaomi,taoyao,thermal-tgame.conf,devices/xiaomi/taoyao/thermal/thermal-tgame.conf,thermal-engine-text,mi_thermald_aes,thermal-engine-text-v2,decoded,63.0,,,51.0,-12.0,mapped-artifact
xiaomi,taoyao,thermal-video.conf,devices/xiaomi/taoyao/thermal/thermal-video.conf,thermal-engine-text,mi_thermald_aes,thermal-engine-text-v2,decoded,60.0,,,51.0,-9.0,mapped-artifact
xiaomi,taoyao,thermal-videochat.conf,devices/xiaomi/taoyao/thermal/thermal-videochat.conf,thermal-engine-text,mi_thermald_aes,thermal-engine-text-v2,decoded,60.0,,,53.0,-7.0,mapped-artifact
xiaomi,taoyao,thermald-devices.conf,devices/xiaomi/taoyao/thermal/thermald-devices.conf,thermal-engine-text,plain,thermal-engine-text-v2,plain,,,,,,mapped-artifact
xiaomi,taurus,index.tsv,devices/xiaomi/taurus/thermal/index.tsv,text,plain,,plain,,,,,,mapped-artifact
xiaomi,taurus,thermald_h.conf,devices/xiaomi/taurus/thermal/thermald_h.conf,thermal-engine-text,plain,thermal-engine-text-v2,plain,105.0,,,,,mapped-artifact
xiaomi,taurus,thermald_l.conf,devices/xiaomi/taurus/thermal/thermald_l.conf,thermal-engine-text,plain,thermal-engine-text-v2,plain,105.0,,,,,mapped-artifact
xiaomi,thor,index.tsv,devices/xiaomi/thor/thermal/index.tsv,text,plain,,plain,,,,,,mapped-artifact
xiaomi,thor,thermal-4k.conf,devices/xiaomi/thor/thermal/thermal-4k.conf,thermal-engine-text,mi_thermald_aes,thermal-engine-text-v2,decoded,115.0,,,51.0,-64.0,mapped-artifact
xiaomi,thor,thermal-arvr.conf,devices/xiaomi/thor/thermal/thermal-arvr.conf,thermal-engine-text,mi_thermald_aes,thermal-engine-text-v2,decoded,65.0,,,50.0,-15.0,mapped-artifact
xiaomi,thor,thermal-camera.conf,devices/xiaomi/thor/thermal/thermal-camera.conf,thermal-engine-text,mi_thermald_aes,thermal-engine-text-v2,decoded,115.0,,,51.0,-64.0,mapped-artifact
xiaomi,thor,thermal-chg-only.conf,devices/xiaomi/thor/thermal/thermal-chg-only.conf,thermal-engine-text,plain,thermal-engine-text-v2,plain,48.0,,,51.0,3.0,mapped-artifact
xiaomi,thor,thermal-class0.conf,devices/xiaomi/thor/thermal/thermal-class0.conf,thermal-engine-text,mi_thermald_aes,thermal-engine-text-v2,decoded,115.0,,,50.0,-65.0,mapped-artifact
xiaomi,thor,thermal-dolbyvision.conf,devices/xiaomi/thor/thermal/thermal-dolbyvision.conf,thermal-engine-text,mi_thermald_aes,thermal-engine-text-v2,decoded,115.0,,,50.0,-65.0,mapped-artifact
xiaomi,thor,thermal-engine.conf,devices/xiaomi/thor/thermal/thermal-engine.conf,text,plain,,plain,,,,,,mapped-artifact
xiaomi,thor,thermal-huanji.conf,devices/xiaomi/thor/thermal/thermal-huanji.conf,thermal-engine-text,mi_thermald_aes,thermal-engine-text-v2,decoded,115.0,,,50.0,-65.0,mapped-artifact
xiaomi,thor,thermal-l18a-map.conf,devices/xiaomi/thor/thermal/thermal-l18a-map.conf,thermal-engine-text,mi_thermald_aes,thermal-engine-text-v2,decoded,,,,,,mapped-artifact
xiaomi,thor,thermal-map.conf,devices/xiaomi/thor/thermal/thermal-map.conf,thermal-engine-text,mi_thermald_aes,thermal-engine-text-v2,decoded,,,,,,mapped-artifact
xiaomi,thor,thermal-mgame.conf,devices/xiaomi/thor/thermal/thermal-mgame.conf,thermal-engine-text,mi_thermald_aes,thermal-engine-text-v2,decoded,115.0,,,51.0,-64.0,mapped-artifact
xiaomi,thor,thermal-navigation.conf,devices/xiaomi/thor/thermal/thermal-navigation.conf,thermal-engine-text,mi_thermald_aes,thermal-engine-text-v2,decoded,115.0,,,51.0,-64.0,mapped-artifact
xiaomi,thor,thermal-nightvideo.conf,devices/xiaomi/thor/thermal/thermal-nightvideo.conf,thermal-engine-text,mi_thermald_aes,thermal-engine-text-v2,decoded,115.0,,,50.0,-65.0,mapped-artifact
xiaomi,thor,thermal-nolimits.conf,devices/xiaomi/thor/thermal/thermal-nolimits.conf,thermal-engine-text,mi_thermald_aes,thermal-engine-text-v2,decoded,53.0,,,,,mapped-artifact
xiaomi,thor,thermal-normal.conf,devices/xiaomi/thor/thermal/thermal-normal.conf,thermal-engine-text,mi_thermald_aes,thermal-engine-text-v2,decoded,115.0,,,51.0,-64.0,mapped-artifact
xiaomi,thor,thermal-per-class0.conf,devices/xiaomi/thor/thermal/thermal-per-class0.conf,thermal-engine-text,mi_thermald_aes,thermal-engine-text-v2,decoded,115.0,,,50.0,-65.0,mapped-artifact
xiaomi,thor,thermal-per-navigation.conf,devices/xiaomi/thor/thermal/thermal-per-navigation.conf,thermal-engine-text,mi_thermald_aes,thermal-engine-text-v2,decoded,115.0,,,51.0,-64.0,mapped-artifact
xiaomi,thor,thermal-per-normal.conf,devices/xiaomi/thor/thermal/thermal-per-normal.conf,thermal-engine-text,mi_thermald_aes,thermal-engine-text-v2,decoded,115.0,,,51.0,-64.0,mapped-artifact
xiaomi,thor,thermal-per-video.conf,devices/xiaomi/thor/thermal/thermal-per-video.conf,thermal-engine-text,mi_thermald_aes,thermal-engine-text-v2,decoded,115.0,,,50.0,-65.0,mapped-artifact
xiaomi,thor,thermal-phone.conf,devices/xiaomi/thor/thermal/thermal-phone.conf,thermal-engine-text,mi_thermald_aes,thermal-engine-text-v2,decoded,115.0,,,47.0,-68.0,mapped-artifact
xiaomi,thor,thermal-region-map.conf,devices/xiaomi/thor/thermal/thermal-region-map.conf,text,mi_thermald_aes,,decoded,,,,,,mapped-artifact
xiaomi,thor,thermal-sptm.conf,devices/xiaomi/thor/thermal/thermal-sptm.conf,thermal-engine-text,mi_thermald_aes,thermal-engine-text-v2,decoded,115.0,,,51.0,-64.0,mapped-artifact
xiaomi,thor,thermal-tgame.conf,devices/xiaomi/thor/thermal/thermal-tgame.conf,thermal-engine-text,mi_thermald_aes,thermal-engine-text-v2,decoded,115.0,,,51.0,-64.0,mapped-artifact
xiaomi,thor,thermal-video.conf,devices/xiaomi/thor/thermal/thermal-video.conf,thermal-engine-text,mi_thermald_aes,thermal-engine-text-v2,decoded,115.0,,,50.0,-65.0,mapped-artifact
xiaomi,thor,thermal-videochat.conf,devices/xiaomi/thor/thermal/thermal-videochat.conf,thermal-engine-text,mi_thermald_aes,thermal-engine-text-v2,decoded,115.0,,,50.0,-65.0,mapped-artifact
xiaomi,thor,thermald-devices.conf,devices/xiaomi/thor/thermal/thermald-devices.conf,thermal-engine-text,plain,thermal-engine-text-v2,plain,,,,,,mapped-artifact
xiaomi,thyme,index.tsv,devices/xiaomi/thyme/thermal/index.tsv,text,plain,,plain,,,,,,mapped-artifact
xiaomi,thyme,thermal-4k.conf,devices/xiaomi/thyme/thermal/thermal-4k.conf,thermal-engine-text,mi_thermald_aes,thermal-engine-text-v2,decoded,60.0,,,53.0,-7.0,mapped-artifact
xiaomi,thyme,thermal-8k.conf,devices/xiaomi/thyme/thermal/thermal-8k.conf,thermal-engine-text,mi_thermald_aes,thermal-engine-text-v2,decoded,60.0,,,53.0,-7.0,mapped-artifact
xiaomi,thyme,thermal-camera.conf,devices/xiaomi/thyme/thermal/thermal-camera.conf,thermal-engine-text,mi_thermald_aes,thermal-engine-text-v2,decoded,60.0,,,53.0,-7.0,mapped-artifact
xiaomi,thyme,thermal-chg-only.conf,devices/xiaomi/thyme/thermal/thermal-chg-only.conf,thermal-engine-text,plain,thermal-engine-text-v2,plain,60.0,,,,,mapped-artifact
xiaomi,thyme,thermal-class0.conf,devices/xiaomi/thyme/thermal/thermal-class0.conf,thermal-engine-text,mi_thermald_aes,thermal-engine-text-v2,decoded,62.0,,,53.0,-9.0,mapped-artifact
xiaomi,thyme,thermal-engine.conf,devices/xiaomi/thyme/thermal/thermal-engine.conf,text,plain,,plain,,,,,,mapped-artifact
xiaomi,thyme,thermal-india-camera.conf,devices/xiaomi/thyme/thermal/thermal-india-camera.conf,thermal-engine-text,mi_thermald_aes,thermal-engine-text-v2,decoded,60.0,,,,,mapped-artifact
xiaomi,thyme,thermal-india-normal.conf,devices/xiaomi/thyme/thermal/thermal-india-normal.conf,thermal-engine-text,mi_thermald_aes,thermal-engine-text-v2,decoded,60.0,,,,,mapped-artifact
xiaomi,thyme,thermal-india-per-camera.conf,devices/xiaomi/thyme/thermal/thermal-india-per-camera.conf,thermal-engine-text,mi_thermald_aes,thermal-engine-text-v2,decoded,60.0,,,,,mapped-artifact
xiaomi,thyme,thermal-india-per-normal.conf,devices/xiaomi/thyme/thermal/thermal-india-per-normal.conf,thermal-engine-text,mi_thermald_aes,thermal-engine-text-v2,decoded,60.0,,,,,mapped-artifact
xiaomi,thyme,thermal-map-india.conf,devices/xiaomi/thyme/thermal/thermal-map-india.conf,thermal-engine-text,mi_thermald_aes,thermal-engine-text-v2,decoded,,,,,,mapped-artifact
xiaomi,thyme,thermal-map.conf,devices/xiaomi/thyme/thermal/thermal-map.conf,thermal-engine-text,mi_thermald_aes,thermal-engine-text-v2,decoded,,,,,,mapped-artifact
xiaomi,thyme,thermal-mgame.conf,devices/xiaomi/thyme/thermal/thermal-mgame.conf,thermal-engine-text,mi_thermald_aes,thermal-engine-text-v2,decoded,62.0,,,53.0,-9.0,mapped-artifact
xiaomi,thyme,thermal-navigation.conf,devices/xiaomi/thyme/thermal/thermal-navigation.conf,thermal-engine-text,mi_thermald_aes,thermal-engine-text-v2,decoded,60.0,,,51.0,-9.0,mapped-artifact
xiaomi,thyme,thermal-nolimits.conf,devices/xiaomi/thyme/thermal/thermal-nolimits.conf,thermal-engine-text,mi_thermald_aes,thermal-engine-text-v2,decoded,60.0,,,,,mapped-artifact
xiaomi,thyme,thermal-normal.conf,devices/xiaomi/thyme/thermal/thermal-normal.conf,thermal-engine-text,mi_thermald_aes,thermal-engine-text-v2,decoded,62.0,,,53.0,-9.0,mapped-artifact
xiaomi,thyme,thermal-per-camera.conf,devices/xiaomi/thyme/thermal/thermal-per-camera.conf,thermal-engine-text,mi_thermald_aes,thermal-engine-text-v2,decoded,60.0,,,53.0,-7.0,mapped-artifact
xiaomi,thyme,thermal-per-class0.conf,devices/xiaomi/thyme/thermal/thermal-per-class0.conf,thermal-engine-text,mi_thermald_aes,thermal-engine-text-v2,decoded,62.0,,,51.0,-11.0,mapped-artifact
xiaomi,thyme,thermal-per-navigation.conf,devices/xiaomi/thyme/thermal/thermal-per-navigation.conf,thermal-engine-text,mi_thermald_aes,thermal-engine-text-v2,decoded,60.0,,,53.0,-7.0,mapped-artifact
xiaomi,thyme,thermal-per-normal.conf,devices/xiaomi/thyme/thermal/thermal-per-normal.conf,thermal-engine-text,mi_thermald_aes,thermal-engine-text-v2,decoded,62.0,,,53.0,-9.0,mapped-artifact
xiaomi,thyme,thermal-phone.conf,devices/xiaomi/thyme/thermal/thermal-phone.conf,thermal-engine-text,mi_thermald_aes,thermal-engine-text-v2,decoded,53.0,,,53.0,0.0,mapped-artifact
xiaomi,thyme,thermal-region-map.conf,devices/xiaomi/thyme/thermal/thermal-region-map.conf,text,mi_thermald_aes,,decoded,,,,,,mapped-artifact
xiaomi,thyme,thermal-tgame.conf,devices/xiaomi/thyme/thermal/thermal-tgame.conf,thermal-engine-text,mi_thermald_aes,thermal-engine-text-v2,decoded,60.0,,,51.0,-9.0,mapped-artifact
xiaomi,thyme,thermald-devices.conf,devices/xiaomi/thyme/thermal/thermald-devices.conf,thermal-engine-text,plain,thermal-engine-text-v2,plain,,,,,,mapped-artifact
xiaomi,tiare,index.tsv,devices/xiaomi/tiare/thermal/index.tsv,text,plain,,plain,,,,,,mapped-artifact
xiaomi,tiare,thermal-engine-map.conf,devices/xiaomi/tiare/thermal/thermal-engine-map.conf,thermal-engine-text,plain,thermal-engine-text-v2,plain,,,,,,mapped-artifact
xiaomi,tiare,thermal-engine-normal.conf,devices/xiaomi/tiare/thermal/thermal-engine-normal.conf,thermal-engine-text,plain,thermal-engine-text-v2,plain,95.0,,,55.0,-40.0,mapped-artifact
xiaomi,tiare,thermal-engine.conf,devices/xiaomi/tiare/thermal/thermal-engine.conf,text,plain,,plain,,,,,,mapped-artifact
xiaomi,tiffany,index.tsv,devices/xiaomi/tiffany/thermal/index.tsv,text,plain,,plain,,,,,,mapped-artifact
xiaomi,tiffany,thermal-engine.conf,devices/xiaomi/tiffany/thermal/thermal-engine.conf,thermal-engine-text,plain,thermal-engine-text-v2,plain,70.0,,,,,mapped-artifact
xiaomi,toco,index.tsv,devices/xiaomi/toco/thermal/index.tsv,text,plain,,plain,,,,,,mapped-artifact
xiaomi,toco,thermal-arvr.conf,devices/xiaomi/toco/thermal/thermal-arvr.conf,thermal-engine-text,mi_thermald_aes,thermal-engine-text-v2,decoded,60.0,,,16.0,-44.0,mapped-artifact
xiaomi,toco,thermal-camera.conf,devices/xiaomi/toco/thermal/thermal-camera.conf,thermal-engine-text,mi_thermald_aes,thermal-engine-text-v2,decoded,60.0,,,54.0,-6.0,mapped-artifact
xiaomi,toco,thermal-chg-only.conf,devices/xiaomi/toco/thermal/thermal-chg-only.conf,thermal-engine-text,plain,thermal-engine-text-v2,plain,60.0,,,54.0,-6.0,mapped-artifact
xiaomi,toco,thermal-engine.conf,devices/xiaomi/toco/thermal/thermal-engine.conf,text,plain,,plain,,,,,,mapped-artifact
xiaomi,toco,thermal-map.conf,devices/xiaomi/toco/thermal/thermal-map.conf,thermal-engine-text,mi_thermald_aes,thermal-engine-text-v2,decoded,,,,,,mapped-artifact
xiaomi,toco,thermal-nolimits.conf,devices/xiaomi/toco/thermal/thermal-nolimits.conf,thermal-engine-text,mi_thermald_aes,thermal-engine-text-v2,decoded,60.0,,,53.0,-7.0,mapped-artifact
xiaomi,toco,thermal-normal.conf,devices/xiaomi/toco/thermal/thermal-normal.conf,thermal-engine-text,mi_thermald_aes,thermal-engine-text-v2,decoded,60.0,,,54.0,-6.0,mapped-artifact
xiaomi,toco,thermal-phone.conf,devices/xiaomi/toco/thermal/thermal-phone.conf,thermal-engine-text,mi_thermald_aes,thermal-engine-text-v2,decoded,60.0,,,53.0,-7.0,mapped-artifact
xiaomi,toco,thermal-tgame.conf,devices/xiaomi/toco/thermal/thermal-tgame.conf,thermal-engine-text,mi_thermald_aes,thermal-engine-text-v2,decoded,60.0,,,54.0,-6.0,mapped-artifact
xiaomi,toco,thermald-devices.conf,devices/xiaomi/toco/thermal/thermald-devices.conf,thermal-engine-text,plain,thermal-engine-text-v2,plain,,,,,,mapped-artifact
xiaomi,tulip,index.tsv,devices/xiaomi/tulip/thermal/index.tsv,text,plain,,plain,,,,,,mapped-artifact
xiaomi,tulip,thermal-engine-Youtube.conf,devices/xiaomi/tulip/thermal/thermal-engine-Youtube.conf,thermal-engine-text,plain,thermal-engine-text-v2,plain,95.0,,,50.0,-45.0,mapped-artifact
xiaomi,tulip,thermal-engine-camera.conf,devices/xiaomi/tulip/thermal/thermal-engine-camera.conf,thermal-engine-text,plain,thermal-engine-text-v2,plain,95.0,,,53.0,-42.0,mapped-artifact
xiaomi,tulip,thermal-engine-map.conf,devices/xiaomi/tulip/thermal/thermal-engine-map.conf,thermal-engine-text,plain,thermal-engine-text-v2,plain,,,,,,mapped-artifact
xiaomi,tulip,thermal-engine-normal.conf,devices/xiaomi/tulip/thermal/thermal-engine-normal.conf,thermal-engine-text,plain,thermal-engine-text-v2,plain,95.0,,,55.0,-40.0,mapped-artifact
xiaomi,tulip,thermal-engine-sgame.conf,devices/xiaomi/tulip/thermal/thermal-engine-sgame.conf,thermal-engine-text,plain,thermal-engine-text-v2,plain,95.0,,,55.0,-40.0,mapped-artifact
xiaomi,tulip,thermal-engine.conf,devices/xiaomi/tulip/thermal/thermal-engine.conf,text,plain,,plain,,,,,,mapped-artifact
xiaomi,twilight,index.tsv,devices/xiaomi/twilight/thermal/index.tsv,text,plain,,plain,,,,,,mapped-artifact
xiaomi,twilight,thermal_info_config.json,devices/xiaomi/twilight/thermal/thermal_info_config.json,json,plain,thermal-hal-json-v2,plain,,,,,,mapped-artifact
xiaomi,ugg,index.tsv,devices/xiaomi/ugg/thermal/index.tsv,text,plain,,plain,,,,,,mapped-artifact
xiaomi,ugg,thermal-engine.conf,devices/xiaomi/ugg/thermal/thermal-engine.conf,text,plain,,plain,,,,,,mapped-artifact
xiaomi,ugglite,index.tsv,devices/xiaomi/ugglite/thermal/index.tsv,text,plain,,plain,,,,,,mapped-artifact
xiaomi,ugglite,thermal-engine.conf,devices/xiaomi/ugglite/thermal/thermal-engine.conf,text,plain,,plain,,,,,,mapped-artifact
xiaomi,umi,index.tsv,devices/xiaomi/umi/thermal/index.tsv,text,plain,,plain,,,,,,mapped-artifact
xiaomi,umi,thermal-4k.conf,devices/xiaomi/umi/thermal/thermal-4k.conf,thermal-engine-text,mi_thermald_aes,thermal-engine-text-v2,decoded,60.0,,,,,mapped-artifact
xiaomi,umi,thermal-8k.conf,devices/xiaomi/umi/thermal/thermal-8k.conf,thermal-engine-text,mi_thermald_aes,thermal-engine-text-v2,decoded,60.0,,,,,mapped-artifact
xiaomi,umi,thermal-camera.conf,devices/xiaomi/umi/thermal/thermal-camera.conf,thermal-engine-text,mi_thermald_aes,thermal-engine-text-v2,decoded,60.0,,,,,mapped-artifact
xiaomi,umi,thermal-chg-only.conf,devices/xiaomi/umi/thermal/thermal-chg-only.conf,thermal-engine-text,plain,thermal-engine-text-v2,plain,60.0,,,,,mapped-artifact
xiaomi,umi,thermal-class0.conf,devices/xiaomi/umi/thermal/thermal-class0.conf,thermal-engine-text,mi_thermald_aes,thermal-engine-text-v2,decoded,63.0,,,,,mapped-artifact
xiaomi,umi,thermal-engine.conf,devices/xiaomi/umi/thermal/thermal-engine.conf,text,plain,,plain,,,,,,mapped-artifact
xiaomi,umi,thermal-india-camera.conf,devices/xiaomi/umi/thermal/thermal-india-camera.conf,thermal-engine-text,mi_thermald_aes,thermal-engine-text-v2,decoded,60.0,,,,,mapped-artifact
xiaomi,umi,thermal-india-normal.conf,devices/xiaomi/umi/thermal/thermal-india-normal.conf,thermal-engine-text,mi_thermald_aes,thermal-engine-text-v2,decoded,60.0,,,,,mapped-artifact
xiaomi,umi,thermal-india-per-camera.conf,devices/xiaomi/umi/thermal/thermal-india-per-camera.conf,thermal-engine-text,mi_thermald_aes,thermal-engine-text-v2,decoded,60.0,,,,,mapped-artifact
xiaomi,umi,thermal-india-per-normal.conf,devices/xiaomi/umi/thermal/thermal-india-per-normal.conf,thermal-engine-text,mi_thermald_aes,thermal-engine-text-v2,decoded,60.0,,,,,mapped-artifact
xiaomi,umi,thermal-map-india.conf,devices/xiaomi/umi/thermal/thermal-map-india.conf,thermal-engine-text,mi_thermald_aes,thermal-engine-text-v2,decoded,,,,,,mapped-artifact
xiaomi,umi,thermal-map.conf,devices/xiaomi/umi/thermal/thermal-map.conf,thermal-engine-text,mi_thermald_aes,thermal-engine-text-v2,decoded,,,,,,mapped-artifact
xiaomi,umi,thermal-navigation.conf,devices/xiaomi/umi/thermal/thermal-navigation.conf,thermal-engine-text,mi_thermald_aes,thermal-engine-text-v2,decoded,60.0,,,,,mapped-artifact
xiaomi,umi,thermal-nolimits.conf,devices/xiaomi/umi/thermal/thermal-nolimits.conf,thermal-engine-text,mi_thermald_aes,thermal-engine-text-v2,decoded,60.0,,,,,mapped-artifact
xiaomi,umi,thermal-normal.conf,devices/xiaomi/umi/thermal/thermal-normal.conf,thermal-engine-text,mi_thermald_aes,thermal-engine-text-v2,decoded,63.0,,,,,mapped-artifact
xiaomi,umi,thermal-per-camera.conf,devices/xiaomi/umi/thermal/thermal-per-camera.conf,thermal-engine-text,mi_thermald_aes,thermal-engine-text-v2,decoded,60.0,,,,,mapped-artifact
xiaomi,umi,thermal-per-class0.conf,devices/xiaomi/umi/thermal/thermal-per-class0.conf,thermal-engine-text,mi_thermald_aes,thermal-engine-text-v2,decoded,63.0,,,,,mapped-artifact
xiaomi,umi,thermal-per-navigation.conf,devices/xiaomi/umi/thermal/thermal-per-navigation.conf,thermal-engine-text,mi_thermald_aes,thermal-engine-text-v2,decoded,60.0,,,,,mapped-artifact
xiaomi,umi,thermal-per-normal.conf,devices/xiaomi/umi/thermal/thermal-per-normal.conf,thermal-engine-text,mi_thermald_aes,thermal-engine-text-v2,decoded,63.0,,,,,mapped-artifact
xiaomi,umi,thermal-phone.conf,devices/xiaomi/umi/thermal/thermal-phone.conf,thermal-engine-text,mi_thermald_aes,thermal-engine-text-v2,decoded,60.0,,,,,mapped-artifact
xiaomi,umi,thermal-region-map.conf,devices/xiaomi/umi/thermal/thermal-region-map.conf,text,mi_thermald_aes,,decoded,,,,,,mapped-artifact
xiaomi,umi,thermal-tgame.conf,devices/xiaomi/umi/thermal/thermal-tgame.conf,thermal-engine-text,mi_thermald_aes,thermal-engine-text-v2,decoded,63.0,,,,,mapped-artifact
xiaomi,umi,thermald-devices.conf,devices/xiaomi/umi/thermal/thermald-devices.conf,thermal-engine-text,plain,thermal-engine-text-v2,plain,,,,,,mapped-artifact
xiaomi,unicorn,index.tsv,devices/xiaomi/unicorn/thermal/index.tsv,text,plain,,plain,,,,,,mapped-artifact
xiaomi,unicorn,thermal-4k.conf,devices/xiaomi/unicorn/thermal/thermal-4k.conf,thermal-engine-text,mi_thermald_aes,thermal-engine-text-v2,decoded,65.0,,,,,mapped-artifact
xiaomi,unicorn,thermal-arvr.conf,devices/xiaomi/unicorn/thermal/thermal-arvr.conf,thermal-engine-text,mi_thermald_aes,thermal-engine-text-v2,decoded,65.0,,,51.0,-14.0,mapped-artifact
xiaomi,unicorn,thermal-camera.conf,devices/xiaomi/unicorn/thermal/thermal-camera.conf,thermal-engine-text,mi_thermald_aes,thermal-engine-text-v2,decoded,65.0,,,,,mapped-artifact
xiaomi,unicorn,thermal-chg-only.conf,devices/xiaomi/unicorn/thermal/thermal-chg-only.conf,thermal-engine-text,plain,thermal-engine-text-v2,plain,48.0,,,51.0,3.0,mapped-artifact
xiaomi,unicorn,thermal-class0.conf,devices/xiaomi/unicorn/thermal/thermal-class0.conf,thermal-engine-text,mi_thermald_aes,thermal-engine-text-v2,decoded,65.0,,,51.0,-14.0,mapped-artifact
xiaomi,unicorn,thermal-dolbyvision.conf,devices/xiaomi/unicorn/thermal/thermal-dolbyvision.conf,thermal-engine-text,mi_thermald_aes,thermal-engine-text-v2,decoded,65.0,,,51.0,-14.0,mapped-artifact
xiaomi,unicorn,thermal-engine.conf,devices/xiaomi/unicorn/thermal/thermal-engine.conf,text,plain,,plain,,,,,,mapped-artifact
xiaomi,unicorn,thermal-huanji.conf,devices/xiaomi/unicorn/thermal/thermal-huanji.conf,thermal-engine-text,mi_thermald_aes,thermal-engine-text-v2,decoded,65.0,,,50.0,-15.0,mapped-artifact
xiaomi,unicorn,thermal-l18a-map.conf,devices/xiaomi/unicorn/thermal/thermal-l18a-map.conf,thermal-engine-text,mi_thermald_aes,thermal-engine-text-v2,decoded,,,,,,mapped-artifact
xiaomi,unicorn,thermal-map.conf,devices/xiaomi/unicorn/thermal/thermal-map.conf,thermal-engine-text,mi_thermald_aes,thermal-engine-text-v2,decoded,,,,,,mapped-artifact
xiaomi,unicorn,thermal-mgame.conf,devices/xiaomi/unicorn/thermal/thermal-mgame.conf,thermal-engine-text,mi_thermald_aes,thermal-engine-text-v2,decoded,65.0,,,51.0,-14.0,mapped-artifact
xiaomi,unicorn,thermal-navigation.conf,devices/xiaomi/unicorn/thermal/thermal-navigation.conf,thermal-engine-text,mi_thermald_aes,thermal-engine-text-v2,decoded,65.0,,,51.0,-14.0,mapped-artifact
xiaomi,unicorn,thermal-nolimits.conf,devices/xiaomi/unicorn/thermal/thermal-nolimits.conf,thermal-engine-text,mi_thermald_aes,thermal-engine-text-v2,decoded,65.0,,,,,mapped-artifact
xiaomi,unicorn,thermal-normal.conf,devices/xiaomi/unicorn/thermal/thermal-normal.conf,thermal-engine-text,mi_thermald_aes,thermal-engine-text-v2,decoded,65.0,,,51.0,-14.0,mapped-artifact
xiaomi,unicorn,thermal-per-class0.conf,devices/xiaomi/unicorn/thermal/thermal-per-class0.conf,thermal-engine-text,mi_thermald_aes,thermal-engine-text-v2,decoded,65.0,,,51.0,-14.0,mapped-artifact
xiaomi,unicorn,thermal-per-navigation.conf,devices/xiaomi/unicorn/thermal/thermal-per-navigation.conf,thermal-engine-text,mi_thermald_aes,thermal-engine-text-v2,decoded,65.0,,,51.0,-14.0,mapped-artifact
xiaomi,unicorn,thermal-per-normal.conf,devices/xiaomi/unicorn/thermal/thermal-per-normal.conf,thermal-engine-text,mi_thermald_aes,thermal-engine-text-v2,decoded,65.0,,,51.0,-14.0,mapped-artifact
xiaomi,unicorn,thermal-per-video.conf,devices/xiaomi/unicorn/thermal/thermal-per-video.conf,thermal-engine-text,mi_thermald_aes,thermal-engine-text-v2,decoded,65.0,,,51.0,-14.0,mapped-artifact
xiaomi,unicorn,thermal-phone.conf,devices/xiaomi/unicorn/thermal/thermal-phone.conf,thermal-engine-text,mi_thermald_aes,thermal-engine-text-v2,decoded,65.0,,,47.0,-18.0,mapped-artifact
xiaomi,unicorn,thermal-region-map.conf,devices/xiaomi/unicorn/thermal/thermal-region-map.conf,text,mi_thermald_aes,,decoded,,,,,,mapped-artifact
xiaomi,unicorn,thermal-sptm.conf,devices/xiaomi/unicorn/thermal/thermal-sptm.conf,thermal-engine-text,mi_thermald_aes,thermal-engine-text-v2,decoded,65.0,,,51.0,-14.0,mapped-artifact
xiaomi,unicorn,thermal-tgame.conf,devices/xiaomi/unicorn/thermal/thermal-tgame.conf,thermal-engine-text,mi_thermald_aes,thermal-engine-text-v2,decoded,65.0,,,51.0,-14.0,mapped-artifact
xiaomi,unicorn,thermal-video.conf,devices/xiaomi/unicorn/thermal/thermal-video.conf,thermal-engine-text,mi_thermald_aes,thermal-engine-text-v2,decoded,65.0,,,51.0,-14.0,mapped-artifact
xiaomi,unicorn,thermal-videochat.conf,devices/xiaomi/unicorn/thermal/thermal-videochat.conf,thermal-engine-text,mi_thermald_aes,thermal-engine-text-v2,decoded,65.0,,,50.0,-15.0,mapped-artifact
xiaomi,unicorn,thermald-devices.conf,devices/xiaomi/unicorn/thermal/thermald-devices.conf,thermal-engine-text,plain,thermal-engine-text-v2,plain,,,,,,mapped-artifact
xiaomi,ursa,index.tsv,devices/xiaomi/ursa/thermal/index.tsv,text,plain,,plain,,,,,,mapped-artifact
xiaomi,ursa,thermal-engine-sdm845-arvr.conf,devices/xiaomi/ursa/thermal/thermal-engine-sdm845-arvr.conf,thermal-engine-text,mi_thermald_aes,thermal-engine-text-v2,decoded,60.0,,,,,mapped-artifact
xiaomi,ursa,thermal-engine-sdm845-camera.conf,devices/xiaomi/ursa/thermal/thermal-engine-sdm845-camera.conf,thermal-engine-text,mi_thermald_aes,thermal-engine-text-v2,decoded,60.0,,,,,mapped-artifact
xiaomi,ursa,thermal-engine-sdm845-class0.conf,devices/xiaomi/ursa/thermal/thermal-engine-sdm845-class0.conf,thermal-engine-text,mi_thermald_aes,thermal-engine-text-v2,decoded,60.0,,,,,mapped-artifact
xiaomi,ursa,thermal-engine-sdm845-extreme.conf,devices/xiaomi/ursa/thermal/thermal-engine-sdm845-extreme.conf,thermal-engine-text,mi_thermald_aes,thermal-engine-text-v2,decoded,100.0,,,,,mapped-artifact
xiaomi,ursa,thermal-engine-sdm845-high.conf,devices/xiaomi/ursa/thermal/thermal-engine-sdm845-high.conf,thermal-engine-text,mi_thermald_aes,thermal-engine-text-v2,decoded,61.0,,,,,mapped-artifact
xiaomi,ursa,thermal-engine-sdm845-map.conf,devices/xiaomi/ursa/thermal/thermal-engine-sdm845-map.conf,thermal-engine-text,mi_thermald_aes,thermal-engine-text-v2,decoded,,,,,,mapped-artifact
xiaomi,ursa,thermal-engine-sdm845-nolimits.conf,devices/xiaomi/ursa/thermal/thermal-engine-sdm845-nolimits.conf,thermal-engine-text,mi_thermald_aes,thermal-engine-text-v2,decoded,60.0,,,,,mapped-artifact
xiaomi,ursa,thermal-engine-sdm845-phone.conf,devices/xiaomi/ursa/thermal/thermal-engine-sdm845-phone.conf,thermal-engine-text,mi_thermald_aes,thermal-engine-text-v2,decoded,60.0,,,,,mapped-artifact
xiaomi,ursa,thermal-engine-sdm845-pubgmhd.conf,devices/xiaomi/ursa/thermal/thermal-engine-sdm845-pubgmhd.conf,thermal-engine-text,mi_thermald_aes,thermal-engine-text-v2,decoded,60.0,,,,,mapped-artifact
xiaomi,ursa,thermal-engine-sdm845-sgame.conf,devices/xiaomi/ursa/thermal/thermal-engine-sdm845-sgame.conf,thermal-engine-text,mi_thermald_aes,thermal-engine-text-v2,decoded,60.0,,,,,mapped-artifact
xiaomi,ursa,thermal-engine-sdm845.conf,devices/xiaomi/ursa/thermal/thermal-engine-sdm845.conf,thermal-engine-text,mi_thermald_aes,thermal-engine-text-v2,decoded,61.0,,,,,mapped-artifact
xiaomi,ursa,thermal-engine.conf,devices/xiaomi/ursa/thermal/thermal-engine.conf,text,plain,,plain,,,,,,mapped-artifact
xiaomi,vangogh,index.tsv,devices/xiaomi/vangogh/thermal/index.tsv,text,plain,,plain,,,,,,mapped-artifact
xiaomi,vangogh,thermal-4k.conf,devices/xiaomi/vangogh/thermal/thermal-4k.conf,thermal-engine-text,mi_thermald_aes,thermal-engine-text-v2,decoded,60.0,,,54.0,-6.0,mapped-artifact
xiaomi,vangogh,thermal-arvr.conf,devices/xiaomi/vangogh/thermal/thermal-arvr.conf,thermal-engine-text,mi_thermald_aes,thermal-engine-text-v2,decoded,60.0,,,16.0,-44.0,mapped-artifact
xiaomi,vangogh,thermal-camera.conf,devices/xiaomi/vangogh/thermal/thermal-camera.conf,thermal-engine-text,mi_thermald_aes,thermal-engine-text-v2,decoded,60.0,,,54.0,-6.0,mapped-artifact
xiaomi,vangogh,thermal-chg-only.conf,devices/xiaomi/vangogh/thermal/thermal-chg-only.conf,thermal-engine-text,plain,thermal-engine-text-v2,plain,60.0,,,54.0,-6.0,mapped-artifact
xiaomi,vangogh,thermal-engine.conf,devices/xiaomi/vangogh/thermal/thermal-engine.conf,text,plain,,plain,,,,,,mapped-artifact
xiaomi,vangogh,thermal-map.conf,devices/xiaomi/vangogh/thermal/thermal-map.conf,thermal-engine-text,mi_thermald_aes,thermal-engine-text-v2,decoded,,,,,,mapped-artifact
xiaomi,vangogh,thermal-nolimits.conf,devices/xiaomi/vangogh/thermal/thermal-nolimits.conf,thermal-engine-text,mi_thermald_aes,thermal-engine-text-v2,decoded,60.0,,,53.0,-7.0,mapped-artifact
xiaomi,vangogh,thermal-normal.conf,devices/xiaomi/vangogh/thermal/thermal-normal.conf,thermal-engine-text,mi_thermald_aes,thermal-engine-text-v2,decoded,63.0,,,54.0,-9.0,mapped-artifact
xiaomi,vangogh,thermal-per-camera.conf,devices/xiaomi/vangogh/thermal/thermal-per-camera.conf,thermal-engine-text,mi_thermald_aes,thermal-engine-text-v2,decoded,60.0,,,54.0,-6.0,mapped-artifact
xiaomi,vangogh,thermal-per-normal.conf,devices/xiaomi/vangogh/thermal/thermal-per-normal.conf,thermal-engine-text,mi_thermald_aes,thermal-engine-text-v2,decoded,63.0,,,54.0,-9.0,mapped-artifact
xiaomi,vangogh,thermal-phone.conf,devices/xiaomi/vangogh/thermal/thermal-phone.conf,thermal-engine-text,mi_thermald_aes,thermal-engine-text-v2,decoded,60.0,,,53.0,-7.0,mapped-artifact
xiaomi,vangogh,thermal-tgame.conf,devices/xiaomi/vangogh/thermal/thermal-tgame.conf,thermal-engine-text,mi_thermald_aes,thermal-engine-text-v2,decoded,63.0,,,54.0,-9.0,mapped-artifact
xiaomi,vangogh,thermald-devices.conf,devices/xiaomi/vangogh/thermal/thermald-devices.conf,thermal-engine-text,plain,thermal-engine-text-v2,plain,,,,,,mapped-artifact
xiaomi,vayu,index.tsv,devices/xiaomi/vayu/thermal/index.tsv,text,plain,,plain,,,,,,mapped-artifact
xiaomi,vayu,thermal-arvr.conf,devices/xiaomi/vayu/thermal/thermal-arvr.conf,thermal-engine-text,mi_thermald_aes,thermal-engine-text-v2,decoded,60.0,,,26.0,-34.0,mapped-artifact
xiaomi,vayu,thermal-camera.conf,devices/xiaomi/vayu/thermal/thermal-camera.conf,thermal-engine-text,mi_thermald_aes,thermal-engine-text-v2,decoded,58.0,,,,,mapped-artifact
xiaomi,vayu,thermal-chg-only.conf,devices/xiaomi/vayu/thermal/thermal-chg-only.conf,thermal-engine-text,plain,thermal-engine-text-v2,plain,60.0,,,,,mapped-artifact
xiaomi,vayu,thermal-engine.conf,devices/xiaomi/vayu/thermal/thermal-engine.conf,text,plain,,plain,,,,,,mapped-artifact
xiaomi,vayu,thermal-map.conf,devices/xiaomi/vayu/thermal/thermal-map.conf,thermal-engine-text,mi_thermald_aes,thermal-engine-text-v2,decoded,,,,,,mapped-artifact
xiaomi,vayu,thermal-nolimits.conf,devices/xiaomi/vayu/thermal/thermal-nolimits.conf,thermal-engine-text,mi_thermald_aes,thermal-engine-text-v2,decoded,60.0,,,,,mapped-artifact
xiaomi,vayu,thermal-normal.conf,devices/xiaomi/vayu/thermal/thermal-normal.conf,thermal-engine-text,mi_thermald_aes,thermal-engine-text-v2,decoded,53.0,,,50.0,-3.0,mapped-artifact
xiaomi,vayu,thermal-phone.conf,devices/xiaomi/vayu/thermal/thermal-phone.conf,thermal-engine-text,mi_thermald_aes,thermal-engine-text-v2,decoded,60.0,,,53.0,-7.0,mapped-artifact
xiaomi,vayu,thermal-tgame.conf,devices/xiaomi/vayu/thermal/thermal-tgame.conf,thermal-engine-text,mi_thermald_aes,thermal-engine-text-v2,decoded,53.0,,,52.0,-1.0,mapped-artifact
xiaomi,vayu,thermald-devices.conf,devices/xiaomi/vayu/thermal/thermald-devices.conf,thermal-engine-text,plain,thermal-engine-text-v2,plain,,,,,,mapped-artifact
xiaomi,venus,index.tsv,devices/xiaomi/venus/thermal/index.tsv,text,plain,,plain,,,,,,mapped-artifact
xiaomi,venus,thermal-4k.conf,devices/xiaomi/venus/thermal/thermal-4k.conf,thermal-engine-text,mi_thermald_aes,thermal-engine-text-v2,decoded,60.0,,,50.0,-10.0,mapped-artifact
xiaomi,venus,thermal-8k.conf,devices/xiaomi/venus/thermal/thermal-8k.conf,thermal-engine-text,mi_thermald_aes,thermal-engine-text-v2,decoded,60.0,,,50.0,-10.0,mapped-artifact
xiaomi,venus,thermal-camera.conf,devices/xiaomi/venus/thermal/thermal-camera.conf,thermal-engine-text,mi_thermald_aes,thermal-engine-text-v2,decoded,60.0,,,53.0,-7.0,mapped-artifact
xiaomi,venus,thermal-chg-only.conf,devices/xiaomi/venus/thermal/thermal-chg-only.conf,thermal-engine-text,plain,thermal-engine-text-v2,plain,51.0,,,,,mapped-artifact
xiaomi,venus,thermal-class0.conf,devices/xiaomi/venus/thermal/thermal-class0.conf,thermal-engine-text,mi_thermald_aes,thermal-engine-text-v2,decoded,54.0,,,53.0,-1.0,mapped-artifact
xiaomi,venus,thermal-engine.conf,devices/xiaomi/venus/thermal/thermal-engine.conf,text,plain,,plain,,,,,,mapped-artifact
xiaomi,venus,thermal-map.conf,devices/xiaomi/venus/thermal/thermal-map.conf,thermal-engine-text,mi_thermald_aes,thermal-engine-text-v2,decoded,,,,,,mapped-artifact
xiaomi,venus,thermal-mgame.conf,devices/xiaomi/venus/thermal/thermal-mgame.conf,thermal-engine-text,mi_thermald_aes,thermal-engine-text-v2,decoded,54.0,,,51.0,-3.0,mapped-artifact
xiaomi,venus,thermal-navigation.conf,devices/xiaomi/venus/thermal/thermal-navigation.conf,thermal-engine-text,mi_thermald_aes,thermal-engine-text-v2,decoded,54.0,,,53.0,-1.0,mapped-artifact
xiaomi,venus,thermal-nolimits.conf,devices/xiaomi/venus/thermal/thermal-nolimits.conf,thermal-engine-text,mi_thermald_aes,thermal-engine-text-v2,decoded,60.0,,,,,mapped-artifact
xiaomi,venus,thermal-normal.conf,devices/xiaomi/venus/thermal/thermal-normal.conf,thermal-engine-text,mi_thermald_aes,thermal-engine-text-v2,decoded,54.0,,,53.0,-1.0,mapped-artifact
xiaomi,venus,thermal-per-camera.conf,devices/xiaomi/venus/thermal/thermal-per-camera.conf,thermal-engine-text,mi_thermald_aes,thermal-engine-text-v2,decoded,60.0,,,53.0,-7.0,mapped-artifact
xiaomi,venus,thermal-per-class0.conf,devices/xiaomi/venus/thermal/thermal-per-class0.conf,thermal-engine-text,mi_thermald_aes,thermal-engine-text-v2,decoded,54.0,,,53.0,-1.0,mapped-artifact
xiaomi,venus,thermal-per-navigation.conf,devices/xiaomi/venus/thermal/thermal-per-navigation.conf,thermal-engine-text,mi_thermald_aes,thermal-engine-text-v2,decoded,54.0,,,53.0,-1.0,mapped-artifact
xiaomi,venus,thermal-per-normal.conf,devices/xiaomi/venus/thermal/thermal-per-normal.conf,thermal-engine-text,mi_thermald_aes,thermal-engine-text-v2,decoded,54.0,,,53.0,-1.0,mapped-artifact
xiaomi,venus,thermal-per-video.conf,devices/xiaomi/venus/thermal/thermal-per-video.conf,thermal-engine-text,mi_thermald_aes,thermal-engine-text-v2,decoded,54.0,,,53.0,-1.0,mapped-artifact
xiaomi,venus,thermal-phone.conf,devices/xiaomi/venus/thermal/thermal-phone.conf,thermal-engine-text,mi_thermald_aes,thermal-engine-text-v2,decoded,60.0,,,53.0,-7.0,mapped-artifact
xiaomi,venus,thermal-tgame.conf,devices/xiaomi/venus/thermal/thermal-tgame.conf,thermal-engine-text,mi_thermald_aes,thermal-engine-text-v2,decoded,54.0,,,51.0,-3.0,mapped-artifact
xiaomi,venus,thermal-video.conf,devices/xiaomi/venus/thermal/thermal-video.conf,thermal-engine-text,mi_thermald_aes,thermal-engine-text-v2,decoded,54.0,,,53.0,-1.0,mapped-artifact
xiaomi,venus,thermald-devices.conf,devices/xiaomi/venus/thermal/thermald-devices.conf,thermal-engine-text,plain,thermal-engine-text-v2,plain,,,,,,mapped-artifact
xiaomi,veux,index.tsv,devices/xiaomi/veux/thermal/index.tsv,text,plain,,plain,,,,,,mapped-artifact
xiaomi,veux,thermal-arvr.conf,devices/xiaomi/veux/thermal/thermal-arvr.conf,thermal-engine-text,mi_thermald_aes,thermal-engine-text-v2,decoded,57.0,,,,,mapped-artifact
xiaomi,veux,thermal-camera.conf,devices/xiaomi/veux/thermal/thermal-camera.conf,thermal-engine-text,mi_thermald_aes,thermal-engine-text-v2,decoded,56.0,,,55.0,-1.0,mapped-artifact
xiaomi,veux,thermal-class0.conf,devices/xiaomi/veux/thermal/thermal-class0.conf,thermal-engine-text,mi_thermald_aes,thermal-engine-text-v2,decoded,57.0,,,55.0,-2.0,mapped-artifact
xiaomi,veux,thermal-engine.conf,devices/xiaomi/veux/thermal/thermal-engine.conf,text,plain,,plain,,,,,,mapped-artifact
xiaomi,veux,thermal-extreme.conf,devices/xiaomi/veux/thermal/thermal-extreme.conf,thermal-engine-text,mi_thermald_aes,thermal-engine-text-v2,decoded,57.0,,,55.0,-2.0,mapped-artifact
xiaomi,veux,thermal-high.conf,devices/xiaomi/veux/thermal/thermal-high.conf,thermal-engine-text,mi_thermald_aes,thermal-engine-text-v2,decoded,57.0,,,55.0,-2.0,mapped-artifact
xiaomi,veux,thermal-map.conf,devices/xiaomi/veux/thermal/thermal-map.conf,thermal-engine-text,mi_thermald_aes,thermal-engine-text-v2,decoded,,,,,,mapped-artifact
xiaomi,veux,thermal-mgame.conf,devices/xiaomi/veux/thermal/thermal-mgame.conf,thermal-engine-text,mi_thermald_aes,thermal-engine-text-v2,decoded,57.0,,,51.0,-6.0,mapped-artifact
xiaomi,veux,thermal-nevigation.conf,devices/xiaomi/veux/thermal/thermal-nevigation.conf,thermal-engine-text,plain,thermal-engine-text-v2,plain,57.0,,,55.0,-2.0,mapped-artifact
xiaomi,veux,thermal-nolimits.conf,devices/xiaomi/veux/thermal/thermal-nolimits.conf,thermal-engine-text,mi_thermald_aes,thermal-engine-text-v2,decoded,57.0,,,55.0,-2.0,mapped-artifact
xiaomi,veux,thermal-normal.conf,devices/xiaomi/veux/thermal/thermal-normal.conf,thermal-engine-text,mi_thermald_aes,thermal-engine-text-v2,decoded,57.0,,,55.0,-2.0,mapped-artifact
xiaomi,veux,thermal-phone.conf,devices/xiaomi/veux/thermal/thermal-phone.conf,thermal-engine-text,mi_thermald_aes,thermal-engine-text-v2,decoded,57.0,,,55.0,-2.0,mapped-artifact
xiaomi,veux,thermal-tgame.conf,devices/xiaomi/veux/thermal/thermal-tgame.conf,thermal-engine-text,mi_thermald_aes,thermal-engine-text-v2,decoded,56.0,,,51.0,-5.0,mapped-artifact
xiaomi,veux,thermal-video.conf,devices/xiaomi/veux/thermal/thermal-video.conf,thermal-engine-text,mi_thermald_aes,thermal-engine-text-v2,decoded,57.0,,,55.0,-2.0,mapped-artifact
xiaomi,veux,thermal-youtube.conf,devices/xiaomi/veux/thermal/thermal-youtube.conf,thermal-engine-text,mi_thermald_aes,thermal-engine-text-v2,decoded,57.0,,,55.0,-2.0,mapped-artifact
xiaomi,veux,thermald-devices.conf,devices/xiaomi/veux/thermal/thermald-devices.conf,thermal-engine-text,plain,thermal-engine-text-v2,plain,,,,,,mapped-artifact
xiaomi,vida,index.tsv,devices/xiaomi/vida/thermal/index.tsv,text,plain,,plain,,,,,,mapped-artifact
xiaomi,vida,thermal-arvr.conf,devices/xiaomi/vida/thermal/thermal-arvr.conf,thermal-engine-text,mi_thermald_aes,thermal-engine-text-v2,decoded,60.0,,,,,mapped-artifact
xiaomi,vida,thermal-camera.conf,devices/xiaomi/vida/thermal/thermal-camera.conf,thermal-engine-text,mi_thermald_aes,thermal-engine-text-v2,decoded,50.0,,,54.0,4.0,mapped-artifact
xiaomi,vida,thermal-chg-only.conf,devices/xiaomi/vida/thermal/thermal-chg-only.conf,thermal-engine-text,mi_thermald_aes,thermal-engine-text-v2,decoded,53.0,,,,,mapped-artifact
xiaomi,vida,thermal-class0.conf,devices/xiaomi/vida/thermal/thermal-class0.conf,thermal-engine-text,mi_thermald_aes,thermal-engine-text-v2,decoded,60.0,,,53.0,-7.0,mapped-artifact
xiaomi,vida,thermal-map.conf,devices/xiaomi/vida/thermal/thermal-map.conf,thermal-engine-text,mi_thermald_aes,thermal-engine-text-v2,decoded,,,,,,mapped-artifact
xiaomi,vida,thermal-mgame.conf,devices/xiaomi/vida/thermal/thermal-mgame.conf,thermal-engine-text,mi_thermald_aes,thermal-engine-text-v2,decoded,55.0,,,54.0,-1.0,mapped-artifact
xiaomi,vida,thermal-navigation.conf,devices/xiaomi/vida/thermal/thermal-navigation.conf,thermal-engine-text,mi_thermald_aes,thermal-engine-text-v2,decoded,55.0,,,52.0,-3.0,mapped-artifact
xiaomi,vida,thermal-nolimits.conf,devices/xiaomi/vida/thermal/thermal-nolimits.conf,thermal-engine-text,mi_thermald_aes,thermal-engine-text-v2,decoded,68.0,,,,,mapped-artifact
xiaomi,vida,thermal-normal.conf,devices/xiaomi/vida/thermal/thermal-normal.conf,thermal-engine-text,mi_thermald_aes,thermal-engine-text-v2,decoded,60.0,,,53.0,-7.0,mapped-artifact
xiaomi,vida,thermal-phone.conf,devices/xiaomi/vida/thermal/thermal-phone.conf,thermal-engine-text,mi_thermald_aes,thermal-engine-text-v2,decoded,60.0,,,52.0,-8.0,mapped-artifact
xiaomi,vida,thermal-tgame.conf,devices/xiaomi/vida/thermal/thermal-tgame.conf,thermal-engine-text,mi_thermald_aes,thermal-engine-text-v2,decoded,55.0,,,54.0,-1.0,mapped-artifact
xiaomi,vida,thermal-video.conf,devices/xiaomi/vida/thermal/thermal-video.conf,thermal-engine-text,mi_thermald_aes,thermal-engine-text-v2,decoded,60.0,,,52.0,-8.0,mapped-artifact
xiaomi,vida,thermal-videochat.conf,devices/xiaomi/vida/thermal/thermal-videochat.conf,thermal-engine-text,mi_thermald_aes,thermal-engine-text-v2,decoded,50.0,,,53.0,3.0,mapped-artifact
xiaomi,vida,thermal-youtube.conf,devices/xiaomi/vida/thermal/thermal-youtube.conf,thermal-engine-text,mi_thermald_aes,thermal-engine-text-v2,decoded,60.0,,,52.0,-8.0,mapped-artifact
xiaomi,vida,thermald-devices.conf,devices/xiaomi/vida/thermal/thermald-devices.conf,thermal-engine-text,plain,thermal-engine-text-v2,plain,,,,,,mapped-artifact
xiaomi,vili,index.tsv,devices/xiaomi/vili/thermal/index.tsv,text,plain,,plain,,,,,,mapped-artifact
xiaomi,vili,thermal-camera.conf,devices/xiaomi/vili/thermal/thermal-camera.conf,thermal-engine-text,mi_thermald_aes,thermal-engine-text-v2,decoded,60.0,,,51.0,-9.0,mapped-artifact
xiaomi,vili,thermal-class0.conf,devices/xiaomi/vili/thermal/thermal-class0.conf,thermal-engine-text,mi_thermald_aes,thermal-engine-text-v2,decoded,60.0,,,51.0,-9.0,mapped-artifact
xiaomi,vili,thermal-engine.conf,devices/xiaomi/vili/thermal/thermal-engine.conf,text,plain,,plain,,,,,,mapped-artifact
xiaomi,vili,thermal-huanji.conf,devices/xiaomi/vili/thermal/thermal-huanji.conf,thermal-engine-text,mi_thermald_aes,thermal-engine-text-v2,decoded,52.0,,,51.0,-1.0,mapped-artifact
xiaomi,vili,thermal-india-camera.conf,devices/xiaomi/vili/thermal/thermal-india-camera.conf,thermal-engine-text,mi_thermald_aes,thermal-engine-text-v2,decoded,60.0,,,51.0,-9.0,mapped-artifact
xiaomi,vili,thermal-india-class0.conf,devices/xiaomi/vili/thermal/thermal-india-class0.conf,thermal-engine-text,mi_thermald_aes,thermal-engine-text-v2,decoded,60.0,,,51.0,-9.0,mapped-artifact
xiaomi,vili,thermal-india-huanji.conf,devices/xiaomi/vili/thermal/thermal-india-huanji.conf,thermal-engine-text,mi_thermald_aes,thermal-engine-text-v2,decoded,52.0,,,51.0,-1.0,mapped-artifact
xiaomi,vili,thermal-india-mgame.conf,devices/xiaomi/vili/thermal/thermal-india-mgame.conf,thermal-engine-text,mi_thermald_aes,thermal-engine-text-v2,decoded,60.0,,,51.0,-9.0,mapped-artifact
xiaomi,vili,thermal-india-navigation.conf,devices/xiaomi/vili/thermal/thermal-india-navigation.conf,thermal-engine-text,mi_thermald_aes,thermal-engine-text-v2,decoded,60.0,,,51.0,-9.0,mapped-artifact
xiaomi,vili,thermal-india-nolimits.conf,devices/xiaomi/vili/thermal/thermal-india-nolimits.conf,thermal-engine-text,mi_thermald_aes,thermal-engine-text-v2,decoded,52.0,,,,,mapped-artifact
xiaomi,vili,thermal-india-normal.conf,devices/xiaomi/vili/thermal/thermal-india-normal.conf,thermal-engine-text,mi_thermald_aes,thermal-engine-text-v2,decoded,60.0,,,51.0,-9.0,mapped-artifact
xiaomi,vili,thermal-india-phone.conf,devices/xiaomi/vili/thermal/thermal-india-phone.conf,thermal-engine-text,mi_thermald_aes,thermal-engine-text-v2,decoded,60.0,,,51.0,-9.0,mapped-artifact
xiaomi,vili,thermal-india-tgame.conf,devices/xiaomi/vili/thermal/thermal-india-tgame.conf,thermal-engine-text,mi_thermald_aes,thermal-engine-text-v2,decoded,60.0,,,51.0,-9.0,mapped-artifact
xiaomi,vili,thermal-india-video.conf,devices/xiaomi/vili/thermal/thermal-india-video.conf,thermal-engine-text,mi_thermald_aes,thermal-engine-text-v2,decoded,60.0,,,51.0,-9.0,mapped-artifact
xiaomi,vili,thermal-map-india.conf,devices/xiaomi/vili/thermal/thermal-map-india.conf,thermal-engine-text,mi_thermald_aes,thermal-engine-text-v2,decoded,,,,,,mapped-artifact
xiaomi,vili,thermal-map.conf,devices/xiaomi/vili/thermal/thermal-map.conf,thermal-engine-text,mi_thermald_aes,thermal-engine-text-v2,decoded,,,,,,mapped-artifact
xiaomi,vili,thermal-mgame.conf,devices/xiaomi/vili/thermal/thermal-mgame.conf,thermal-engine-text,mi_thermald_aes,thermal-engine-text-v2,decoded,60.0,,,51.0,-9.0,mapped-artifact
xiaomi,vili,thermal-navigation.conf,devices/xiaomi/vili/thermal/thermal-navigation.conf,thermal-engine-text,mi_thermald_aes,thermal-engine-text-v2,decoded,60.0,,,51.0,-9.0,mapped-artifact
xiaomi,vili,thermal-nolimits.conf,devices/xiaomi/vili/thermal/thermal-nolimits.conf,thermal-engine-text,mi_thermald_aes,thermal-engine-text-v2,decoded,52.0,,,,,mapped-artifact
xiaomi,vili,thermal-normal.conf,devices/xiaomi/vili/thermal/thermal-normal.conf,thermal-engine-text,mi_thermald_aes,thermal-engine-text-v2,decoded,60.0,,,51.0,-9.0,mapped-artifact
xiaomi,vili,thermal-phone.conf,devices/xiaomi/vili/thermal/thermal-phone.conf,thermal-engine-text,mi_thermald_aes,thermal-engine-text-v2,decoded,60.0,,,51.0,-9.0,mapped-artifact
xiaomi,vili,thermal-region-map.conf,devices/xiaomi/vili/thermal/thermal-region-map.conf,text,mi_thermald_aes,,decoded,,,,,,mapped-artifact
xiaomi,vili,thermal-tgame.conf,devices/xiaomi/vili/thermal/thermal-tgame.conf,thermal-engine-text,mi_thermald_aes,thermal-engine-text-v2,decoded,60.0,,,51.0,-9.0,mapped-artifact
xiaomi,vili,thermal-video.conf,devices/xiaomi/vili/thermal/thermal-video.conf,thermal-engine-text,mi_thermald_aes,thermal-engine-text-v2,decoded,60.0,,,51.0,-9.0,mapped-artifact
xiaomi,vili,thermald-devices.conf,devices/xiaomi/vili/thermal/thermald-devices.conf,thermal-engine-text,plain,thermal-engine-text-v2,plain,,,,,,mapped-artifact
xiaomi,vince,index.tsv,devices/xiaomi/vince/thermal/index.tsv,text,plain,,plain,,,,,,mapped-artifact
xiaomi,vince,thermal-engine.conf,devices/xiaomi/vince/thermal/thermal-engine.conf,thermal-engine-text,plain,thermal-engine-text-v2,plain,70.0,,,,,mapped-artifact
xiaomi,violet,index.tsv,devices/xiaomi/violet/thermal/index.tsv,text,plain,,plain,,,,,,mapped-artifact
xiaomi,violet,thermal-engine-camera.conf,devices/xiaomi/violet/thermal/thermal-engine-camera.conf,thermal-engine-text,plain,thermal-engine-text-v2,plain,54.0,,,55.0,1.0,mapped-artifact
xiaomi,violet,thermal-engine-map.conf,devices/xiaomi/violet/thermal/thermal-engine-map.conf,thermal-engine-text,plain,thermal-engine-text-v2,plain,,,,,,mapped-artifact
xiaomi,violet,thermal-engine-normal.conf,devices/xiaomi/violet/thermal/thermal-engine-normal.conf,thermal-engine-text,plain,thermal-engine-text-v2,plain,54.0,,,55.0,1.0,mapped-artifact
xiaomi,violet,thermal-engine-studio.conf,devices/xiaomi/violet/thermal/thermal-engine-studio.conf,thermal-engine-text,plain,thermal-engine-text-v2,plain,54.0,,,55.0,1.0,mapped-artifact
xiaomi,violet,thermal-engine-tgame.conf,devices/xiaomi/violet/thermal/thermal-engine-tgame.conf,thermal-engine-text,plain,thermal-engine-text-v2,plain,54.0,,,55.0,1.0,mapped-artifact
xiaomi,violet,thermal-engine.conf,devices/xiaomi/violet/thermal/thermal-engine.conf,text,plain,,plain,,,,,,mapped-artifact
xiaomi,virgo,index.tsv,devices/xiaomi/virgo/thermal/index.tsv,text,plain,,plain,,,,,,mapped-artifact
xiaomi,virgo,thermal-engine-8974.conf,devices/xiaomi/virgo/thermal/thermal-engine-8974.conf,thermal-engine-text,plain,thermal-engine-text-v2,plain,550.0,,,,,mapped-artifact
xiaomi,virgo,thermal-engine-perf.conf,devices/xiaomi/virgo/thermal/thermal-engine-perf.conf,thermal-engine-text,plain,thermal-engine-text-v2,plain,115.0,,,,,mapped-artifact
xiaomi,virgo,thermald-8974.conf,devices/xiaomi/virgo/thermal/thermald-8974.conf,thermal-engine-text,plain,thermal-engine-text-v2,plain,120.0,,,,,mapped-artifact
xiaomi,viva,index.tsv,devices/xiaomi/viva/thermal/index.tsv,text,plain,,plain,,,,,,mapped-artifact
xiaomi,viva,thermal-arvr.conf,devices/xiaomi/viva/thermal/thermal-arvr.conf,thermal-engine-text,mi_thermald_aes,thermal-engine-text-v2,decoded,60.0,,,,,mapped-artifact
xiaomi,viva,thermal-camera.conf,devices/xiaomi/viva/thermal/thermal-camera.conf,thermal-engine-text,mi_thermald_aes,thermal-engine-text-v2,decoded,50.0,,,54.0,4.0,mapped-artifact
xiaomi,viva,thermal-chg-only.conf,devices/xiaomi/viva/thermal/thermal-chg-only.conf,thermal-engine-text,mi_thermald_aes,thermal-engine-text-v2,decoded,53.0,,,,,mapped-artifact
xiaomi,viva,thermal-class0.conf,devices/xiaomi/viva/thermal/thermal-class0.conf,thermal-engine-text,mi_thermald_aes,thermal-engine-text-v2,decoded,60.0,,,53.0,-7.0,mapped-artifact
xiaomi,viva,thermal-map.conf,devices/xiaomi/viva/thermal/thermal-map.conf,thermal-engine-text,mi_thermald_aes,thermal-engine-text-v2,decoded,,,,,,mapped-artifact
xiaomi,viva,thermal-mgame.conf,devices/xiaomi/viva/thermal/thermal-mgame.conf,thermal-engine-text,mi_thermald_aes,thermal-engine-text-v2,decoded,55.0,,,54.0,-1.0,mapped-artifact
xiaomi,viva,thermal-navigation.conf,devices/xiaomi/viva/thermal/thermal-navigation.conf,thermal-engine-text,mi_thermald_aes,thermal-engine-text-v2,decoded,55.0,,,52.0,-3.0,mapped-artifact
xiaomi,viva,thermal-nolimits.conf,devices/xiaomi/viva/thermal/thermal-nolimits.conf,thermal-engine-text,mi_thermald_aes,thermal-engine-text-v2,decoded,68.0,,,,,mapped-artifact
xiaomi,viva,thermal-normal.conf,devices/xiaomi/viva/thermal/thermal-normal.conf,thermal-engine-text,mi_thermald_aes,thermal-engine-text-v2,decoded,60.0,,,53.0,-7.0,mapped-artifact
xiaomi,viva,thermal-phone.conf,devices/xiaomi/viva/thermal/thermal-phone.conf,thermal-engine-text,mi_thermald_aes,thermal-engine-text-v2,decoded,60.0,,,52.0,-8.0,mapped-artifact
xiaomi,viva,thermal-tgame.conf,devices/xiaomi/viva/thermal/thermal-tgame.conf,thermal-engine-text,mi_thermald_aes,thermal-engine-text-v2,decoded,55.0,,,54.0,-1.0,mapped-artifact
xiaomi,viva,thermal-video.conf,devices/xiaomi/viva/thermal/thermal-video.conf,thermal-engine-text,mi_thermald_aes,thermal-engine-text-v2,decoded,60.0,,,52.0,-8.0,mapped-artifact
xiaomi,viva,thermal-videochat.conf,devices/xiaomi/viva/thermal/thermal-videochat.conf,thermal-engine-text,mi_thermald_aes,thermal-engine-text-v2,decoded,50.0,,,53.0,3.0,mapped-artifact
xiaomi,viva,thermal-youtube.conf,devices/xiaomi/viva/thermal/thermal-youtube.conf,thermal-engine-text,mi_thermald_aes,thermal-engine-text-v2,decoded,60.0,,,52.0,-8.0,mapped-artifact
xiaomi,viva,thermald-devices.conf,devices/xiaomi/viva/thermal/thermald-devices.conf,thermal-engine-text,plain,thermal-engine-text-v2,plain,,,,,,mapped-artifact
xiaomi,watchmen,index.tsv,devices/xiaomi/watchmen/thermal/index.tsv,text,plain,,plain,,,,,,mapped-artifact
xiaomi,watchmen,thermal_info_config.json,devices/xiaomi/watchmen/thermal/thermal_info_config.json,json,plain,thermal-hal-json-v2,plain,,,,,,mapped-artifact
xiaomi,whyred,index.tsv,devices/xiaomi/whyred/thermal/index.tsv,text,plain,,plain,,,,,,mapped-artifact
xiaomi,whyred,thermal-engine-map.conf,devices/xiaomi/whyred/thermal/thermal-engine-map.conf,thermal-engine-text,plain,thermal-engine-text-v2,plain,,,,,,mapped-artifact
xiaomi,whyred,thermal-engine-normal.conf,devices/xiaomi/whyred/thermal/thermal-engine-normal.conf,thermal-engine-text,plain,thermal-engine-text-v2,plain,95.0,,,58.0,-37.0,mapped-artifact
xiaomi,whyred,thermal-engine.conf,devices/xiaomi/whyred/thermal/thermal-engine.conf,text,plain,,plain,,,,,,mapped-artifact
xiaomi,willow,index.tsv,devices/xiaomi/willow/thermal/index.tsv,text,plain,,plain,,,,,,mapped-artifact
xiaomi,willow,thermal-engine-camera.conf,devices/xiaomi/willow/thermal/thermal-engine-camera.conf,thermal-engine-text,plain,thermal-engine-text-v2,plain,61.0,,,53.0,-8.0,mapped-artifact
xiaomi,willow,thermal-engine-map.conf,devices/xiaomi/willow/thermal/thermal-engine-map.conf,thermal-engine-text,plain,thermal-engine-text-v2,plain,,,,,,mapped-artifact
xiaomi,willow,thermal-engine-normal.conf,devices/xiaomi/willow/thermal/thermal-engine-normal.conf,thermal-engine-text,plain,thermal-engine-text-v2,plain,61.0,,,53.0,-8.0,mapped-artifact
xiaomi,willow,thermal-engine.conf,devices/xiaomi/willow/thermal/thermal-engine.conf,text,plain,,plain,,,,,,mapped-artifact
xiaomi,xig04,index.tsv,devices/xiaomi/xig04/thermal/index.tsv,text,plain,,plain,,,,,,mapped-artifact
xiaomi,xig04,thermal-4k.conf,devices/xiaomi/xig04/thermal/thermal-4k.conf,thermal-engine-text,mi_thermald_aes,thermal-engine-text-v2,decoded,65.0,,,53.0,-12.0,mapped-artifact
xiaomi,xig04,thermal-arvr.conf,devices/xiaomi/xig04/thermal/thermal-arvr.conf,thermal-engine-text,mi_thermald_aes,thermal-engine-text-v2,decoded,65.0,,,53.0,-12.0,mapped-artifact
xiaomi,xig04,thermal-camera.conf,devices/xiaomi/xig04/thermal/thermal-camera.conf,thermal-engine-text,mi_thermald_aes,thermal-engine-text-v2,decoded,65.0,,,53.0,-12.0,mapped-artifact
xiaomi,xig04,thermal-cclassvideo.conf,devices/xiaomi/xig04/thermal/thermal-cclassvideo.conf,thermal-engine-text,mi_thermald_aes,thermal-engine-text-v2,decoded,65.0,,,52.0,-13.0,mapped-artifact
xiaomi,xig04,thermal-cgame.conf,devices/xiaomi/xig04/thermal/thermal-cgame.conf,thermal-engine-text,mi_thermald_aes,thermal-engine-text-v2,decoded,65.0,,,51.0,-14.0,mapped-artifact
xiaomi,xig04,thermal-chg-only.conf,devices/xiaomi/xig04/thermal/thermal-chg-only.conf,thermal-engine-text,plain,thermal-engine-text-v2,plain,48.0,,,51.0,3.0,mapped-artifact
xiaomi,xig04,thermal-class0.conf,devices/xiaomi/xig04/thermal/thermal-class0.conf,thermal-engine-text,mi_thermald_aes,thermal-engine-text-v2,decoded,65.0,,,52.0,-13.0,mapped-artifact
xiaomi,xig04,thermal-demo.conf,devices/xiaomi/xig04/thermal/thermal-demo.conf,thermal-engine-text,mi_thermald_aes,thermal-engine-text-v2,decoded,65.0,,,52.0,-13.0,mapped-artifact
xiaomi,xig04,thermal-hp-mgame.conf,devices/xiaomi/xig04/thermal/thermal-hp-mgame.conf,thermal-engine-text,mi_thermald_aes,thermal-engine-text-v2,decoded,65.0,,,52.0,-13.0,mapped-artifact
xiaomi,xig04,thermal-hp-normal.conf,devices/xiaomi/xig04/thermal/thermal-hp-normal.conf,thermal-engine-text,mi_thermald_aes,thermal-engine-text-v2,decoded,65.0,,,52.0,-13.0,mapped-artifact
xiaomi,xig04,thermal-huanji.conf,devices/xiaomi/xig04/thermal/thermal-huanji.conf,thermal-engine-text,mi_thermald_aes,thermal-engine-text-v2,decoded,65.0,,,52.0,-13.0,mapped-artifact
xiaomi,xig04,thermal-map.conf,devices/xiaomi/xig04/thermal/thermal-map.conf,thermal-engine-text,mi_thermald_aes,thermal-engine-text-v2,decoded,,,,,,mapped-artifact
xiaomi,xig04,thermal-mgame.conf,devices/xiaomi/xig04/thermal/thermal-mgame.conf,thermal-engine-text,mi_thermald_aes,thermal-engine-text-v2,decoded,65.0,,,52.0,-13.0,mapped-artifact
xiaomi,xig04,thermal-navigation.conf,devices/xiaomi/xig04/thermal/thermal-navigation.conf,thermal-engine-text,mi_thermald_aes,thermal-engine-text-v2,decoded,65.0,,,52.0,-13.0,mapped-artifact
xiaomi,xig04,thermal-nolimits.conf,devices/xiaomi/xig04/thermal/thermal-nolimits.conf,thermal-engine-text,mi_thermald_aes,thermal-engine-text-v2,decoded,65.0,,,52.0,-13.0,mapped-artifact
xiaomi,xig04,thermal-normal.conf,devices/xiaomi/xig04/thermal/thermal-normal.conf,thermal-engine-text,mi_thermald_aes,thermal-engine-text-v2,decoded,65.0,,,52.0,-13.0,mapped-artifact
xiaomi,xig04,thermal-per-camera.conf,devices/xiaomi/xig04/thermal/thermal-per-camera.conf,thermal-engine-text,mi_thermald_aes,thermal-engine-text-v2,decoded,65.0,,,53.0,-12.0,mapped-artifact
xiaomi,xig04,thermal-per-class0.conf,devices/xiaomi/xig04/thermal/thermal-per-class0.conf,thermal-engine-text,mi_thermald_aes,thermal-engine-text-v2,decoded,65.0,,,52.0,-13.0,mapped-artifact
xiaomi,xig04,thermal-per-huanji.conf,devices/xiaomi/xig04/thermal/thermal-per-huanji.conf,thermal-engine-text,mi_thermald_aes,thermal-engine-text-v2,decoded,65.0,,,52.0,-13.0,mapped-artifact
xiaomi,xig04,thermal-per-navigation.conf,devices/xiaomi/xig04/thermal/thermal-per-navigation.conf,thermal-engine-text,mi_thermald_aes,thermal-engine-text-v2,decoded,65.0,,,52.0,-13.0,mapped-artifact
xiaomi,xig04,thermal-per-normal.conf,devices/xiaomi/xig04/thermal/thermal-per-normal.conf,thermal-engine-text,mi_thermald_aes,thermal-engine-text-v2,decoded,65.0,,,52.0,-13.0,mapped-artifact
xiaomi,xig04,thermal-per-video.conf,devices/xiaomi/xig04/thermal/thermal-per-video.conf,thermal-engine-text,mi_thermald_aes,thermal-engine-text-v2,decoded,65.0,,,52.0,-13.0,mapped-artifact
xiaomi,xig04,thermal-phone.conf,devices/xiaomi/xig04/thermal/thermal-phone.conf,thermal-engine-text,mi_thermald_aes,thermal-engine-text-v2,decoded,65.0,,,52.0,-13.0,mapped-artifact
xiaomi,xig04,thermal-region-map.conf,devices/xiaomi/xig04/thermal/thermal-region-map.conf,text,plain,,plain,,,,,,mapped-artifact
xiaomi,xig04,thermal-tgame.conf,devices/xiaomi/xig04/thermal/thermal-tgame.conf,thermal-engine-text,mi_thermald_aes,thermal-engine-text-v2,decoded,65.0,,,52.0,-13.0,mapped-artifact
xiaomi,xig04,thermal-video.conf,devices/xiaomi/xig04/thermal/thermal-video.conf,thermal-engine-text,mi_thermald_aes,thermal-engine-text-v2,decoded,65.0,,,52.0,-13.0,mapped-artifact
xiaomi,xig04,thermal-videochat.conf,devices/xiaomi/xig04/thermal/thermal-videochat.conf,thermal-engine-text,mi_thermald_aes,thermal-engine-text-v2,decoded,65.0,,,52.0,-13.0,mapped-artifact
xiaomi,xig04,thermal-yuanshen.conf,devices/xiaomi/xig04/thermal/thermal-yuanshen.conf,thermal-engine-text,mi_thermald_aes,thermal-engine-text-v2,decoded,65.0,,,52.0,-13.0,mapped-artifact
xiaomi,xig04,thermalbreakboostconfig.xml,devices/xiaomi/xig04/thermal/thermalbreakboostconfig.xml,xml,plain,,plain,,,,,,mapped-artifact
xiaomi,xig04,thermald-devices.conf,devices/xiaomi/xig04/thermal/thermald-devices.conf,thermal-engine-text,plain,thermal-engine-text-v2,plain,,,,,,mapped-artifact
xiaomi,ysl,index.tsv,devices/xiaomi/ysl/thermal/index.tsv,text,plain,,plain,,,,,,mapped-artifact
xiaomi,ysl,thermal-engine-map.conf,devices/xiaomi/ysl/thermal/thermal-engine-map.conf,thermal-engine-text,plain,thermal-engine-text-v2,plain,,,,,,mapped-artifact
xiaomi,ysl,thermal-engine-normal.conf,devices/xiaomi/ysl/thermal/thermal-engine-normal.conf,text,plain,,plain,,,,,,mapped-artifact
xiaomi,ysl,thermal-engine-video.conf,devices/xiaomi/ysl/thermal/thermal-engine-video.conf,text,plain,,plain,,,,,,mapped-artifact
xiaomi,ysl,thermal-engine.conf,devices/xiaomi/ysl/thermal/thermal-engine.conf,text,plain,,plain,,,,,,mapped-artifact
xiaomi,yudi,index.tsv,devices/xiaomi/yudi/thermal/index.tsv,text,plain,,plain,,,,,,mapped-artifact
xiaomi,yudi,thermal-4k.conf,devices/xiaomi/yudi/thermal/thermal-4k.conf,thermal-engine-text,mi_thermald_aes,thermal-engine-text-v2,decoded,65.0,,,51.0,-14.0,mapped-artifact
xiaomi,yudi,thermal-camera.conf,devices/xiaomi/yudi/thermal/thermal-camera.conf,thermal-engine-text,mi_thermald_aes,thermal-engine-text-v2,decoded,65.0,,,51.0,-14.0,mapped-artifact
xiaomi,yudi,thermal-chg-only.conf,devices/xiaomi/yudi/thermal/thermal-chg-only.conf,thermal-engine-text,plain,thermal-engine-text-v2,plain,48.0,,,51.0,3.0,mapped-artifact
xiaomi,yudi,thermal-class0.conf,devices/xiaomi/yudi/thermal/thermal-class0.conf,thermal-engine-text,mi_thermald_aes,thermal-engine-text-v2,decoded,65.0,,,51.0,-14.0,mapped-artifact
xiaomi,yudi,thermal-engine.conf,devices/xiaomi/yudi/thermal/thermal-engine.conf,text,plain,,plain,,,,,,mapped-artifact
xiaomi,yudi,thermal-huanji.conf,devices/xiaomi/yudi/thermal/thermal-huanji.conf,thermal-engine-text,mi_thermald_aes,thermal-engine-text-v2,decoded,65.0,,,48.5,-16.5,mapped-artifact
xiaomi,yudi,thermal-map.conf,devices/xiaomi/yudi/thermal/thermal-map.conf,thermal-engine-text,mi_thermald_aes,thermal-engine-text-v2,decoded,,,,,,mapped-artifact
xiaomi,yudi,thermal-mgame.conf,devices/xiaomi/yudi/thermal/thermal-mgame.conf,thermal-engine-text,mi_thermald_aes,thermal-engine-text-v2,decoded,65.0,,,51.0,-14.0,mapped-artifact
xiaomi,yudi,thermal-nolimits.conf,devices/xiaomi/yudi/thermal/thermal-nolimits.conf,thermal-engine-text,mi_thermald_aes,thermal-engine-text-v2,decoded,53.0,,,,,mapped-artifact
xiaomi,yudi,thermal-normal.conf,devices/xiaomi/yudi/thermal/thermal-normal.conf,thermal-engine-text,mi_thermald_aes,thermal-engine-text-v2,decoded,65.0,,,51.0,-14.0,mapped-artifact
xiaomi,yudi,thermal-tgame.conf,devices/xiaomi/yudi/thermal/thermal-tgame.conf,thermal-engine-text,mi_thermald_aes,thermal-engine-text-v2,decoded,65.0,,,51.0,-14.0,mapped-artifact
xiaomi,yudi,thermal-video.conf,devices/xiaomi/yudi/thermal/thermal-video.conf,thermal-engine-text,mi_thermald_aes,thermal-engine-text-v2,decoded,65.0,,,51.0,-14.0,mapped-artifact
xiaomi,yudi,thermal-videochat.conf,devices/xiaomi/yudi/thermal/thermal-videochat.conf,thermal-engine-text,mi_thermald_aes,thermal-engine-text-v2,decoded,65.0,,,51.0,-14.0,mapped-artifact
xiaomi,yudi,thermal-yuanshen.conf,devices/xiaomi/yudi/thermal/thermal-yuanshen.conf,thermal-engine-text,mi_thermald_aes,thermal-engine-text-v2,decoded,65.0,,,51.0,-14.0,mapped-artifact
xiaomi,yudi,thermald-devices.conf,devices/xiaomi/yudi/thermal/thermald-devices.conf,thermal-engine-text,plain,thermal-engine-text-v2,plain,,,,,,mapped-artifact
xiaomi,zeus,index.tsv,devices/xiaomi/zeus/thermal/index.tsv,text,plain,,plain,,,,,,mapped-artifact
xiaomi,zeus,thermal-4k.conf,devices/xiaomi/zeus/thermal/thermal-4k.conf,thermal-engine-text,mi_thermald_aes,thermal-engine-text-v2,decoded,60.0,,,,,mapped-artifact
xiaomi,zeus,thermal-abnormal.conf,devices/xiaomi/zeus/thermal/thermal-abnormal.conf,thermal-engine-text,mi_thermald_aes,thermal-engine-text-v2,decoded,60.0,,,51.0,-9.0,mapped-artifact
xiaomi,zeus,thermal-arvr.conf,devices/xiaomi/zeus/thermal/thermal-arvr.conf,thermal-engine-text,mi_thermald_aes,thermal-engine-text-v2,decoded,65.0,,,51.0,-14.0,mapped-artifact
xiaomi,zeus,thermal-camera.conf,devices/xiaomi/zeus/thermal/thermal-camera.conf,thermal-engine-text,mi_thermald_aes,thermal-engine-text-v2,decoded,65.0,,,,,mapped-artifact
xiaomi,zeus,thermal-chg-only.conf,devices/xiaomi/zeus/thermal/thermal-chg-only.conf,thermal-engine-text,plain,thermal-engine-text-v2,plain,48.0,,,51.0,3.0,mapped-artifact
xiaomi,zeus,thermal-class0.conf,devices/xiaomi/zeus/thermal/thermal-class0.conf,thermal-engine-text,mi_thermald_aes,thermal-engine-text-v2,decoded,65.0,,,51.0,-14.0,mapped-artifact
xiaomi,zeus,thermal-engine.conf,devices/xiaomi/zeus/thermal/thermal-engine.conf,text,plain,,plain,,,,,,mapped-artifact
xiaomi,zeus,thermal-hp-mgame.conf,devices/xiaomi/zeus/thermal/thermal-hp-mgame.conf,thermal-engine-text,mi_thermald_aes,thermal-engine-text-v2,decoded,65.0,,,51.0,-14.0,mapped-artifact
xiaomi,zeus,thermal-hp-normal.conf,devices/xiaomi/zeus/thermal/thermal-hp-normal.conf,thermal-engine-text,mi_thermald_aes,thermal-engine-text-v2,decoded,65.0,,,51.0,-14.0,mapped-artifact
xiaomi,zeus,thermal-huanji.conf,devices/xiaomi/zeus/thermal/thermal-huanji.conf,thermal-engine-text,mi_thermald_aes,thermal-engine-text-v2,decoded,65.0,,,50.0,-15.0,mapped-artifact
xiaomi,zeus,thermal-iec-4k.conf,devices/xiaomi/zeus/thermal/thermal-iec-4k.conf,thermal-engine-text,mi_thermald_aes,thermal-engine-text-v2,decoded,60.0,,,,,mapped-artifact
xiaomi,zeus,thermal-iec-camera.conf,devices/xiaomi/zeus/thermal/thermal-iec-camera.conf,thermal-engine-text,mi_thermald_aes,thermal-engine-text-v2,decoded,60.0,,,,,mapped-artifact
xiaomi,zeus,thermal-iec-chg-only.conf,devices/xiaomi/zeus/thermal/thermal-iec-chg-only.conf,thermal-engine-text,mi_thermald_aes,thermal-engine-text-v2,decoded,48.0,,,51.0,3.0,mapped-artifact
xiaomi,zeus,thermal-iec-class0.conf,devices/xiaomi/zeus/thermal/thermal-iec-class0.conf,thermal-engine-text,mi_thermald_aes,thermal-engine-text-v2,decoded,65.0,,,51.0,-14.0,mapped-artifact
xiaomi,zeus,thermal-iec-huanji.conf,devices/xiaomi/zeus/thermal/thermal-iec-huanji.conf,thermal-engine-text,mi_thermald_aes,thermal-engine-text-v2,decoded,65.0,,,50.0,-15.0,mapped-artifact
xiaomi,zeus,thermal-iec-mgame.conf,devices/xiaomi/zeus/thermal/thermal-iec-mgame.conf,thermal-engine-text,mi_thermald_aes,thermal-engine-text-v2,decoded,60.0,,,51.0,-9.0,mapped-artifact
xiaomi,zeus,thermal-iec-navigation.conf,devices/xiaomi/zeus/thermal/thermal-iec-navigation.conf,thermal-engine-text,mi_thermald_aes,thermal-engine-text-v2,decoded,65.0,,,51.0,-14.0,mapped-artifact
xiaomi,zeus,thermal-iec-nolimits.conf,devices/xiaomi/zeus/thermal/thermal-iec-nolimits.conf,thermal-engine-text,mi_thermald_aes,thermal-engine-text-v2,decoded,65.0,,,,,mapped-artifact
xiaomi,zeus,thermal-iec-normal.conf,devices/xiaomi/zeus/thermal/thermal-iec-normal.conf,thermal-engine-text,mi_thermald_aes,thermal-engine-text-v2,decoded,65.0,,,51.0,-14.0,mapped-artifact
xiaomi,zeus,thermal-iec-per-class0.conf,devices/xiaomi/zeus/thermal/thermal-iec-per-class0.conf,thermal-engine-text,mi_thermald_aes,thermal-engine-text-v2,decoded,65.0,,,51.0,-14.0,mapped-artifact
xiaomi,zeus,thermal-iec-per-navigation.conf,devices/xiaomi/zeus/thermal/thermal-iec-per-navigation.conf,thermal-engine-text,mi_thermald_aes,thermal-engine-text-v2,decoded,65.0,,,51.0,-14.0,mapped-artifact
xiaomi,zeus,thermal-iec-per-normal.conf,devices/xiaomi/zeus/thermal/thermal-iec-per-normal.conf,thermal-engine-text,mi_thermald_aes,thermal-engine-text-v2,decoded,65.0,,,51.0,-14.0,mapped-artifact
xiaomi,zeus,thermal-iec-per-video.conf,devices/xiaomi/zeus/thermal/thermal-iec-per-video.conf,thermal-engine-text,mi_thermald_aes,thermal-engine-text-v2,decoded,65.0,,,51.0,-14.0,mapped-artifact
xiaomi,zeus,thermal-iec-phone.conf,devices/xiaomi/zeus/thermal/thermal-iec-phone.conf,thermal-engine-text,mi_thermald_aes,thermal-engine-text-v2,decoded,65.0,,,47.0,-18.0,mapped-artifact
xiaomi,zeus,thermal-iec-tgame.conf,devices/xiaomi/zeus/thermal/thermal-iec-tgame.conf,thermal-engine-text,mi_thermald_aes,thermal-engine-text-v2,decoded,60.0,,,51.0,-9.0,mapped-artifact
xiaomi,zeus,thermal-iec-video.conf,devices/xiaomi/zeus/thermal/thermal-iec-video.conf,thermal-engine-text,mi_thermald_aes,thermal-engine-text-v2,decoded,65.0,,,51.0,-14.0,mapped-artifact
xiaomi,zeus,thermal-iec-videochat.conf,devices/xiaomi/zeus/thermal/thermal-iec-videochat.conf,thermal-engine-text,mi_thermald_aes,thermal-engine-text-v2,decoded,65.0,,,50.0,-15.0,mapped-artifact
xiaomi,zeus,thermal-l18a-map.conf,devices/xiaomi/zeus/thermal/thermal-l18a-map.conf,thermal-engine-text,mi_thermald_aes,thermal-engine-text-v2,decoded,,,,,,mapped-artifact
xiaomi,zeus,thermal-map.conf,devices/xiaomi/zeus/thermal/thermal-map.conf,thermal-engine-text,mi_thermald_aes,thermal-engine-text-v2,decoded,,,,,,mapped-artifact
xiaomi,zeus,thermal-mgame.conf,devices/xiaomi/zeus/thermal/thermal-mgame.conf,thermal-engine-text,mi_thermald_aes,thermal-engine-text-v2,decoded,65.0,,,51.0,-14.0,mapped-artifact
xiaomi,zeus,thermal-navigation.conf,devices/xiaomi/zeus/thermal/thermal-navigation.conf,thermal-engine-text,mi_thermald_aes,thermal-engine-text-v2,decoded,65.0,,,51.0,-14.0,mapped-artifact
xiaomi,zeus,thermal-nolimits.conf,devices/xiaomi/zeus/thermal/thermal-nolimits.conf,thermal-engine-text,mi_thermald_aes,thermal-engine-text-v2,decoded,65.0,,,,,mapped-artifact
xiaomi,zeus,thermal-normal.conf,devices/xiaomi/zeus/thermal/thermal-normal.conf,thermal-engine-text,mi_thermald_aes,thermal-engine-text-v2,decoded,65.0,,,51.0,-14.0,mapped-artifact
xiaomi,zeus,thermal-per-class0.conf,devices/xiaomi/zeus/thermal/thermal-per-class0.conf,thermal-engine-text,mi_thermald_aes,thermal-engine-text-v2,decoded,65.0,,,51.0,-14.0,mapped-artifact
xiaomi,zeus,thermal-per-navigation.conf,devices/xiaomi/zeus/thermal/thermal-per-navigation.conf,thermal-engine-text,mi_thermald_aes,thermal-engine-text-v2,decoded,65.0,,,51.0,-14.0,mapped-artifact
xiaomi,zeus,thermal-per-normal.conf,devices/xiaomi/zeus/thermal/thermal-per-normal.conf,thermal-engine-text,mi_thermald_aes,thermal-engine-text-v2,decoded,65.0,,,51.0,-14.0,mapped-artifact
xiaomi,zeus,thermal-per-video.conf,devices/xiaomi/zeus/thermal/thermal-per-video.conf,thermal-engine-text,mi_thermald_aes,thermal-engine-text-v2,decoded,65.0,,,51.0,-14.0,mapped-artifact
xiaomi,zeus,thermal-phone.conf,devices/xiaomi/zeus/thermal/thermal-phone.conf,thermal-engine-text,mi_thermald_aes,thermal-engine-text-v2,decoded,65.0,,,47.0,-18.0,mapped-artifact
xiaomi,zeus,thermal-region-map.conf,devices/xiaomi/zeus/thermal/thermal-region-map.conf,text,mi_thermald_aes,,decoded,,,,,,mapped-artifact
xiaomi,zeus,thermal-tgame.conf,devices/xiaomi/zeus/thermal/thermal-tgame.conf,thermal-engine-text,mi_thermald_aes,thermal-engine-text-v2,decoded,65.0,,,51.0,-14.0,mapped-artifact
xiaomi,zeus,thermal-video.conf,devices/xiaomi/zeus/thermal/thermal-video.conf,thermal-engine-text,mi_thermald_aes,thermal-engine-text-v2,decoded,65.0,,,51.0,-14.0,mapped-artifact
xiaomi,zeus,thermal-videochat.conf,devices/xiaomi/zeus/thermal/thermal-videochat.conf,thermal-engine-text,mi_thermald_aes,thermal-engine-text-v2,decoded,65.0,,,50.0,-15.0,mapped-artifact
xiaomi,zeus,thermald-devices.conf,devices/xiaomi/zeus/thermal/thermald-devices.conf,thermal-engine-text,plain,thermal-engine-text-v2,plain,,,,,,mapped-artifact
xiaomi,zijin,index.tsv,devices/xiaomi/zijin/thermal/index.tsv,text,plain,,plain,,,,,,mapped-artifact
xiaomi,zijin,thermal-4k.conf,devices/xiaomi/zijin/thermal/thermal-4k.conf,thermal-engine-text,mi_thermald_aes,thermal-engine-text-v2,decoded,63.0,,,,,mapped-artifact
xiaomi,zijin,thermal-8k.conf,devices/xiaomi/zijin/thermal/thermal-8k.conf,thermal-engine-text,mi_thermald_aes,thermal-engine-text-v2,decoded,63.0,,,,,mapped-artifact
xiaomi,zijin,thermal-camera.conf,devices/xiaomi/zijin/thermal/thermal-camera.conf,thermal-engine-text,mi_thermald_aes,thermal-engine-text-v2,decoded,63.0,,,,,mapped-artifact
xiaomi,zijin,thermal-chg-only.conf,devices/xiaomi/zijin/thermal/thermal-chg-only.conf,thermal-engine-text,plain,thermal-engine-text-v2,plain,60.0,,,51.0,-9.0,mapped-artifact
xiaomi,zijin,thermal-class0.conf,devices/xiaomi/zijin/thermal/thermal-class0.conf,thermal-engine-text,mi_thermald_aes,thermal-engine-text-v2,decoded,63.0,,,51.0,-12.0,mapped-artifact
xiaomi,zijin,thermal-engine.conf,devices/xiaomi/zijin/thermal/thermal-engine.conf,text,plain,,plain,,,,,,mapped-artifact
xiaomi,zijin,thermal-huanji.conf,devices/xiaomi/zijin/thermal/thermal-huanji.conf,thermal-engine-text,mi_thermald_aes,thermal-engine-text-v2,decoded,63.0,,,48.0,-15.0,mapped-artifact
xiaomi,zijin,thermal-map.conf,devices/xiaomi/zijin/thermal/thermal-map.conf,thermal-engine-text,mi_thermald_aes,thermal-engine-text-v2,decoded,,,,,,mapped-artifact
xiaomi,zijin,thermal-mgame.conf,devices/xiaomi/zijin/thermal/thermal-mgame.conf,thermal-engine-text,mi_thermald_aes,thermal-engine-text-v2,decoded,51.0,,,51.0,0.0,mapped-artifact
xiaomi,zijin,thermal-navigation.conf,devices/xiaomi/zijin/thermal/thermal-navigation.conf,thermal-engine-text,mi_thermald_aes,thermal-engine-text-v2,decoded,63.0,,,51.0,-12.0,mapped-artifact
xiaomi,zijin,thermal-nolimits.conf,devices/xiaomi/zijin/thermal/thermal-nolimits.conf,thermal-engine-text,mi_thermald_aes,thermal-engine-text-v2,decoded,53.0,,,,,mapped-artifact
xiaomi,zijin,thermal-normal.conf,devices/xiaomi/zijin/thermal/thermal-normal.conf,thermal-engine-text,mi_thermald_aes,thermal-engine-text-v2,decoded,63.0,,,51.0,-12.0,mapped-artifact
xiaomi,zijin,thermal-phone.conf,devices/xiaomi/zijin/thermal/thermal-phone.conf,thermal-engine-text,mi_thermald_aes,thermal-engine-text-v2,decoded,63.0,,,48.0,-15.0,mapped-artifact
xiaomi,zijin,thermal-tgame.conf,devices/xiaomi/zijin/thermal/thermal-tgame.conf,thermal-engine-text,mi_thermald_aes,thermal-engine-text-v2,decoded,51.0,,,51.0,0.0,mapped-artifact
xiaomi,zijin,thermal-video.conf,devices/xiaomi/zijin/thermal/thermal-video.conf,thermal-engine-text,mi_thermald_aes,thermal-engine-text-v2,decoded,63.0,,,51.0,-12.0,mapped-artifact
xiaomi,zijin,thermal-videochat.conf,devices/xiaomi/zijin/thermal/thermal-videochat.conf,thermal-engine-text,mi_thermald_aes,thermal-engine-text-v2,decoded,63.0,,,53.0,-10.0,mapped-artifact
xiaomi,zijin,thermal-youtube.conf,devices/xiaomi/zijin/thermal/thermal-youtube.conf,thermal-engine-text,mi_thermald_aes,thermal-engine-text-v2,decoded,63.0,,,51.0,-12.0,mapped-artifact
xiaomi,zijin,thermald-devices.conf,devices/xiaomi/zijin/thermal/thermald-devices.conf,thermal-engine-text,plain,thermal-engine-text-v2,plain,,,,,,mapped-artifact
xiaomi,ziyi,index.tsv,devices/xiaomi/ziyi/thermal/index.tsv,text,plain,,plain,,,,,,mapped-artifact
xiaomi,ziyi,thermal-4k.conf,devices/xiaomi/ziyi/thermal/thermal-4k.conf,thermal-engine-text,mi_thermald_aes,thermal-engine-text-v2,decoded,63.0,,,,,mapped-artifact
xiaomi,ziyi,thermal-camera.conf,devices/xiaomi/ziyi/thermal/thermal-camera.conf,thermal-engine-text,mi_thermald_aes,thermal-engine-text-v2,decoded,63.0,,,,,mapped-artifact
xiaomi,ziyi,thermal-chg-only.conf,devices/xiaomi/ziyi/thermal/thermal-chg-only.conf,thermal-engine-text,plain,thermal-engine-text-v2,plain,48.0,,,51.0,3.0,mapped-artifact
xiaomi,ziyi,thermal-class0.conf,devices/xiaomi/ziyi/thermal/thermal-class0.conf,thermal-engine-text,mi_thermald_aes,thermal-engine-text-v2,decoded,60.0,,,51.0,-9.0,mapped-artifact
xiaomi,ziyi,thermal-dolbyvision.conf,devices/xiaomi/ziyi/thermal/thermal-dolbyvision.conf,thermal-engine-text,mi_thermald_aes,thermal-engine-text-v2,decoded,60.0,,,51.0,-9.0,mapped-artifact
xiaomi,ziyi,thermal-engine.conf,devices/xiaomi/ziyi/thermal/thermal-engine.conf,text,plain,,plain,,,,,,mapped-artifact
xiaomi,ziyi,thermal-hp-mgame.conf,devices/xiaomi/ziyi/thermal/thermal-hp-mgame.conf,thermal-engine-text,mi_thermald_aes,thermal-engine-text-v2,decoded,63.0,,,51.0,-12.0,mapped-artifact
xiaomi,ziyi,thermal-hp-normal.conf,devices/xiaomi/ziyi/thermal/thermal-hp-normal.conf,thermal-engine-text,mi_thermald_aes,thermal-engine-text-v2,decoded,60.0,,,51.0,-9.0,mapped-artifact
xiaomi,ziyi,thermal-huanji.conf,devices/xiaomi/ziyi/thermal/thermal-huanji.conf,thermal-engine-text,mi_thermald_aes,thermal-engine-text-v2,decoded,60.0,,,48.0,-12.0,mapped-artifact
xiaomi,ziyi,thermal-l18a-map.conf,devices/xiaomi/ziyi/thermal/thermal-l18a-map.conf,thermal-engine-text,mi_thermald_aes,thermal-engine-text-v2,decoded,,,,,,mapped-artifact
xiaomi,ziyi,thermal-map.conf,devices/xiaomi/ziyi/thermal/thermal-map.conf,thermal-engine-text,mi_thermald_aes,thermal-engine-text-v2,decoded,,,,,,mapped-artifact
xiaomi,ziyi,thermal-mgame.conf,devices/xiaomi/ziyi/thermal/thermal-mgame.conf,thermal-engine-text,mi_thermald_aes,thermal-engine-text-v2,decoded,63.0,,,51.0,-12.0,mapped-artifact
xiaomi,ziyi,thermal-navigation.conf,devices/xiaomi/ziyi/thermal/thermal-navigation.conf,thermal-engine-text,mi_thermald_aes,thermal-engine-text-v2,decoded,60.0,,,51.0,-9.0,mapped-artifact
xiaomi,ziyi,thermal-nolimits.conf,devices/xiaomi/ziyi/thermal/thermal-nolimits.conf,thermal-engine-text,mi_thermald_aes,thermal-engine-text-v2,decoded,53.0,,,,,mapped-artifact
xiaomi,ziyi,thermal-normal.conf,devices/xiaomi/ziyi/thermal/thermal-normal.conf,thermal-engine-text,mi_thermald_aes,thermal-engine-text-v2,decoded,60.0,,,51.0,-9.0,mapped-artifact
xiaomi,ziyi,thermal-phone.conf,devices/xiaomi/ziyi/thermal/thermal-phone.conf,thermal-engine-text,mi_thermald_aes,thermal-engine-text-v2,decoded,60.0,,,48.0,-12.0,mapped-artifact
xiaomi,ziyi,thermal-region-map.conf,devices/xiaomi/ziyi/thermal/thermal-region-map.conf,text,mi_thermald_aes,,decoded,,,,,,mapped-artifact
xiaomi,ziyi,thermal-tgame.conf,devices/xiaomi/ziyi/thermal/thermal-tgame.conf,thermal-engine-text,mi_thermald_aes,thermal-engine-text-v2,decoded,63.0,,,51.0,-12.0,mapped-artifact
xiaomi,ziyi,thermal-video.conf,devices/xiaomi/ziyi/thermal/thermal-video.conf,thermal-engine-text,mi_thermald_aes,thermal-engine-text-v2,decoded,60.0,,,51.0,-9.0,mapped-artifact
xiaomi,ziyi,thermal-videochat.conf,devices/xiaomi/ziyi/thermal/thermal-videochat.conf,thermal-engine-text,mi_thermald_aes,thermal-engine-text-v2,decoded,60.0,,,50.0,-10.0,mapped-artifact
xiaomi,ziyi,thermald-devices.conf,devices/xiaomi/ziyi/thermal/thermald-devices.conf,thermal-engine-text,plain,thermal-engine-text-v2,plain,,,,,,mapped-artifact
xiaomi,zizhan,index.tsv,devices/xiaomi/zizhan/thermal/index.tsv,text,plain,,plain,,,,,,mapped-artifact
xiaomi,zizhan,thermal-4k-unfold.conf,devices/xiaomi/zizhan/thermal/thermal-4k-unfold.conf,thermal-engine-text,mi_thermald_aes,thermal-engine-text-v2,decoded,67.0,,,51.0,-16.0,mapped-artifact
xiaomi,zizhan,thermal-4k.conf,devices/xiaomi/zizhan/thermal/thermal-4k.conf,thermal-engine-text,mi_thermald_aes,thermal-engine-text-v2,decoded,67.0,,,51.0,-16.0,mapped-artifact
xiaomi,zizhan,thermal-abnormal-unfold.conf,devices/xiaomi/zizhan/thermal/thermal-abnormal-unfold.conf,thermal-engine-text,mi_thermald_aes,thermal-engine-text-v2,decoded,72.0,,,51.0,-21.0,mapped-artifact
xiaomi,zizhan,thermal-abnormal.conf,devices/xiaomi/zizhan/thermal/thermal-abnormal.conf,thermal-engine-text,mi_thermald_aes,thermal-engine-text-v2,decoded,72.0,,,51.0,-21.0,mapped-artifact
xiaomi,zizhan,thermal-arvr-unfold.conf,devices/xiaomi/zizhan/thermal/thermal-arvr-unfold.conf,thermal-engine-text,mi_thermald_aes,thermal-engine-text-v2,decoded,52.0,,,,,mapped-artifact
xiaomi,zizhan,thermal-arvr.conf,devices/xiaomi/zizhan/thermal/thermal-arvr.conf,thermal-engine-text,mi_thermald_aes,thermal-engine-text-v2,decoded,52.0,,,,,mapped-artifact
xiaomi,zizhan,thermal-camera-unfold.conf,devices/xiaomi/zizhan/thermal/thermal-camera-unfold.conf,thermal-engine-text,mi_thermald_aes,thermal-engine-text-v2,decoded,67.0,,,51.0,-16.0,mapped-artifact
xiaomi,zizhan,thermal-camera.conf,devices/xiaomi/zizhan/thermal/thermal-camera.conf,thermal-engine-text,mi_thermald_aes,thermal-engine-text-v2,decoded,67.0,,,51.0,-16.0,mapped-artifact
xiaomi,zizhan,thermal-chg-only.conf,devices/xiaomi/zizhan/thermal/thermal-chg-only.conf,thermal-engine-text,plain,thermal-engine-text-v2,plain,45.0,,,51.0,6.0,mapped-artifact
xiaomi,zizhan,thermal-class0-unfold.conf,devices/xiaomi/zizhan/thermal/thermal-class0-unfold.conf,thermal-engine-text,mi_thermald_aes,thermal-engine-text-v2,decoded,72.0,,,51.0,-21.0,mapped-artifact
xiaomi,zizhan,thermal-class0.conf,devices/xiaomi/zizhan/thermal/thermal-class0.conf,thermal-engine-text,mi_thermald_aes,thermal-engine-text-v2,decoded,72.0,,,51.0,-21.0,mapped-artifact
xiaomi,zizhan,thermal-dolbyvision-unfold.conf,devices/xiaomi/zizhan/thermal/thermal-dolbyvision-unfold.conf,thermal-engine-text,mi_thermald_aes,thermal-engine-text-v2,decoded,72.0,,,51.0,-21.0,mapped-artifact
xiaomi,zizhan,thermal-dolbyvision.conf,devices/xiaomi/zizhan/thermal/thermal-dolbyvision.conf,thermal-engine-text,mi_thermald_aes,thermal-engine-text-v2,decoded,72.0,,,51.0,-21.0,mapped-artifact
xiaomi,zizhan,thermal-engine.conf,devices/xiaomi/zizhan/thermal/thermal-engine.conf,text,plain,,plain,,,,,,mapped-artifact
xiaomi,zizhan,thermal-hp-mgame-unfold.conf,devices/xiaomi/zizhan/thermal/thermal-hp-mgame-unfold.conf,thermal-engine-text,mi_thermald_aes,thermal-engine-text-v2,decoded,67.0,,,50.0,-17.0,mapped-artifact
xiaomi,zizhan,thermal-hp-mgame.conf,devices/xiaomi/zizhan/thermal/thermal-hp-mgame.conf,thermal-engine-text,mi_thermald_aes,thermal-engine-text-v2,decoded,67.0,,,50.0,-17.0,mapped-artifact
xiaomi,zizhan,thermal-hp-normal-unfold.conf,devices/xiaomi/zizhan/thermal/thermal-hp-normal-unfold.conf,thermal-engine-text,mi_thermald_aes,thermal-engine-text-v2,decoded,67.0,,,51.0,-16.0,mapped-artifact
xiaomi,zizhan,thermal-hp-normal.conf,devices/xiaomi/zizhan/thermal/thermal-hp-normal.conf,thermal-engine-text,mi_thermald_aes,thermal-engine-text-v2,decoded,67.0,,,51.0,-16.0,mapped-artifact
xiaomi,zizhan,thermal-huanji-unfold.conf,devices/xiaomi/zizhan/thermal/thermal-huanji-unfold.conf,thermal-engine-text,mi_thermald_aes,thermal-engine-text-v2,decoded,67.0,,,49.0,-18.0,mapped-artifact
xiaomi,zizhan,thermal-huanji.conf,devices/xiaomi/zizhan/thermal/thermal-huanji.conf,thermal-engine-text,mi_thermald_aes,thermal-engine-text-v2,decoded,67.0,,,49.0,-18.0,mapped-artifact
xiaomi,zizhan,thermal-l18a-map.conf,devices/xiaomi/zizhan/thermal/thermal-l18a-map.conf,thermal-engine-text,mi_thermald_aes,thermal-engine-text-v2,decoded,,,,,,mapped-artifact
xiaomi,zizhan,thermal-l18a-normal-unfold.conf,devices/xiaomi/zizhan/thermal/thermal-l18a-normal-unfold.conf,thermal-engine-text,mi_thermald_aes,thermal-engine-text-v2,decoded,72.0,,,51.0,-21.0,mapped-artifact
xiaomi,zizhan,thermal-l18a-normal.conf,devices/xiaomi/zizhan/thermal/thermal-l18a-normal.conf,thermal-engine-text,mi_thermald_aes,thermal-engine-text-v2,decoded,72.0,,,51.0,-21.0,mapped-artifact
xiaomi,zizhan,thermal-l18a-per-normal-unfold.conf,devices/xiaomi/zizhan/thermal/thermal-l18a-per-normal-unfold.conf,thermal-engine-text,mi_thermald_aes,thermal-engine-text-v2,decoded,72.0,,,51.0,-21.0,mapped-artifact
xiaomi,zizhan,thermal-l18a-per-normal.conf,devices/xiaomi/zizhan/thermal/thermal-l18a-per-normal.conf,thermal-engine-text,mi_thermald_aes,thermal-engine-text-v2,decoded,72.0,,,51.0,-21.0,mapped-artifact
xiaomi,zizhan,thermal-map.conf,devices/xiaomi/zizhan/thermal/thermal-map.conf,thermal-engine-text,mi_thermald_aes,thermal-engine-text-v2,decoded,,,,,,mapped-artifact
xiaomi,zizhan,thermal-mgame-unfold.conf,devices/xiaomi/zizhan/thermal/thermal-mgame-unfold.conf,thermal-engine-text,mi_thermald_aes,thermal-engine-text-v2,decoded,67.0,,,50.0,-17.0,mapped-artifact
xiaomi,zizhan,thermal-mgame.conf,devices/xiaomi/zizhan/thermal/thermal-mgame.conf,thermal-engine-text,mi_thermald_aes,thermal-engine-text-v2,decoded,67.0,,,50.0,-17.0,mapped-artifact
xiaomi,zizhan,thermal-navigation-unfold.conf,devices/xiaomi/zizhan/thermal/thermal-navigation-unfold.conf,thermal-engine-text,mi_thermald_aes,thermal-engine-text-v2,decoded,72.0,,,51.0,-21.0,mapped-artifact
xiaomi,zizhan,thermal-navigation.conf,devices/xiaomi/zizhan/thermal/thermal-navigation.conf,thermal-engine-text,mi_thermald_aes,thermal-engine-text-v2,decoded,72.0,,,51.0,-21.0,mapped-artifact
xiaomi,zizhan,thermal-nolimits-unfold.conf,devices/xiaomi/zizhan/thermal/thermal-nolimits-unfold.conf,thermal-engine-text,mi_thermald_aes,thermal-engine-text-v2,decoded,52.0,,,,,mapped-artifact
xiaomi,zizhan,thermal-nolimits.conf,devices/xiaomi/zizhan/thermal/thermal-nolimits.conf,thermal-engine-text,mi_thermald_aes,thermal-engine-text-v2,decoded,52.0,,,,,mapped-artifact
xiaomi,zizhan,thermal-normal-unfold.conf,devices/xiaomi/zizhan/thermal/thermal-normal-unfold.conf,thermal-engine-text,mi_thermald_aes,thermal-engine-text-v2,decoded,72.0,,,51.0,-21.0,mapped-artifact
xiaomi,zizhan,thermal-normal.conf,devices/xiaomi/zizhan/thermal/thermal-normal.conf,thermal-engine-text,mi_thermald_aes,thermal-engine-text-v2,decoded,72.0,,,51.0,-21.0,mapped-artifact
xiaomi,zizhan,thermal-per-abnormal-unfold.conf,devices/xiaomi/zizhan/thermal/thermal-per-abnormal-unfold.conf,thermal-engine-text,mi_thermald_aes,thermal-engine-text-v2,decoded,72.0,,,51.0,-21.0,mapped-artifact
xiaomi,zizhan,thermal-per-abnormal.conf,devices/xiaomi/zizhan/thermal/thermal-per-abnormal.conf,thermal-engine-text,mi_thermald_aes,thermal-engine-text-v2,decoded,72.0,,,51.0,-21.0,mapped-artifact
xiaomi,zizhan,thermal-per-class0-unfold.conf,devices/xiaomi/zizhan/thermal/thermal-per-class0-unfold.conf,thermal-engine-text,mi_thermald_aes,thermal-engine-text-v2,decoded,72.0,,,51.0,-21.0,mapped-artifact
xiaomi,zizhan,thermal-per-class0.conf,devices/xiaomi/zizhan/thermal/thermal-per-class0.conf,thermal-engine-text,mi_thermald_aes,thermal-engine-text-v2,decoded,72.0,,,51.0,-21.0,mapped-artifact
xiaomi,zizhan,thermal-per-navigation-unfold.conf,devices/xiaomi/zizhan/thermal/thermal-per-navigation-unfold.conf,thermal-engine-text,mi_thermald_aes,thermal-engine-text-v2,decoded,72.0,,,51.0,-21.0,mapped-artifact
xiaomi,zizhan,thermal-per-navigation.conf,devices/xiaomi/zizhan/thermal/thermal-per-navigation.conf,thermal-engine-text,mi_thermald_aes,thermal-engine-text-v2,decoded,72.0,,,51.0,-21.0,mapped-artifact
xiaomi,zizhan,thermal-per-normal-unfold.conf,devices/xiaomi/zizhan/thermal/thermal-per-normal-unfold.conf,thermal-engine-text,mi_thermald_aes,thermal-engine-text-v2,decoded,72.0,,,51.0,-21.0,mapped-artifact
xiaomi,zizhan,thermal-per-normal.conf,devices/xiaomi/zizhan/thermal/thermal-per-normal.conf,thermal-engine-text,mi_thermald_aes,thermal-engine-text-v2,decoded,72.0,,,51.0,-21.0,mapped-artifact
xiaomi,zizhan,thermal-per-video-unfold.conf,devices/xiaomi/zizhan/thermal/thermal-per-video-unfold.conf,thermal-engine-text,mi_thermald_aes,thermal-engine-text-v2,decoded,72.0,,,51.0,-21.0,mapped-artifact
xiaomi,zizhan,thermal-per-video.conf,devices/xiaomi/zizhan/thermal/thermal-per-video.conf,thermal-engine-text,mi_thermald_aes,thermal-engine-text-v2,decoded,72.0,,,51.0,-21.0,mapped-artifact
xiaomi,zizhan,thermal-per-youtube-unfold.conf,devices/xiaomi/zizhan/thermal/thermal-per-youtube-unfold.conf,thermal-engine-text,mi_thermald_aes,thermal-engine-text-v2,decoded,72.0,,,51.0,-21.0,mapped-artifact
xiaomi,zizhan,thermal-per-youtube.conf,devices/xiaomi/zizhan/thermal/thermal-per-youtube.conf,thermal-engine-text,mi_thermald_aes,thermal-engine-text-v2,decoded,72.0,,,51.0,-21.0,mapped-artifact
xiaomi,zizhan,thermal-phone-unfold.conf,devices/xiaomi/zizhan/thermal/thermal-phone-unfold.conf,thermal-engine-text,mi_thermald_aes,thermal-engine-text-v2,decoded,67.0,,,51.0,-16.0,mapped-artifact
xiaomi,zizhan,thermal-phone.conf,devices/xiaomi/zizhan/thermal/thermal-phone.conf,thermal-engine-text,mi_thermald_aes,thermal-engine-text-v2,decoded,67.0,,,51.0,-16.0,mapped-artifact
xiaomi,zizhan,thermal-region-map.conf,devices/xiaomi/zizhan/thermal/thermal-region-map.conf,text,mi_thermald_aes,,decoded,,,,,,mapped-artifact
xiaomi,zizhan,thermal-tgame-unfold.conf,devices/xiaomi/zizhan/thermal/thermal-tgame-unfold.conf,thermal-engine-text,mi_thermald_aes,thermal-engine-text-v2,decoded,67.0,,,,,mapped-artifact
xiaomi,zizhan,thermal-tgame.conf,devices/xiaomi/zizhan/thermal/thermal-tgame.conf,thermal-engine-text,mi_thermald_aes,thermal-engine-text-v2,decoded,67.0,,,,,mapped-artifact
xiaomi,zizhan,thermal-video-unfold.conf,devices/xiaomi/zizhan/thermal/thermal-video-unfold.conf,thermal-engine-text,mi_thermald_aes,thermal-engine-text-v2,decoded,72.0,,,51.0,-21.0,mapped-artifact
xiaomi,zizhan,thermal-video.conf,devices/xiaomi/zizhan/thermal/thermal-video.conf,thermal-engine-text,mi_thermald_aes,thermal-engine-text-v2,decoded,72.0,,,51.0,-21.0,mapped-artifact
xiaomi,zizhan,thermal-videochat-unfold.conf,devices/xiaomi/zizhan/thermal/thermal-videochat-unfold.conf,thermal-engine-text,mi_thermald_aes,thermal-engine-text-v2,decoded,67.0,,,51.0,-16.0,mapped-artifact
xiaomi,zizhan,thermal-videochat.conf,devices/xiaomi/zizhan/thermal/thermal-videochat.conf,thermal-engine-text,mi_thermald_aes,thermal-engine-text-v2,decoded,67.0,,,51.0,-16.0,mapped-artifact
xiaomi,zizhan,thermal-youtube-unfold.conf,devices/xiaomi/zizhan/thermal/thermal-youtube-unfold.conf,thermal-engine-text,mi_thermald_aes,thermal-engine-text-v2,decoded,72.0,,,51.0,-21.0,mapped-artifact
xiaomi,zizhan,thermal-youtube.conf,devices/xiaomi/zizhan/thermal/thermal-youtube.conf,thermal-engine-text,mi_thermald_aes,thermal-engine-text-v2,decoded,72.0,,,51.0,-21.0,mapped-artifact
xiaomi,zizhan,thermald-devices.conf,devices/xiaomi/zizhan/thermal/thermald-devices.conf,thermal-engine-text,plain,thermal-engine-text-v2,plain,,,,,,mapped-artifact
